2026-07-21T10:44:40.043751+02:00 HOST-REDACTED-A steam[2542]: CLIENT: Marking frame 64494 complete with status k_EStreamFrameResultDroppedReset
2026-07-21T10:44:40.043751+02:00 HOST-REDACTED-A steam[2542]: CLIENT: Marking frame 64495 complete with status k_EStreamFrameResultDroppedReset
2026-07-21T10:44:40.043751+02:00 HOST-REDACTED-A steam[2542]: CLIENT: Marking frame 64496 complete with status k_EStreamFrameResultDroppedReset
2026-07-21T10:44:40.043751+02:00 HOST-REDACTED-A steam[2542]: CLIENT: Marking frame 64497 complete with status k_EStreamFrameResultDroppedReset
2026-07-21T10:44:40.043751+02:00 HOST-REDACTED-A steam[2542]: CLIENT: Marking frame 64498 complete with status k_EStreamFrameResultDroppedReset
2026-07-21T10:44:40.043751+02:00 HOST-REDACTED-A steam[2542]: CLIENT: Marking frame 64499 complete with status k_EStreamFrameResultDroppedReset
2026-07-21T10:44:40.043751+02:00 HOST-REDACTED-A steam[2542]: CLIENT: Marking frame 64500 complete with status k_EStreamFrameResultDroppedReset
2026-07-21T10:44:40.043751+02:00 HOST-REDACTED-A steam[2542]: CLIENT: Marking frame 64501 complete with status k_EStreamFrameResultDroppedReset
2026-07-21T10:44:40.043751+02:00 HOST-REDACTED-A steam[2542]: CLIENT: Marking frame 64502 complete with status k_EStreamFrameResultDroppedReset
2026-07-21T10:44:40.043751+02:00 HOST-REDACTED-A steam[2542]: CLIENT: Marking frame 64503 complete with status k_EStreamFrameResultDroppedReset
2026-07-21T10:44:40.043751+02:00 HOST-REDACTED-A steam[2542]: CLIENT: Marking frame 64504 complete with status k_EStreamFrameResultDroppedReset
2026-07-21T10:44:40.043751+02:00 HOST-REDACTED-A steam[2542]: CLIENT: Marking frame 64506 complete with status k_EStreamFrameResultDroppedReset
2026-07-21T10:44:40.043751+02:00 HOST-REDACTED-A steam[2542]: CLIENT: Marking frame 64507 complete with status k_EStreamFrameResultDroppedReset
2026-07-21T10:44:40.043751+02:00 HOST-REDACTED-A steam[2542]: CLIENT: Marking frame 64508 complete with status k_EStreamFrameResultDroppedReset
2026-07-21T10:44:40.043751+02:00 HOST-REDACTED-A steam[2542]: CLIENT: Marking frame 64509 complete with status k_EStreamFrameResultDroppedReset
2026-07-21T10:44:40.043751+02:00 HOST-REDACTED-A steam[2542]: CLIENT: Marking frame 64510 complete with status k_EStreamFrameResultDroppedReset
2026-07-21T10:44:40.043751+02:00 HOST-REDACTED-A steam[2542]: CLIENT: Marking frame 64511 complete with status k_EStreamFrameResultDroppedReset
2026-07-21T10:44:40.043751+02:00 HOST-REDACTED-A steam[2542]: CLIENT: Marking frame 64512 complete with status k_EStreamFrameResultDroppedReset
2026-07-21T10:44:40.043751+02:00 HOST-REDACTED-A steam[2542]: CLIENT: Marking frame 64513 complete with status k_EStreamFrameResultDroppedReset
2026-07-21T10:44:40.043751+02:00 HOST-REDACTED-A steam[2542]: CLIENT: Marking frame 64514 complete with status k_EStreamFrameResultDroppedReset
2026-07-21T10:44:40.043751+02:00 HOST-REDACTED-A steam[2542]: CLIENT: Marking frame 64515 complete with status k_EStreamFrameResultDroppedReset
2026-07-21T10:44:40.043751+02:00 HOST-REDACTED-A steam[2542]: CLIENT: Marking frame 64516 complete with status k_EStreamFrameResultDroppedReset
2026-07-21T10:44:40.043937+02:00 HOST-REDACTED-A steam[2542]: CLIENT: Marking frame 64518 complete with status k_EStreamFrameResultDroppedReset
2026-07-21T10:44:40.043937+02:00 HOST-REDACTED-A steam[2542]: CLIENT: Marking frame 64519 complete with status k_EStreamFrameResultDroppedReset
2026-07-21T10:44:40.043937+02:00 HOST-REDACTED-A steam[2542]: CLIENT: Marking frame 64520 complete with status k_EStreamFrameResultDroppedReset
2026-07-21T10:44:40.043937+02:00 HOST-REDACTED-A steam[2542]: CLIENT: Marking frame 64521 complete with status k_EStreamFrameResultDroppedReset
2026-07-21T10:44:40.043937+02:00 HOST-REDACTED-A steam[2542]: CLIENT: Marking frame 64522 complete with status k_EStreamFrameResultDroppedReset
2026-07-21T10:44:40.043937+02:00 HOST-REDACTED-A steam[2542]: CLIENT: Marking frame 64523 complete with status k_EStreamFrameResultDroppedReset
2026-07-21T10:44:40.043937+02:00 HOST-REDACTED-A steam[2542]: CLIENT: Marking frame 64524 complete with status k_EStreamFrameResultDroppedReset
2026-07-21T10:44:40.043937+02:00 HOST-REDACTED-A steam[2542]: CLIENT: Marking frame 64525 complete with status k_EStreamFrameResultDroppedReset
2026-07-21T10:44:40.043937+02:00 HOST-REDACTED-A steam[2542]: CLIENT: Marking frame 64526 complete with status k_EStreamFrameResultDroppedReset
2026-07-21T10:44:40.043937+02:00 HOST-REDACTED-A steam[2542]: CLIENT: Marking frame 64527 complete with status k_EStreamFrameResultDroppedReset
2026-07-21T10:44:40.043937+02:00 HOST-REDACTED-A steam[2542]: CLIENT: Marking frame 64528 complete with status k_EStreamFrameResultDroppedReset
2026-07-21T10:44:57.573992+02:00 HOST-REDACTED-A rigsignal-ebpf[3165]: 2026-07-21T08:44:57.573949Z  INFO rigsignal_ebpf::session: session TID refresh changed — updating PID filter session_id="UUID-REDACTED" seed_source="union" previous_tid_count=234 tid_count=234
2026-07-21T10:44:57.573992+02:00 HOST-REDACTED-A rigsignal-ebpf[3165]: 2026-07-21T08:44:57.573975Z  INFO rigsignal_ebpf: session started — updating PID filter session_id="UUID-REDACTED" tid_count=234
2026-07-21T10:45:26.515602+02:00 HOST-REDACTED-A steam[2542]: Audio mix: start=350450766, returned=80646720
2026-07-21T10:45:26.515874+02:00 HOST-REDACTED-A steam[2542]: Audio source [System Pulse]: init=350576027, adjustment=0, through=80647452, last_start=80646972, mixed=2880480, drop_before=0, drop_after=0
2026-07-21T10:45:57.580254+02:00 HOST-REDACTED-A rigsignal-ebpf[3165]: 2026-07-21T08:45:57.580236Z  INFO rigsignal_ebpf::session: session TID refresh changed — updating PID filter session_id="UUID-REDACTED" seed_source="union" previous_tid_count=234 tid_count=234
2026-07-21T10:45:57.580461+02:00 HOST-REDACTED-A rigsignal-ebpf[3165]: 2026-07-21T08:45:57.580262Z  INFO rigsignal_ebpf: session started — updating PID filter session_id="UUID-REDACTED" tid_count=234
2026-07-21T10:46:26.521720+02:00 HOST-REDACTED-A steam[2542]: Audio mix: start=350450766, returned=83527200
2026-07-21T10:46:26.521720+02:00 HOST-REDACTED-A steam[2542]: Audio source [System Pulse]: init=350576027, adjustment=0, through=83527932, last_start=83527452, mixed=2880480, drop_before=0, drop_after=0
2026-07-21T10:47:26.524193+02:00 HOST-REDACTED-A steam[2542]: Audio mix: start=350450766, returned=86407200
2026-07-21T10:47:26.524193+02:00 HOST-REDACTED-A steam[2542]: Audio source [System Pulse]: init=350576027, adjustment=0, through=86407932, last_start=86407452, mixed=2880000, drop_before=0, drop_after=0
2026-07-21T10:48:26.530163+02:00 HOST-REDACTED-A steam[2542]: Audio mix: start=350450766, returned=89287200
2026-07-21T10:48:26.530467+02:00 HOST-REDACTED-A steam[2542]: Audio source [System Pulse]: init=350576027, adjustment=0, through=89287932, last_start=89287452, mixed=2880000, drop_before=0, drop_after=0
2026-07-21T10:48:27.595549+02:00 HOST-REDACTED-A rigsignal-ebpf[3165]: 2026-07-21T08:48:27.595530Z  INFO rigsignal_ebpf::session: session TID refresh changed — updating PID filter session_id="UUID-REDACTED" seed_source="union" previous_tid_count=234 tid_count=234
2026-07-21T10:48:27.605881+02:00 HOST-REDACTED-A rigsignal-ebpf[3165]: 2026-07-21T08:48:27.595558Z  INFO rigsignal_ebpf: session started — updating PID filter session_id="UUID-REDACTED" tid_count=234
2026-07-21T10:48:57.599031+02:00 HOST-REDACTED-A rigsignal-ebpf[3165]: 2026-07-21T08:48:57.599007Z  INFO rigsignal_ebpf::session: session TID refresh changed — updating PID filter session_id="UUID-REDACTED" seed_source="union" previous_tid_count=234 tid_count=234
2026-07-21T10:48:57.599248+02:00 HOST-REDACTED-A rigsignal-ebpf[3165]: 2026-07-21T08:48:57.599043Z  INFO rigsignal_ebpf: session started — updating PID filter session_id="UUID-REDACTED" tid_count=234
2026-07-21T10:49:26.538226+02:00 HOST-REDACTED-A steam[2542]: Audio mix: start=350450766, returned=92167680
2026-07-21T10:49:26.538226+02:00 HOST-REDACTED-A steam[2542]: Audio source [System Pulse]: init=350576027, adjustment=0, through=92168412, last_start=92167932, mixed=2880480, drop_before=0, drop_after=0
2026-07-21T10:50:26.545024+02:00 HOST-REDACTED-A steam[2542]: Audio mix: start=350450766, returned=95048160
2026-07-21T10:50:26.545249+02:00 HOST-REDACTED-A steam[2542]: Audio source [System Pulse]: init=350576027, adjustment=0, through=95048892, last_start=95048412, mixed=2880480, drop_before=0, drop_after=0
2026-07-21T10:51:13.385995+02:00 HOST-REDACTED-A steam[2542]: CLIENT: Got video sequence 45879, expected 45878, sending lost data notification
2026-07-21T10:51:13.386264+02:00 HOST-REDACTED-A steam[2542]: CLIENT: Marking frame 45879 complete with status k_EStreamFrameResultDroppedReset
2026-07-21T10:51:13.386264+02:00 HOST-REDACTED-A steam[2542]: CLIENT: Marking frame 45880 complete with status k_EStreamFrameResultDroppedReset
2026-07-21T10:51:26.551183+02:00 HOST-REDACTED-A steam[2542]: Audio mix: start=350450766, returned=97928160
2026-07-21T10:51:26.551445+02:00 HOST-REDACTED-A steam[2542]: Audio source [System Pulse]: init=350576027, adjustment=0, through=97928892, last_start=97928412, mixed=2880000, drop_before=0, drop_after=0
2026-07-21T10:51:44.221958+02:00 HOST-REDACTED-A steam[2542]: CLIENT: Got video sequence 49550, expected 49549, sending lost data notification
2026-07-21T10:51:44.272413+02:00 HOST-REDACTED-A steam[2542]: CLIENT: Marking frame 49550 complete with status k_EStreamFrameResultDroppedReset
2026-07-21T10:51:44.272489+02:00 HOST-REDACTED-A steam[2542]: CLIENT: Marking frame 49551 complete with status k_EStreamFrameResultDroppedReset
2026-07-21T10:51:45.935376+02:00 HOST-REDACTED-A steam[2542]: CLIENT: Got video sequence 49751, expected 49750, sending lost data notification
2026-07-21T10:51:46.036084+02:00 HOST-REDACTED-A steam[2542]: CLIENT: Didn't get keyframe, resending lost data notification
2026-07-21T10:51:46.136748+02:00 HOST-REDACTED-A steam[2542]: CLIENT: Didn't get keyframe, resending lost data notification
2026-07-21T10:51:46.237527+02:00 HOST-REDACTED-A steam[2542]: CLIENT: Didn't get keyframe, resending lost data notification
2026-07-21T10:51:46.338219+02:00 HOST-REDACTED-A steam[2542]: CLIENT: Didn't get keyframe, resending lost data notification
2026-07-21T10:51:46.439011+02:00 HOST-REDACTED-A steam[2542]: CLIENT: Didn't get keyframe, resending lost data notification
2026-07-21T10:51:46.539919+02:00 HOST-REDACTED-A steam[2542]: CLIENT: Didn't get keyframe, resending lost data notification
2026-07-21T10:51:46.640597+02:00 HOST-REDACTED-A steam[2542]: CLIENT: Didn't get keyframe, resending lost data notification
2026-07-21T10:51:46.741337+02:00 HOST-REDACTED-A steam[2542]: CLIENT: Didn't get keyframe, resending lost data notification
2026-07-21T10:51:46.842234+02:00 HOST-REDACTED-A steam[2542]: CLIENT: Didn't get keyframe, resending lost data notification
2026-07-21T10:51:46.943377+02:00 HOST-REDACTED-A steam[2542]: CLIENT: Didn't get keyframe, resending lost data notification
2026-07-21T10:51:46.993758+02:00 HOST-REDACTED-A steam[2542]: CLIENT: Marking frame 49751 complete with status k_EStreamFrameResultDroppedReset
2026-07-21T10:51:46.993826+02:00 HOST-REDACTED-A steam[2542]: CLIENT: Marking frame 49752 complete with status k_EStreamFrameResultDroppedReset
2026-07-21T10:51:46.993826+02:00 HOST-REDACTED-A steam[2542]: CLIENT: Marking frame 49754 complete with status k_EStreamFrameResultDroppedReset
2026-07-21T10:51:46.993826+02:00 HOST-REDACTED-A steam[2542]: CLIENT: Marking frame 49755 complete with status k_EStreamFrameResultDroppedReset
2026-07-21T10:51:46.993826+02:00 HOST-REDACTED-A steam[2542]: CLIENT: Marking frame 49756 complete with status k_EStreamFrameResultDroppedReset
2026-07-21T10:51:46.993826+02:00 HOST-REDACTED-A steam[2542]: CLIENT: Marking frame 49757 complete with status k_EStreamFrameResultDroppedReset
2026-07-21T10:51:46.993826+02:00 HOST-REDACTED-A steam[2542]: CLIENT: Marking frame 49758 complete with status k_EStreamFrameResultDroppedReset
2026-07-21T10:51:46.993826+02:00 HOST-REDACTED-A steam[2542]: CLIENT: Marking frame 49759 complete with status k_EStreamFrameResultDroppedReset
2026-07-21T10:51:46.993826+02:00 HOST-REDACTED-A steam[2542]: CLIENT: Marking frame 49760 complete with status k_EStreamFrameResultDroppedReset
2026-07-21T10:51:46.993826+02:00 HOST-REDACTED-A steam[2542]: CLIENT: Marking frame 49761 complete with status k_EStreamFrameResultDroppedReset
2026-07-21T10:51:46.993826+02:00 HOST-REDACTED-A steam[2542]: CLIENT: Marking frame 49762 complete with status k_EStreamFrameResultDroppedReset
2026-07-21T10:51:46.993826+02:00 HOST-REDACTED-A steam[2542]: CLIENT: Marking frame 49763 complete with status k_EStreamFrameResultDroppedReset
2026-07-21T10:51:46.993826+02:00 HOST-REDACTED-A steam[2542]: CLIENT: Marking frame 49765 complete with status k_EStreamFrameResultDroppedReset
2026-07-21T10:51:46.993826+02:00 HOST-REDACTED-A steam[2542]: CLIENT: Marking frame 49766 complete with status k_EStreamFrameResultDroppedReset
2026-07-21T10:51:46.993826+02:00 HOST-REDACTED-A steam[2542]: CLIENT: Marking frame 49767 complete with status k_EStreamFrameResultDroppedReset
2026-07-21T10:51:46.993826+02:00 HOST-REDACTED-A steam[2542]: CLIENT: Marking frame 49768 complete with status k_EStreamFrameResultDroppedReset
2026-07-21T10:51:46.993826+02:00 HOST-REDACTED-A steam[2542]: CLIENT: Marking frame 49769 complete with status k_EStreamFrameResultDroppedReset
2026-07-21T10:51:46.993826+02:00 HOST-REDACTED-A steam[2542]: CLIENT: Marking frame 49770 complete with status k_EStreamFrameResultDroppedReset
2026-07-21T10:51:46.993983+02:00 HOST-REDACTED-A steam[2542]: CLIENT: Marking frame 49771 complete with status k_EStreamFrameResultDroppedReset
2026-07-21T10:51:46.993983+02:00 HOST-REDACTED-A steam[2542]: CLIENT: Marking frame 49772 complete with status k_EStreamFrameResultDroppedReset
2026-07-21T10:51:46.993983+02:00 HOST-REDACTED-A steam[2542]: CLIENT: Marking frame 49773 complete with status k_EStreamFrameResultDroppedReset
2026-07-21T10:51:46.993983+02:00 HOST-REDACTED-A steam[2542]: CLIENT: Marking frame 49774 complete with status k_EStreamFrameResultDroppedReset
2026-07-21T10:51:46.993983+02:00 HOST-REDACTED-A steam[2542]: CLIENT: Marking frame 49775 complete with status k_EStreamFrameResultDroppedReset
2026-07-21T10:51:46.993983+02:00 HOST-REDACTED-A steam[2542]: CLIENT: Marking frame 49777 complete with status k_EStreamFrameResultDroppedReset
2026-07-21T10:51:46.993983+02:00 HOST-REDACTED-A steam[2542]: CLIENT: Marking frame 49778 complete with status k_EStreamFrameResultDroppedReset
2026-07-21T10:51:46.993983+02:00 HOST-REDACTED-A steam[2542]: CLIENT: Marking frame 49779 complete with status k_EStreamFrameResultDroppedReset
2026-07-21T10:51:46.993983+02:00 HOST-REDACTED-A steam[2542]: CLIENT: Marking frame 49780 complete with status k_EStreamFrameResultDroppedReset
2026-07-21T10:51:46.993983+02:00 HOST-REDACTED-A steam[2542]: CLIENT: Marking frame 49781 complete with status k_EStreamFrameResultDroppedReset
2026-07-21T10:51:46.993983+02:00 HOST-REDACTED-A steam[2542]: CLIENT: Marking frame 49782 complete with status k_EStreamFrameResultDroppedReset
2026-07-21T10:51:46.993983+02:00 HOST-REDACTED-A steam[2542]: CLIENT: Marking frame 49783 complete with status k_EStreamFrameResultDroppedReset
2026-07-21T10:51:46.993983+02:00 HOST-REDACTED-A steam[2542]: CLIENT: Marking frame 49784 complete with status k_EStreamFrameResultDroppedReset
2026-07-21T10:51:46.993983+02:00 HOST-REDACTED-A steam[2542]: CLIENT: Marking frame 49785 complete with status k_EStreamFrameResultDroppedReset
2026-07-21T10:51:46.993983+02:00 HOST-REDACTED-A steam[2542]: CLIENT: Marking frame 49786 complete with status k_EStreamFrameResultDroppedReset
2026-07-21T10:51:46.993983+02:00 HOST-REDACTED-A steam[2542]: CLIENT: Marking frame 49787 complete with status k_EStreamFrameResultDroppedReset
2026-07-21T10:51:46.993983+02:00 HOST-REDACTED-A steam[2542]: CLIENT: Marking frame 49788 complete with status k_EStreamFrameResultDroppedReset
2026-07-21T10:51:46.993983+02:00 HOST-REDACTED-A steam[2542]: CLIENT: Marking frame 49790 complete with status k_EStreamFrameResultDroppedReset
2026-07-21T10:51:46.993983+02:00 HOST-REDACTED-A steam[2542]: CLIENT: Marking frame 49791 complete with status k_EStreamFrameResultDroppedReset
2026-07-21T10:51:46.993983+02:00 HOST-REDACTED-A steam[2542]: CLIENT: Marking frame 49792 complete with status k_EStreamFrameResultDroppedReset
2026-07-21T10:51:46.993983+02:00 HOST-REDACTED-A steam[2542]: CLIENT: Marking frame 49793 complete with status k_EStreamFrameResultDroppedReset
2026-07-21T10:51:46.993983+02:00 HOST-REDACTED-A steam[2542]: CLIENT: Marking frame 49794 complete with status k_EStreamFrameResultDroppedReset
2026-07-21T10:51:46.993983+02:00 HOST-REDACTED-A steam[2542]: CLIENT: Marking frame 49795 complete with status k_EStreamFrameResultDroppedReset
2026-07-21T10:51:46.993983+02:00 HOST-REDACTED-A steam[2542]: CLIENT: Marking frame 49796 complete with status k_EStreamFrameResultDroppedReset
2026-07-21T10:51:46.994152+02:00 HOST-REDACTED-A steam[2542]: CLIENT: Marking frame 49797 complete with status k_EStreamFrameResultDroppedReset
2026-07-21T10:51:46.994152+02:00 HOST-REDACTED-A steam[2542]: CLIENT: Marking frame 49798 complete with status k_EStreamFrameResultDroppedReset
2026-07-21T10:51:46.994152+02:00 HOST-REDACTED-A steam[2542]: CLIENT: Marking frame 49799 complete with status k_EStreamFrameResultDroppedReset
2026-07-21T10:51:46.994152+02:00 HOST-REDACTED-A steam[2542]: CLIENT: Marking frame 49800 complete with status k_EStreamFrameResultDroppedReset
2026-07-21T10:51:46.994152+02:00 HOST-REDACTED-A steam[2542]: CLIENT: Marking frame 49802 complete with status k_EStreamFrameResultDroppedReset
2026-07-21T10:51:46.994152+02:00 HOST-REDACTED-A steam[2542]: CLIENT: Marking frame 49803 complete with status k_EStreamFrameResultDroppedReset
2026-07-21T10:51:46.994152+02:00 HOST-REDACTED-A steam[2542]: CLIENT: Marking frame 49804 complete with status k_EStreamFrameResultDroppedReset
2026-07-21T10:51:46.994152+02:00 HOST-REDACTED-A steam[2542]: CLIENT: Marking frame 49805 complete with status k_EStreamFrameResultDroppedReset
2026-07-21T10:51:46.994152+02:00 HOST-REDACTED-A steam[2542]: CLIENT: Marking frame 49806 complete with status k_EStreamFrameResultDroppedReset
2026-07-21T10:51:46.994152+02:00 HOST-REDACTED-A steam[2542]: CLIENT: Marking frame 49807 complete with status k_EStreamFrameResultDroppedReset
2026-07-21T10:51:46.994152+02:00 HOST-REDACTED-A steam[2542]: CLIENT: Marking frame 49808 complete with status k_EStreamFrameResultDroppedReset
2026-07-21T10:51:46.994152+02:00 HOST-REDACTED-A steam[2542]: CLIENT: Marking frame 49809 complete with status k_EStreamFrameResultDroppedReset
2026-07-21T10:51:46.994152+02:00 HOST-REDACTED-A steam[2542]: CLIENT: Marking frame 49810 complete with status k_EStreamFrameResultDroppedReset
2026-07-21T10:51:46.994152+02:00 HOST-REDACTED-A steam[2542]: CLIENT: Marking frame 49811 complete with status k_EStreamFrameResultDroppedReset
2026-07-21T10:51:46.994152+02:00 HOST-REDACTED-A steam[2542]: CLIENT: Marking frame 49812 complete with status k_EStreamFrameResultDroppedReset
2026-07-21T10:51:46.994152+02:00 HOST-REDACTED-A steam[2542]: CLIENT: Marking frame 49814 complete with status k_EStreamFrameResultDroppedReset
2026-07-21T10:51:46.994152+02:00 HOST-REDACTED-A steam[2542]: CLIENT: Marking frame 49815 complete with status k_EStreamFrameResultDroppedReset
2026-07-21T10:51:46.994152+02:00 HOST-REDACTED-A steam[2542]: CLIENT: Marking frame 49816 complete with status k_EStreamFrameResultDroppedReset
2026-07-21T10:51:46.994152+02:00 HOST-REDACTED-A steam[2542]: CLIENT: Marking frame 49817 complete with status k_EStreamFrameResultDroppedReset
2026-07-21T10:51:46.994152+02:00 HOST-REDACTED-A steam[2542]: CLIENT: Marking frame 49818 complete with status k_EStreamFrameResultDroppedReset
2026-07-21T10:51:46.994152+02:00 HOST-REDACTED-A steam[2542]: CLIENT: Marking frame 49819 complete with status k_EStreamFrameResultDroppedReset
2026-07-21T10:51:46.994152+02:00 HOST-REDACTED-A steam[2542]: CLIENT: Marking frame 49820 complete with status k_EStreamFrameResultDroppedReset
2026-07-21T10:51:46.994152+02:00 HOST-REDACTED-A steam[2542]: CLIENT: Marking frame 49821 complete with status k_EStreamFrameResultDroppedReset
2026-07-21T10:51:46.994152+02:00 HOST-REDACTED-A steam[2542]: CLIENT: Marking frame 49822 complete with status k_EStreamFrameResultDroppedReset
2026-07-21T10:51:46.994325+02:00 HOST-REDACTED-A steam[2542]: CLIENT: Marking frame 49823 complete with status k_EStreamFrameResultDroppedReset
2026-07-21T10:51:46.994325+02:00 HOST-REDACTED-A steam[2542]: CLIENT: Marking frame 49824 complete with status k_EStreamFrameResultDroppedReset
2026-07-21T10:51:46.994325+02:00 HOST-REDACTED-A steam[2542]: CLIENT: Marking frame 49826 complete with status k_EStreamFrameResultDroppedReset
2026-07-21T10:51:46.994325+02:00 HOST-REDACTED-A steam[2542]: CLIENT: Marking frame 49827 complete with status k_EStreamFrameResultDroppedReset
2026-07-21T10:51:46.994325+02:00 HOST-REDACTED-A steam[2542]: CLIENT: Marking frame 49828 complete with status k_EStreamFrameResultDroppedReset
2026-07-21T10:51:46.994325+02:00 HOST-REDACTED-A steam[2542]: CLIENT: Marking frame 49829 complete with status k_EStreamFrameResultDroppedReset
2026-07-21T10:51:46.994325+02:00 HOST-REDACTED-A steam[2542]: CLIENT: Marking frame 49830 complete with status k_EStreamFrameResultDroppedReset
2026-07-21T10:51:46.994325+02:00 HOST-REDACTED-A steam[2542]: CLIENT: Marking frame 49831 complete with status k_EStreamFrameResultDroppedReset
2026-07-21T10:51:46.994325+02:00 HOST-REDACTED-A steam[2542]: CLIENT: Marking frame 49832 complete with status k_EStreamFrameResultDroppedReset
2026-07-21T10:51:46.994325+02:00 HOST-REDACTED-A steam[2542]: CLIENT: Marking frame 49833 complete with status k_EStreamFrameResultDroppedReset
2026-07-21T10:51:46.994325+02:00 HOST-REDACTED-A steam[2542]: CLIENT: Marking frame 49834 complete with status k_EStreamFrameResultDroppedReset
2026-07-21T10:51:46.994325+02:00 HOST-REDACTED-A steam[2542]: CLIENT: Marking frame 49835 complete with status k_EStreamFrameResultDroppedReset
2026-07-21T10:51:46.994325+02:00 HOST-REDACTED-A steam[2542]: CLIENT: Marking frame 49836 complete with status k_EStreamFrameResultDroppedReset
2026-07-21T10:51:46.994325+02:00 HOST-REDACTED-A steam[2542]: CLIENT: Marking frame 49838 complete with status k_EStreamFrameResultDroppedReset
2026-07-21T10:51:46.994325+02:00 HOST-REDACTED-A steam[2542]: CLIENT: Marking frame 49839 complete with status k_EStreamFrameResultDroppedReset
2026-07-21T10:51:46.994325+02:00 HOST-REDACTED-A steam[2542]: CLIENT: Marking frame 49840 complete with status k_EStreamFrameResultDroppedReset
2026-07-21T10:51:46.994325+02:00 HOST-REDACTED-A steam[2542]: CLIENT: Marking frame 49841 complete with status k_EStreamFrameResultDroppedReset
2026-07-21T10:51:46.994325+02:00 HOST-REDACTED-A steam[2542]: CLIENT: Marking frame 49842 complete with status k_EStreamFrameResultDroppedReset
2026-07-21T10:51:46.994325+02:00 HOST-REDACTED-A steam[2542]: CLIENT: Marking frame 49843 complete with status k_EStreamFrameResultDroppedReset
2026-07-21T10:51:46.994325+02:00 HOST-REDACTED-A steam[2542]: CLIENT: Marking frame 49844 complete with status k_EStreamFrameResultDroppedReset
2026-07-21T10:51:46.994325+02:00 HOST-REDACTED-A steam[2542]: CLIENT: Marking frame 49845 complete with status k_EStreamFrameResultDroppedReset
2026-07-21T10:51:46.994325+02:00 HOST-REDACTED-A steam[2542]: CLIENT: Marking frame 49846 complete with status k_EStreamFrameResultDroppedReset
2026-07-21T10:51:46.994325+02:00 HOST-REDACTED-A steam[2542]: CLIENT: Marking frame 49847 complete with status k_EStreamFrameResultDroppedReset
2026-07-21T10:51:46.994325+02:00 HOST-REDACTED-A steam[2542]: CLIENT: Marking frame 49848 complete with status k_EStreamFrameResultDroppedReset
2026-07-21T10:51:46.994497+02:00 HOST-REDACTED-A steam[2542]: CLIENT: Marking frame 49850 complete with status k_EStreamFrameResultDroppedReset
2026-07-21T10:51:46.994497+02:00 HOST-REDACTED-A steam[2542]: CLIENT: Marking frame 49851 complete with status k_EStreamFrameResultDroppedReset
2026-07-21T10:51:46.994497+02:00 HOST-REDACTED-A steam[2542]: CLIENT: Marking frame 49852 complete with status k_EStreamFrameResultDroppedReset
2026-07-21T10:51:46.994497+02:00 HOST-REDACTED-A steam[2542]: CLIENT: Marking frame 49853 complete with status k_EStreamFrameResultDroppedReset
2026-07-21T10:51:46.994497+02:00 HOST-REDACTED-A steam[2542]: CLIENT: Marking frame 49854 complete with status k_EStreamFrameResultDroppedReset
2026-07-21T10:51:46.994497+02:00 HOST-REDACTED-A steam[2542]: CLIENT: Marking frame 49855 complete with status k_EStreamFrameResultDroppedReset
2026-07-21T10:51:46.994497+02:00 HOST-REDACTED-A steam[2542]: CLIENT: Marking frame 49856 complete with status k_EStreamFrameResultDroppedReset
2026-07-21T10:51:46.994497+02:00 HOST-REDACTED-A steam[2542]: CLIENT: Marking frame 49857 complete with status k_EStreamFrameResultDroppedReset
2026-07-21T10:51:46.994497+02:00 HOST-REDACTED-A steam[2542]: CLIENT: Marking frame 49858 complete with status k_EStreamFrameResultDroppedReset
2026-07-21T10:51:46.994497+02:00 HOST-REDACTED-A steam[2542]: CLIENT: Marking frame 49859 complete with status k_EStreamFrameResultDroppedReset
2026-07-21T10:51:46.994497+02:00 HOST-REDACTED-A steam[2542]: CLIENT: Marking frame 49860 complete with status k_EStreamFrameResultDroppedReset
2026-07-21T10:51:46.994497+02:00 HOST-REDACTED-A steam[2542]: CLIENT: Marking frame 49862 complete with status k_EStreamFrameResultDroppedReset
2026-07-21T10:51:46.994497+02:00 HOST-REDACTED-A steam[2542]: CLIENT: Marking frame 49863 complete with status k_EStreamFrameResultDroppedReset
2026-07-21T10:51:46.994497+02:00 HOST-REDACTED-A steam[2542]: CLIENT: Marking frame 49864 complete with status k_EStreamFrameResultDroppedReset
2026-07-21T10:51:46.994497+02:00 HOST-REDACTED-A steam[2542]: CLIENT: Marking frame 49865 complete with status k_EStreamFrameResultDroppedReset
2026-07-21T10:51:46.994497+02:00 HOST-REDACTED-A steam[2542]: CLIENT: Marking frame 49866 complete with status k_EStreamFrameResultDroppedReset
2026-07-21T10:51:46.994497+02:00 HOST-REDACTED-A steam[2542]: CLIENT: Marking frame 49867 complete with status k_EStreamFrameResultDroppedReset
2026-07-21T10:51:46.994497+02:00 HOST-REDACTED-A steam[2542]: CLIENT: Marking frame 49868 complete with status k_EStreamFrameResultDroppedReset
2026-07-21T10:51:46.994497+02:00 HOST-REDACTED-A steam[2542]: CLIENT: Marking frame 49869 complete with status k_EStreamFrameResultDroppedReset
2026-07-21T10:51:46.994497+02:00 HOST-REDACTED-A steam[2542]: CLIENT: Marking frame 49870 complete with status k_EStreamFrameResultDroppedReset
2026-07-21T10:51:46.994497+02:00 HOST-REDACTED-A steam[2542]: CLIENT: Marking frame 49871 complete with status k_EStreamFrameResultDroppedReset
2026-07-21T10:51:46.994497+02:00 HOST-REDACTED-A steam[2542]: CLIENT: Marking frame 49872 complete with status k_EStreamFrameResultDroppedReset
2026-07-21T10:51:46.994497+02:00 HOST-REDACTED-A steam[2542]: CLIENT: Marking frame 49873 complete with status k_EStreamFrameResultDroppedReset
2026-07-21T10:51:52.082705+02:00 HOST-REDACTED-A steam[2542]: CLIENT: Got video sequence 50479, expected 50478, sending lost data notification
2026-07-21T10:51:52.082705+02:00 HOST-REDACTED-A steam[2542]: CLIENT: Marking frame 50479 complete with status k_EStreamFrameResultDroppedReset
2026-07-21T10:51:52.082705+02:00 HOST-REDACTED-A steam[2542]: CLIENT: Marking frame 50480 complete with status k_EStreamFrameResultDroppedReset
2026-07-21T10:51:56.065447+02:00 HOST-REDACTED-A steam[2542]: CLIENT: Got video sequence 50954, expected 50953, sending lost data notification
2026-07-21T10:51:56.115781+02:00 HOST-REDACTED-A steam[2542]: CLIENT: Marking frame 50954 complete with status k_EStreamFrameResultDroppedReset
2026-07-21T10:51:56.115855+02:00 HOST-REDACTED-A steam[2542]: CLIENT: Marking frame 50955 complete with status k_EStreamFrameResultDroppedReset
2026-07-21T10:51:57.618807+02:00 HOST-REDACTED-A rigsignal-ebpf[3165]: 2026-07-21T08:51:57.618784Z  INFO rigsignal_ebpf::session: session TID refresh changed — updating PID filter session_id="UUID-REDACTED" seed_source="union" previous_tid_count=234 tid_count=234
2026-07-21T10:51:57.619065+02:00 HOST-REDACTED-A rigsignal-ebpf[3165]: 2026-07-21T08:51:57.618816Z  INFO rigsignal_ebpf: session started — updating PID filter session_id="UUID-REDACTED" tid_count=234
2026-07-21T10:52:26.558402+02:00 HOST-REDACTED-A steam[2542]: Audio mix: start=350450766, returned=100808640
2026-07-21T10:52:26.558402+02:00 HOST-REDACTED-A steam[2542]: Audio source [System Pulse]: init=350576027, adjustment=0, through=100809852, last_start=100808892, mixed=2880960, drop_before=0, drop_after=0
2026-07-21T10:53:26.565171+02:00 HOST-REDACTED-A steam[2542]: Audio mix: start=350450766, returned=103689120
2026-07-21T10:53:26.565393+02:00 HOST-REDACTED-A steam[2542]: Audio source [System Pulse]: init=350576027, adjustment=0, through=103689852, last_start=103689372, mixed=2880000, drop_before=0, drop_after=0
2026-07-21T10:54:26.509214+02:00 HOST-REDACTED-A steam[2542]: CLIENT: Got video sequence 3421, expected 3420, sending lost data notification
2026-07-21T10:54:26.571400+02:00 HOST-REDACTED-A steam[2542]: Audio mix: start=350450766, returned=106569600
2026-07-21T10:54:26.571459+02:00 HOST-REDACTED-A steam[2542]: Audio source [System Pulse]: init=350576027, adjustment=0, through=106570332, last_start=106569852, mixed=2880480, drop_before=0, drop_after=0
2026-07-21T10:54:26.609859+02:00 HOST-REDACTED-A steam[2542]: CLIENT: Didn't get keyframe, resending lost data notification
2026-07-21T10:54:26.710469+02:00 HOST-REDACTED-A steam[2542]: CLIENT: Didn't get keyframe, resending lost data notification
2026-07-21T10:54:26.811373+02:00 HOST-REDACTED-A steam[2542]: CLIENT: Didn't get keyframe, resending lost data notification
2026-07-21T10:54:26.911972+02:00 HOST-REDACTED-A steam[2542]: CLIENT: Didn't get keyframe, resending lost data notification
2026-07-21T10:54:26.962289+02:00 HOST-REDACTED-A steam[2542]: CLIENT: Marking frame 3421 complete with status k_EStreamFrameResultDroppedReset
2026-07-21T10:54:26.962350+02:00 HOST-REDACTED-A steam[2542]: CLIENT: Marking frame 3422 complete with status k_EStreamFrameResultDroppedReset
2026-07-21T10:54:26.962350+02:00 HOST-REDACTED-A steam[2542]: CLIENT: Marking frame 3424 complete with status k_EStreamFrameResultDroppedReset
2026-07-21T10:54:26.962350+02:00 HOST-REDACTED-A steam[2542]: CLIENT: Marking frame 3425 complete with status k_EStreamFrameResultDroppedReset
2026-07-21T10:54:26.962350+02:00 HOST-REDACTED-A steam[2542]: CLIENT: Marking frame 3426 complete with status k_EStreamFrameResultDroppedReset
2026-07-21T10:54:26.962350+02:00 HOST-REDACTED-A steam[2542]: CLIENT: Marking frame 3427 complete with status k_EStreamFrameResultDroppedReset
2026-07-21T10:54:26.962350+02:00 HOST-REDACTED-A steam[2542]: CLIENT: Marking frame 3428 complete with status k_EStreamFrameResultDroppedReset
2026-07-21T10:54:26.962350+02:00 HOST-REDACTED-A steam[2542]: CLIENT: Marking frame 3429 complete with status k_EStreamFrameResultDroppedReset
2026-07-21T10:54:26.962350+02:00 HOST-REDACTED-A steam[2542]: CLIENT: Marking frame 3430 complete with status k_EStreamFrameResultDroppedReset
2026-07-21T10:54:26.962350+02:00 HOST-REDACTED-A steam[2542]: CLIENT: Marking frame 3431 complete with status k_EStreamFrameResultDroppedReset
2026-07-21T10:54:26.962350+02:00 HOST-REDACTED-A steam[2542]: CLIENT: Marking frame 3432 complete with status k_EStreamFrameResultDroppedReset
2026-07-21T10:54:26.962350+02:00 HOST-REDACTED-A steam[2542]: CLIENT: Marking frame 3433 complete with status k_EStreamFrameResultDroppedReset
2026-07-21T10:54:26.962350+02:00 HOST-REDACTED-A steam[2542]: CLIENT: Marking frame 3434 complete with status k_EStreamFrameResultDroppedReset
2026-07-21T10:54:26.962350+02:00 HOST-REDACTED-A steam[2542]: CLIENT: Marking frame 3435 complete with status k_EStreamFrameResultDroppedReset
2026-07-21T10:54:26.962350+02:00 HOST-REDACTED-A steam[2542]: CLIENT: Marking frame 3437 complete with status k_EStreamFrameResultDroppedReset
2026-07-21T10:54:26.962350+02:00 HOST-REDACTED-A steam[2542]: CLIENT: Marking frame 3438 complete with status k_EStreamFrameResultDroppedReset
2026-07-21T10:54:26.962513+02:00 HOST-REDACTED-A steam[2542]: CLIENT: Marking frame 3439 complete with status k_EStreamFrameResultDroppedReset
2026-07-21T10:54:26.962513+02:00 HOST-REDACTED-A steam[2542]: CLIENT: Marking frame 3440 complete with status k_EStreamFrameResultDroppedReset
2026-07-21T10:54:26.962513+02:00 HOST-REDACTED-A steam[2542]: CLIENT: Marking frame 3441 complete with status k_EStreamFrameResultDroppedReset
2026-07-21T10:54:26.962513+02:00 HOST-REDACTED-A steam[2542]: CLIENT: Marking frame 3442 complete with status k_EStreamFrameResultDroppedReset
2026-07-21T10:54:26.962513+02:00 HOST-REDACTED-A steam[2542]: CLIENT: Marking frame 3443 complete with status k_EStreamFrameResultDroppedReset
2026-07-21T10:54:26.962513+02:00 HOST-REDACTED-A steam[2542]: CLIENT: Marking frame 3444 complete with status k_EStreamFrameResultDroppedReset
2026-07-21T10:54:26.962513+02:00 HOST-REDACTED-A steam[2542]: CLIENT: Marking frame 3445 complete with status k_EStreamFrameResultDroppedReset
2026-07-21T10:54:26.962513+02:00 HOST-REDACTED-A steam[2542]: CLIENT: Marking frame 3446 complete with status k_EStreamFrameResultDroppedReset
2026-07-21T10:54:26.962513+02:00 HOST-REDACTED-A steam[2542]: CLIENT: Marking frame 3447 complete with status k_EStreamFrameResultDroppedReset
2026-07-21T10:54:26.962513+02:00 HOST-REDACTED-A steam[2542]: CLIENT: Marking frame 3448 complete with status k_EStreamFrameResultDroppedReset
2026-07-21T10:54:26.962513+02:00 HOST-REDACTED-A steam[2542]: CLIENT: Marking frame 3450 complete with status k_EStreamFrameResultDroppedReset
2026-07-21T10:54:26.962513+02:00 HOST-REDACTED-A steam[2542]: CLIENT: Marking frame 3451 complete with status k_EStreamFrameResultDroppedReset
2026-07-21T10:54:26.962513+02:00 HOST-REDACTED-A steam[2542]: CLIENT: Marking frame 3452 complete with status k_EStreamFrameResultDroppedReset
2026-07-21T10:54:26.962513+02:00 HOST-REDACTED-A steam[2542]: CLIENT: Marking frame 3453 complete with status k_EStreamFrameResultDroppedReset
2026-07-21T10:54:26.962513+02:00 HOST-REDACTED-A steam[2542]: CLIENT: Marking frame 3454 complete with status k_EStreamFrameResultDroppedReset
2026-07-21T10:54:26.962513+02:00 HOST-REDACTED-A steam[2542]: CLIENT: Marking frame 3455 complete with status k_EStreamFrameResultDroppedReset
2026-07-21T10:54:26.962513+02:00 HOST-REDACTED-A steam[2542]: CLIENT: Marking frame 3456 complete with status k_EStreamFrameResultDroppedReset
2026-07-21T10:54:26.962513+02:00 HOST-REDACTED-A steam[2542]: CLIENT: Marking frame 3457 complete with status k_EStreamFrameResultDroppedReset
2026-07-21T10:54:26.962513+02:00 HOST-REDACTED-A steam[2542]: CLIENT: Marking frame 3458 complete with status k_EStreamFrameResultDroppedReset
2026-07-21T10:54:26.962513+02:00 HOST-REDACTED-A steam[2542]: CLIENT: Marking frame 3459 complete with status k_EStreamFrameResultDroppedReset
2026-07-21T10:54:26.962513+02:00 HOST-REDACTED-A steam[2542]: CLIENT: Marking frame 3460 complete with status k_EStreamFrameResultDroppedReset
2026-07-21T10:54:26.962513+02:00 HOST-REDACTED-A steam[2542]: CLIENT: Marking frame 3462 complete with status k_EStreamFrameResultDroppedReset
2026-07-21T10:54:26.962513+02:00 HOST-REDACTED-A steam[2542]: CLIENT: Marking frame 3463 complete with status k_EStreamFrameResultDroppedReset
2026-07-21T10:54:26.962513+02:00 HOST-REDACTED-A steam[2542]: CLIENT: Marking frame 3464 complete with status k_EStreamFrameResultDroppedReset
2026-07-21T10:54:26.962685+02:00 HOST-REDACTED-A steam[2542]: CLIENT: Marking frame 3465 complete with status k_EStreamFrameResultDroppedReset
2026-07-21T10:54:26.962685+02:00 HOST-REDACTED-A steam[2542]: CLIENT: Marking frame 3466 complete with status k_EStreamFrameResultDroppedReset
2026-07-21T10:54:26.962685+02:00 HOST-REDACTED-A steam[2542]: CLIENT: Marking frame 3467 complete with status k_EStreamFrameResultDroppedReset
2026-07-21T10:54:26.962685+02:00 HOST-REDACTED-A steam[2542]: CLIENT: Marking frame 3468 complete with status k_EStreamFrameResultDroppedReset
2026-07-21T10:54:26.962685+02:00 HOST-REDACTED-A steam[2542]: CLIENT: Marking frame 3469 complete with status k_EStreamFrameResultDroppedReset
2026-07-21T10:54:26.962685+02:00 HOST-REDACTED-A steam[2542]: CLIENT: Marking frame 3470 complete with status k_EStreamFrameResultDroppedReset
2026-07-21T10:54:26.962685+02:00 HOST-REDACTED-A steam[2542]: CLIENT: Marking frame 3471 complete with status k_EStreamFrameResultDroppedReset
2026-07-21T10:54:26.962685+02:00 HOST-REDACTED-A steam[2542]: CLIENT: Marking frame 3472 complete with status k_EStreamFrameResultDroppedReset
2026-07-21T10:54:27.633042+02:00 HOST-REDACTED-A rigsignal-ebpf[3165]: 2026-07-21T08:54:27.633025Z  INFO rigsignal_ebpf::session: session TID refresh changed — updating PID filter session_id="UUID-REDACTED" seed_source="union" previous_tid_count=234 tid_count=234
2026-07-21T10:54:27.644541+02:00 HOST-REDACTED-A rigsignal-ebpf[3165]: 2026-07-21T08:54:27.633049Z  INFO rigsignal_ebpf: session started — updating PID filter session_id="UUID-REDACTED" tid_count=234
2026-07-21T10:54:57.636406+02:00 HOST-REDACTED-A rigsignal-ebpf[3165]: 2026-07-21T08:54:57.636379Z  INFO rigsignal_ebpf::session: session TID refresh changed — updating PID filter session_id="UUID-REDACTED" seed_source="union" previous_tid_count=234 tid_count=234
2026-07-21T10:54:57.646833+02:00 HOST-REDACTED-A rigsignal-ebpf[3165]: 2026-07-21T08:54:57.646813Z  INFO rigsignal_ebpf: session started — updating PID filter session_id="UUID-REDACTED" tid_count=234
2026-07-21T10:55:26.581466+02:00 HOST-REDACTED-A steam[2542]: Audio mix: start=350450766, returned=109450080
2026-07-21T10:55:26.581466+02:00 HOST-REDACTED-A steam[2542]: Audio source [System Pulse]: init=350576027, adjustment=0, through=109450812, last_start=109450332, mixed=2880480, drop_before=0, drop_after=0
2026-07-21T10:55:57.642763+02:00 HOST-REDACTED-A rigsignal-ebpf[3165]: 2026-07-21T08:55:57.642743Z  INFO rigsignal_ebpf::session: session TID refresh changed — updating PID filter session_id="UUID-REDACTED" seed_source="union" previous_tid_count=234 tid_count=234
2026-07-21T10:55:57.646407+02:00 HOST-REDACTED-A rigsignal-ebpf[3165]: 2026-07-21T08:55:57.646397Z  INFO rigsignal_ebpf: session started — updating PID filter session_id="UUID-REDACTED" tid_count=234
2026-07-21T10:56:03.433061+02:00 HOST-REDACTED-A steam[2542]: CLIENT: Got video sequence 15041, expected 15040, sending lost data notification
2026-07-21T10:56:03.533764+02:00 HOST-REDACTED-A steam[2542]: CLIENT: Didn't get keyframe, resending lost data notification
2026-07-21T10:56:03.634487+02:00 HOST-REDACTED-A steam[2542]: CLIENT: Didn't get keyframe, resending lost data notification
2026-07-21T10:56:03.634541+02:00 HOST-REDACTED-A steam[2542]: CLIENT: Marking frame 15041 complete with status k_EStreamFrameResultDroppedReset
2026-07-21T10:56:03.634541+02:00 HOST-REDACTED-A steam[2542]: CLIENT: Marking frame 15042 complete with status k_EStreamFrameResultDroppedReset
2026-07-21T10:56:03.634541+02:00 HOST-REDACTED-A steam[2542]: CLIENT: Marking frame 15044 complete with status k_EStreamFrameResultDroppedReset
2026-07-21T10:56:03.634541+02:00 HOST-REDACTED-A steam[2542]: CLIENT: Marking frame 15045 complete with status k_EStreamFrameResultDroppedReset
2026-07-21T10:56:03.634541+02:00 HOST-REDACTED-A steam[2542]: CLIENT: Marking frame 15046 complete with status k_EStreamFrameResultDroppedReset
2026-07-21T10:56:03.634541+02:00 HOST-REDACTED-A steam[2542]: CLIENT: Marking frame 15047 complete with status k_EStreamFrameResultDroppedReset
2026-07-21T10:56:03.634541+02:00 HOST-REDACTED-A steam[2542]: CLIENT: Marking frame 15048 complete with status k_EStreamFrameResultDroppedReset
2026-07-21T10:56:03.634541+02:00 HOST-REDACTED-A steam[2542]: CLIENT: Marking frame 15049 complete with status k_EStreamFrameResultDroppedReset
2026-07-21T10:56:03.634541+02:00 HOST-REDACTED-A steam[2542]: CLIENT: Marking frame 15050 complete with status k_EStreamFrameResultDroppedReset
2026-07-21T10:56:03.634541+02:00 HOST-REDACTED-A steam[2542]: CLIENT: Marking frame 15051 complete with status k_EStreamFrameResultDroppedReset
2026-07-21T10:56:03.634541+02:00 HOST-REDACTED-A steam[2542]: CLIENT: Marking frame 15052 complete with status k_EStreamFrameResultDroppedReset
2026-07-21T10:56:03.634541+02:00 HOST-REDACTED-A steam[2542]: CLIENT: Marking frame 15053 complete with status k_EStreamFrameResultDroppedReset
2026-07-21T10:56:03.634541+02:00 HOST-REDACTED-A steam[2542]: CLIENT: Marking frame 15055 complete with status k_EStreamFrameResultDroppedReset
2026-07-21T10:56:03.634541+02:00 HOST-REDACTED-A steam[2542]: CLIENT: Marking frame 15056 complete with status k_EStreamFrameResultDroppedReset
2026-07-21T10:56:03.634541+02:00 HOST-REDACTED-A steam[2542]: CLIENT: Marking frame 15057 complete with status k_EStreamFrameResultDroppedReset
2026-07-21T10:56:03.634541+02:00 HOST-REDACTED-A steam[2542]: CLIENT: Marking frame 15058 complete with status k_EStreamFrameResultDroppedReset
2026-07-21T10:56:03.634541+02:00 HOST-REDACTED-A steam[2542]: CLIENT: Marking frame 15059 complete with status k_EStreamFrameResultDroppedReset
2026-07-21T10:56:03.634670+02:00 HOST-REDACTED-A steam[2542]: CLIENT: Marking frame 15060 complete with status k_EStreamFrameResultDroppedReset
2026-07-21T10:56:03.634670+02:00 HOST-REDACTED-A steam[2542]: CLIENT: Marking frame 15061 complete with status k_EStreamFrameResultDroppedReset
2026-07-21T10:56:03.634670+02:00 HOST-REDACTED-A steam[2542]: CLIENT: Marking frame 15062 complete with status k_EStreamFrameResultDroppedReset
2026-07-21T10:56:03.634670+02:00 HOST-REDACTED-A steam[2542]: CLIENT: Marking frame 15063 complete with status k_EStreamFrameResultDroppedReset
2026-07-21T10:56:03.634670+02:00 HOST-REDACTED-A steam[2542]: CLIENT: Marking frame 15064 complete with status k_EStreamFrameResultDroppedReset
2026-07-21T10:56:03.634670+02:00 HOST-REDACTED-A steam[2542]: CLIENT: Marking frame 15065 complete with status k_EStreamFrameResultDroppedReset
2026-07-21T10:56:12.448090+02:00 HOST-REDACTED-A steam[2542]: CLIENT: Got video sequence 16116, expected 16115, sending lost data notification
2026-07-21T10:56:12.548870+02:00 HOST-REDACTED-A steam[2542]: CLIENT: Didn't get keyframe, resending lost data notification
2026-07-21T10:56:12.548925+02:00 HOST-REDACTED-A steam[2542]: CLIENT: Marking frame 16116 complete with status k_EStreamFrameResultDroppedReset
2026-07-21T10:56:12.548925+02:00 HOST-REDACTED-A steam[2542]: CLIENT: Marking frame 16117 complete with status k_EStreamFrameResultDroppedReset
2026-07-21T10:56:12.548925+02:00 HOST-REDACTED-A steam[2542]: CLIENT: Marking frame 16119 complete with status k_EStreamFrameResultDroppedReset
2026-07-21T10:56:12.548925+02:00 HOST-REDACTED-A steam[2542]: CLIENT: Marking frame 16120 complete with status k_EStreamFrameResultDroppedReset
2026-07-21T10:56:12.548925+02:00 HOST-REDACTED-A steam[2542]: CLIENT: Marking frame 16121 complete with status k_EStreamFrameResultDroppedReset
2026-07-21T10:56:12.548925+02:00 HOST-REDACTED-A steam[2542]: CLIENT: Marking frame 16122 complete with status k_EStreamFrameResultDroppedReset
2026-07-21T10:56:12.548925+02:00 HOST-REDACTED-A steam[2542]: CLIENT: Marking frame 16123 complete with status k_EStreamFrameResultDroppedReset
2026-07-21T10:56:12.548925+02:00 HOST-REDACTED-A steam[2542]: CLIENT: Marking frame 16124 complete with status k_EStreamFrameResultDroppedReset
2026-07-21T10:56:12.548925+02:00 HOST-REDACTED-A steam[2542]: CLIENT: Marking frame 16125 complete with status k_EStreamFrameResultDroppedReset
2026-07-21T10:56:12.548925+02:00 HOST-REDACTED-A steam[2542]: CLIENT: Marking frame 16126 complete with status k_EStreamFrameResultDroppedReset
2026-07-21T10:56:12.548925+02:00 HOST-REDACTED-A steam[2542]: CLIENT: Marking frame 16127 complete with status k_EStreamFrameResultDroppedReset
2026-07-21T10:56:12.548925+02:00 HOST-REDACTED-A steam[2542]: CLIENT: Marking frame 16128 complete with status k_EStreamFrameResultDroppedReset
2026-07-21T10:56:24.430938+02:00 HOST-REDACTED-A steam[2542]: CLIENT: Got video sequence 17553, expected 17552, sending lost data notification
2026-07-21T10:56:24.481278+02:00 HOST-REDACTED-A steam[2542]: CLIENT: Marking frame 17553 complete with status k_EStreamFrameResultDroppedReset
2026-07-21T10:56:24.481338+02:00 HOST-REDACTED-A steam[2542]: CLIENT: Marking frame 17554 complete with status k_EStreamFrameResultDroppedReset
2026-07-21T10:56:26.581412+02:00 HOST-REDACTED-A steam[2542]: Audio mix: start=350450766, returned=112330080
2026-07-21T10:56:26.581600+02:00 HOST-REDACTED-A steam[2542]: Audio source [System Pulse]: init=350576027, adjustment=0, through=112330812, last_start=112330332, mixed=2880000, drop_before=0, drop_after=0
2026-07-21T10:56:44.501769+02:00 HOST-REDACTED-A gamescope-session[2348]: [gamescope] [Error] xwm: waylandres but no win
2026-07-21T10:56:44.503414+02:00 HOST-REDACTED-A steam[2542]: [Gamescope WSI] Destroying swapchain: 0x7fc0301fe8b0
2026-07-21T10:56:44.503856+02:00 HOST-REDACTED-A steam[2542]: [Gamescope WSI] Destroyed swapchain: 0x7fc0301fe8b0
2026-07-21T10:56:44.516286+02:00 HOST-REDACTED-A steam[2542]: Adding window 31457412 (4) for process 8425 and gameID 2420110
2026-07-21T10:56:44.516342+02:00 HOST-REDACTED-A steam[2542]: GameScope focus changed to Steam
2026-07-21T10:56:44.516353+02:00 HOST-REDACTED-A steam[2542]: Window title set to Steam Big Picture Mode
2026-07-21T10:56:44.516427+02:00 HOST-REDACTED-A steam[2542]: Changing record window: 0x2400035 (37748789)
2026-07-21T10:56:44.516434+02:00 HOST-REDACTED-A steam[2542]: Video capture state changed
2026-07-21T10:56:44.516441+02:00 HOST-REDACTED-A steam[2542]: SynchronizeClientState(): setting capture size 3440x1440
2026-07-21T10:56:44.516460+02:00 HOST-REDACTED-A steam[2542]: SynchronizeClientState(): setting title to Steam Big Picture Mode
2026-07-21T10:56:44.516468+02:00 HOST-REDACTED-A steam[2542]: SynchronizeClientState(): setting icon 128x128
2026-07-21T10:56:44.516615+02:00 HOST-REDACTED-A steam[2542]: SynchronizeClientState(): setting cursor visible
2026-07-21T10:56:44.516643+02:00 HOST-REDACTED-A steam[2542]: SynchronizeClientState(): setting cursor to 46
2026-07-21T10:56:44.516643+02:00 HOST-REDACTED-A steam[2542]: SynchronizeClientState(): setting activity to k_EStreamActivityDesktop: Steam Controller Configs - Desktop
2026-07-21T10:56:44.517919+02:00 HOST-REDACTED-A steam[2542]: "SessionStats"
2026-07-21T10:56:44.517927+02:00 HOST-REDACTED-A steam[2542]: {
2026-07-21T10:56:44.517927+02:00 HOST-REDACTED-A steam[2542]:         "GameNameID"                "Horizon Forbidden West™ Complete Edition"
2026-07-21T10:56:44.517942+02:00 HOST-REDACTED-A steam[2542]:         "appid"                "2420110"
2026-07-21T10:56:44.517942+02:00 HOST-REDACTED-A steam[2542]:         "TimeSubmitted"                "1784624204"
2026-07-21T10:56:44.517942+02:00 HOST-REDACTED-A steam[2542]:         "ResolutionX"                "2560"
2026-07-21T10:56:44.517942+02:00 HOST-REDACTED-A steam[2542]:         "ResolutionY"                "1440"
2026-07-21T10:56:44.517968+02:00 HOST-REDACTED-A steam[2542]:         "CaptureDescriptionID"                "Desktop PipeWire NV12 DMABUF + VAAPI HEVC"
2026-07-21T10:56:44.517968+02:00 HOST-REDACTED-A steam[2542]:         "DecoderDescriptionID"                "VAAPI DRM hardware decoding"
2026-07-21T10:56:44.517968+02:00 HOST-REDACTED-A steam[2542]:         "BandwidthLimit"                "150000"
2026-07-21T10:56:44.517968+02:00 HOST-REDACTED-A steam[2542]:         "FramerateLimit"                "120"
2026-07-21T10:56:44.517968+02:00 HOST-REDACTED-A steam[2542]:         "Transport"                "1"
2026-07-21T10:56:44.517968+02:00 HOST-REDACTED-A steam[2542]:         "SlowGamePercent"                "0"
2026-07-21T10:56:44.517968+02:00 HOST-REDACTED-A steam[2542]:         "SlowCapturePercent"                "0"
2026-07-21T10:56:44.518009+02:00 HOST-REDACTED-A steam[2542]:         "SlowConvertPercent"                "0"
2026-07-21T10:56:44.518009+02:00 HOST-REDACTED-A steam[2542]:         "SlowEncodePercent"                "0"
2026-07-21T10:56:44.518009+02:00 HOST-REDACTED-A steam[2542]:         "SlowNetworkPercent"                "0"
2026-07-21T10:56:44.518009+02:00 HOST-REDACTED-A steam[2542]:         "SlowDecodePercent"                "0"
2026-07-21T10:56:44.518009+02:00 HOST-REDACTED-A steam[2542]:         "SlowDisplayPercent"                "0"
2026-07-21T10:56:44.518009+02:00 HOST-REDACTED-A steam[2542]:         "AvgClientBitrate"                "44.2743148803710938"
2026-07-21T10:56:44.518009+02:00 HOST-REDACTED-A steam[2542]:         "StdDevClientBitrate"                "21.6436901092529297"
2026-07-21T10:56:44.518009+02:00 HOST-REDACTED-A steam[2542]:         "AvgServerBitrate"                "164283.046875"
2026-07-21T10:56:44.518009+02:00 HOST-REDACTED-A steam[2542]:         "StdDevServerBitrate"                "143896.03125"
2026-07-21T10:56:44.518009+02:00 HOST-REDACTED-A steam[2542]:         "AvgLinkBandwidth"                "2278012.25"
2026-07-21T10:56:44.518009+02:00 HOST-REDACTED-A steam[2542]:         "AvgPingMS"                "0.193319857120513916"
2026-07-21T10:56:44.518009+02:00 HOST-REDACTED-A steam[2542]:         "StdDevPingMS"                "0.0869001597166061401"
2026-07-21T10:56:44.518082+02:00 HOST-REDACTED-A steam[2542]:         "AvgCaptureMS"                "1.25538363136001863e-05"
2026-07-21T10:56:44.518082+02:00 HOST-REDACTED-A steam[2542]:         "StdDevCaptureMS"                "0.0041246986947953701"
2026-07-21T10:56:44.518082+02:00 HOST-REDACTED-A steam[2542]:         "AvgConvertMS"                "2.7618408203125"
2026-07-21T10:56:44.518082+02:00 HOST-REDACTED-A steam[2542]:         "StdDevConvertMS"                "4.75721979141235352"
2026-07-21T10:56:44.518082+02:00 HOST-REDACTED-A steam[2542]:         "AvgEncodeMS"                "0.000126804530736990273"
2026-07-21T10:56:44.518082+02:00 HOST-REDACTED-A steam[2542]:         "StdDevEncodeMS"                "0.0410383231937885284"
2026-07-21T10:56:44.518082+02:00 HOST-REDACTED-A steam[2542]:         "AvgNetworkMS"                "0.650480151176452637"
2026-07-21T10:56:44.518082+02:00 HOST-REDACTED-A steam[2542]:         "StdDevNetworkMS"                "0.281825929880142212"
2026-07-21T10:56:44.518082+02:00 HOST-REDACTED-A steam[2542]:         "AvgDecodeMS"                "0.212216362357139587"
2026-07-21T10:56:44.518082+02:00 HOST-REDACTED-A steam[2542]:         "StdDevDecodeMS"                "0.110423870384693146"
2026-07-21T10:56:44.518082+02:00 HOST-REDACTED-A steam[2542]:         "AvgDisplayMS"                "27.4246635437011719"
2026-07-21T10:56:44.518082+02:00 HOST-REDACTED-A steam[2542]:         "StdDevDisplayMS"                "10134.34765625"
2026-07-21T10:56:44.518082+02:00 HOST-REDACTED-A steam[2542]:         "AvgFrameMS"                "19.6915054321289062"
2026-07-21T10:56:44.518082+02:00 HOST-REDACTED-A steam[2542]:         "StdDevFrameMS"                "2.77843737602233887"
2026-07-21T10:56:44.518082+02:00 HOST-REDACTED-A steam[2542]:         "AvgFPS"                "119.28253173828125"
2026-07-21T10:56:44.518082+02:00 HOST-REDACTED-A steam[2542]:         "StdDevFPS"                "10.0871362686157227"
2026-07-21T10:56:44.518082+02:00 HOST-REDACTED-A steam[2542]:         "BigPicture"                "1"
2026-07-21T10:56:44.518082+02:00 HOST-REDACTED-A steam[2542]:         "KeyboardMouseInput"                "0"
2026-07-21T10:56:44.518082+02:00 HOST-REDACTED-A steam[2542]:         "SteamControllerInput"                "0"
2026-07-21T10:56:44.518082+02:00 HOST-REDACTED-A steam[2542]:         "TouchControllerInput"                "0"
2026-07-21T10:56:44.518082+02:00 HOST-REDACTED-A steam[2542]:         "GameControllerInput"                "1"
2026-07-21T10:56:44.518082+02:00 HOST-REDACTED-A steam[2542]:         "XBox360ControllerInput"                "0"
2026-07-21T10:56:44.518082+02:00 HOST-REDACTED-A steam[2542]:         "XBoxOneControllerInput"                "1"
2026-07-21T10:56:44.518082+02:00 HOST-REDACTED-A steam[2542]:         "PS3ControllerInput"                "0"
2026-07-21T10:56:44.518082+02:00 HOST-REDACTED-A steam[2542]:         "PS4ControllerInput"                "0"
2026-07-21T10:56:44.518082+02:00 HOST-REDACTED-A steam[2542]:         "PS5ControllerInput"                "0"
2026-07-21T10:56:44.518082+02:00 HOST-REDACTED-A steam[2542]:         "OtherControllerInput"                "0"
2026-07-21T10:56:44.518082+02:00 HOST-REDACTED-A steam[2542]:         "GameControllerVID"                "1118"
2026-07-21T10:56:44.518242+02:00 HOST-REDACTED-A steam[2542]:         "GameControllerPID"                "765"
2026-07-21T10:56:44.518242+02:00 HOST-REDACTED-A steam[2542]:         "WasSpectating"                "0"
2026-07-21T10:56:44.518242+02:00 HOST-REDACTED-A steam[2542]:         "RemotePlayTogether"                "0"
2026-07-21T10:56:44.518242+02:00 HOST-REDACTED-A steam[2542]: }
2026-07-21T10:56:44.526645+02:00 HOST-REDACTED-A steam[2542]: CGameStreamVideoStageVAAPI: Reinitializing 3440x1440 at 150000 Kbit/s and 120.00 FPS with quality 1
2026-07-21T10:56:44.527656+02:00 HOST-REDACTED-A steam[2542]: ffmpeg verbose: libva: VA-API version 1.22.0
2026-07-21T10:56:44.527675+02:00 HOST-REDACTED-A steam[2542]: ffmpeg verbose: libva: Trying to open /usr/lib32/dri/radeonsi_drv_video.so
2026-07-21T10:56:44.527686+02:00 HOST-REDACTED-A steam[2542]: ffmpeg verbose: libva: Found init function __vaDriverInit_1_22
2026-07-21T10:56:44.530055+02:00 HOST-REDACTED-A steam[2542]: ffmpeg verbose: libva: va_openDriver() returns 0
2026-07-21T10:56:44.530072+02:00 HOST-REDACTED-A steam[2542]: ffmpeg verbose: Initialised VAAPI connection: version 1.22
2026-07-21T10:56:44.530078+02:00 HOST-REDACTED-A steam[2542]: ffmpeg verbose: VAAPI driver: Mesa Gallium driver 26.1.2 for AMD Ryzen 7 9800X3D 8-Core Processor (radeonsi, raphael_mendocino, ACO, DRM 3.64, 6.16.12-drmexec7-valve24.3-1-neptune-616-drm-exec-g8d2e43681431).
2026-07-21T10:56:44.530085+02:00 HOST-REDACTED-A steam[2542]: ffmpeg verbose: Driver not found in known nonstandard list, using standard behaviour.
2026-07-21T10:56:44.530526+02:00 HOST-REDACTED-A steam[2542]: ffmpeg verbose: Input surface format is nv12.
2026-07-21T10:56:44.530535+02:00 HOST-REDACTED-A steam[2542]: ffmpeg verbose: Using VAAPI profile VAProfileHEVCMain (17).
2026-07-21T10:56:44.530541+02:00 HOST-REDACTED-A steam[2542]: ffmpeg verbose: Using VAAPI entrypoint VAEntrypointEncSlice (6).
2026-07-21T10:56:44.530549+02:00 HOST-REDACTED-A steam[2542]: ffmpeg verbose: Using VAAPI render target format YUV420 (0x1).
2026-07-21T10:56:44.530549+02:00 HOST-REDACTED-A steam[2542]: ffmpeg verbose: Using CTU size 32x32, min CB size 16x16.
2026-07-21T10:56:44.530560+02:00 HOST-REDACTED-A steam[2542]: ffmpeg verbose: RC mode: VBR.
2026-07-21T10:56:44.530560+02:00 HOST-REDACTED-A steam[2542]: ffmpeg verbose: Block Level bitrate control: OFF.
2026-07-21T10:56:44.530570+02:00 HOST-REDACTED-A steam[2542]: ffmpeg verbose: RC target: 83% of 180000000 bps over 1000 ms.
2026-07-21T10:56:44.530570+02:00 HOST-REDACTED-A steam[2542]: ffmpeg verbose: RC buffer: 180000000 bits, initial fullness 135000000 bits.
2026-07-21T10:56:44.530570+02:00 HOST-REDACTED-A steam[2542]: ffmpeg verbose: RC framerate: 120/1 (120.00 fps).
2026-07-21T10:56:44.530588+02:00 HOST-REDACTED-A steam[2542]: ffmpeg verbose: Using intra and P-frames (supported references: 1 / 0).
2026-07-21T10:56:44.530588+02:00 HOST-REDACTED-A steam[2542]: ffmpeg verbose: All wanted packed headers available (wanted 0xd, found 0x1f).
2026-07-21T10:56:44.532525+02:00 HOST-REDACTED-A steam[2542]: ffmpeg verbose: Using level 6.2.
2026-07-21T10:56:44.532537+02:00 HOST-REDACTED-A steam[2542]: Video Encoder Changed
2026-07-21T10:56:44.533204+02:00 HOST-REDACTED-A steam[2542]: gamemodeauto: dlopen failed - libgamemode.so: cannot open shared object file: No such file or directory
2026-07-21T10:56:44.533815+02:00 HOST-REDACTED-A steam[2542]: >>> Capture resolution set to 3440x1440
2026-07-21T10:56:44.537274+02:00 HOST-REDACTED-A steam[2542]: gamemodeauto: dlopen failed - libgamemode.so: cannot open shared object file: No such file or directory
2026-07-21T10:56:44.551458+02:00 HOST-REDACTED-A steam[2542]: gamemodeauto: dlopen failed - libgamemode.so: cannot open shared object file: No such file or directory
2026-07-21T10:56:44.571713+02:00 HOST-REDACTED-A steam[2542]: CLIENT: Got control packet k_EStreamControlSetCaptureSize
2026-07-21T10:56:44.571713+02:00 HOST-REDACTED-A steam[2542]: CLIENT: Got control packet k_EStreamControlSetTitle
2026-07-21T10:56:44.571761+02:00 HOST-REDACTED-A steam[2542]: CLIENT: ffmpeg verbose: Trying to use DRM render node for device 0.
2026-07-21T10:56:44.571761+02:00 HOST-REDACTED-A steam[2542]: CLIENT: ffmpeg verbose: libva: VA-API version 1.22.0
2026-07-21T10:56:44.571761+02:00 HOST-REDACTED-A steam[2542]: CLIENT: ffmpeg verbose: libva: Trying to open /usr/lib/dri/radeonsi_drv_video.so
2026-07-21T10:56:44.571761+02:00 HOST-REDACTED-A steam[2542]: CLIENT: ffmpeg verbose: libva: Found init function __vaDriverInit_1_22
2026-07-21T10:56:44.571761+02:00 HOST-REDACTED-A steam[2542]: CLIENT: ffmpeg verbose: libva: va_openDriver() returns 0
2026-07-21T10:56:44.571761+02:00 HOST-REDACTED-A steam[2542]: CLIENT: ffmpeg verbose: Initialised VAAPI connection: version 1.22
2026-07-21T10:56:44.571761+02:00 HOST-REDACTED-A steam[2542]: CLIENT: ffmpeg verbose: VAAPI driver: Mesa Gallium driver 26.1.2 for AMD Radeon RX 9060 XT (radeonsi, gfx1200, ACO, DRM 3.64, 6.16.12-drmexec7-valve24.5-1-neptune-616-drm-exec-gf253f5da553e).
2026-07-21T10:56:44.571761+02:00 HOST-REDACTED-A steam[2542]: CLIENT: ffmpeg verbose: Driver not found in known nonstandard list, using standard behaviour.
2026-07-21T10:56:44.571761+02:00 HOST-REDACTED-A steam[2542]: CLIENT: VAAPI DRM hardware decoding
2026-07-21T10:56:44.571832+02:00 HOST-REDACTED-A steam[2542]: CLIENT: Texture rect: 3456x1440 at 0,0
2026-07-21T10:56:44.571832+02:00 HOST-REDACTED-A steam[2542]: CLIENT: Video rect: 3840x2160 at 0,0
2026-07-21T10:56:44.571832+02:00 HOST-REDACTED-A steam[2542]: CLIENT: Video size: 3456x1440, output size: 3840x2160, overlay size: 3840x2160
2026-07-21T10:56:44.571832+02:00 HOST-REDACTED-A steam[2542]: CLIENT: Texture rect: 3456x1440 at 0,0
2026-07-21T10:56:44.571832+02:00 HOST-REDACTED-A steam[2542]: CLIENT: Video rect: 3840x1600 at 0,280
2026-07-21T10:56:44.571832+02:00 HOST-REDACTED-A steam[2542]: CLIENT: Texture rect: 3456x1440 at 0,0
2026-07-21T10:56:44.571832+02:00 HOST-REDACTED-A steam[2542]: CLIENT: Video rect: 3840x1600 at 0,280
2026-07-21T10:56:44.571889+02:00 HOST-REDACTED-A steam[2542]: GameScope focus changed to Steam
2026-07-21T10:56:44.622752+02:00 HOST-REDACTED-A steam[2542]: CLIENT: Video size: 3456x1440, output size: 3840x2160, overlay size: 3840x2160
2026-07-21T10:56:44.622752+02:00 HOST-REDACTED-A steam[2542]: CLIENT: Texture rect: 3456x1440 at 0,0
2026-07-21T10:56:44.622752+02:00 HOST-REDACTED-A steam[2542]: CLIENT: Video rect: 3840x1600 at 0,280
2026-07-21T10:56:44.622820+02:00 HOST-REDACTED-A steam[2542]: CLIENT: Texture rect: 3456x1440 at 0,0
2026-07-21T10:56:44.622820+02:00 HOST-REDACTED-A steam[2542]: CLIENT: Video rect: 3840x1600 at 0,280
2026-07-21T10:56:44.622820+02:00 HOST-REDACTED-A steam[2542]: GameScope focus changed to Steam
2026-07-21T10:56:44.645514+02:00 HOST-REDACTED-A steam[2542]: gamemodeauto: dlopen failed - libgamemode.so: cannot open shared object file: No such file or directory
2026-07-21T10:56:44.645958+02:00 HOST-REDACTED-A steam[2542]: gamemodeauto: dlopen failed - libgamemode.so: cannot open shared object file: No such file or directory
2026-07-21T10:56:44.653222+02:00 HOST-REDACTED-A steam[2542]: gamemodeauto: dlopen failed - libgamemode.so: cannot open shared object file: No such file or directory
2026-07-21T10:56:44.673524+02:00 HOST-REDACTED-A steam[2542]: CLIENT: Got control packet k_EStreamControlSetIcon
2026-07-21T10:56:44.673543+02:00 HOST-REDACTED-A steam[2542]: CLIENT: Got control packet k_EStreamControlSetCursor
2026-07-21T10:56:44.673543+02:00 HOST-REDACTED-A steam[2542]: CLIENT: Got control packet k_EStreamControlSetActivity
2026-07-21T10:56:44.673555+02:00 HOST-REDACTED-A steam[2542]: CLIENT: Got control packet k_EStreamControlControllerConfigMsg
2026-07-21T10:56:44.673567+02:00 HOST-REDACTED-A steam[2542]: GameScope focus changed to Steam
2026-07-21T10:56:44.697077+02:00 HOST-REDACTED-A steam[2542]: gamemodeauto: dlopen failed - libgamemode.so: cannot open shared object file: No such file or directory
2026-07-21T10:56:44.724197+02:00 HOST-REDACTED-A steam[2542]: GameScope focus changed to Steam
2026-07-21T10:56:44.758259+02:00 HOST-REDACTED-A steam[2542]: gamemodeauto: dlopen failed - libgamemode.so: cannot open shared object file: No such file or directory
2026-07-21T10:56:44.758259+02:00 HOST-REDACTED-A steam[2542]: pid 8310 != 8309, skipping destruction (fork without exec?)
2026-07-21T10:56:44.851398+02:00 HOST-REDACTED-A systemd[2088]: app-steam-app2420110-8172.scope: Consumed 2h 47min 57.218s CPU time, 27.8G memory peak.
2026-07-21T10:56:45.122143+02:00 HOST-REDACTED-A mangoapp[2492]: [2026-07-21 10:56:45.122] [MANGOHUD] [error] [overlay_params.cpp:758] Unknown option 'nis_steam_sharpness'
2026-07-21T10:56:45.123621+02:00 HOST-REDACTED-A mangoapp[2492]: [2026-07-21 10:56:45.123] [MANGOHUD] [error] [overlay_params.cpp:758] Unknown option 'nis_steam_sharpness'
2026-07-21T10:56:45.129430+02:00 HOST-REDACTED-A steam[2542]: Game Recording - game stopped [gameid=2420110]
2026-07-21T10:56:45.129481+02:00 HOST-REDACTED-A steam[2542]: Removing process 8438 for gameID 2420110
2026-07-21T10:56:45.129481+02:00 HOST-REDACTED-A steam[2542]: Removing process 8425 for gameID 2420110
2026-07-21T10:56:45.129481+02:00 HOST-REDACTED-A steam[2542]: Removing window 31457412 for process 8425 and gameID 2420110
2026-07-21T10:56:45.129481+02:00 HOST-REDACTED-A steam[2542]: Removing window 2084189824 for process 8425 and gameID 2420110
2026-07-21T10:56:45.129481+02:00 HOST-REDACTED-A steam[2542]: Removing window 44040195 for process 8425 and gameID 2420110
2026-07-21T10:56:45.129481+02:00 HOST-REDACTED-A steam[2542]: Removing window 44040194 for process 8425 and gameID 2420110
2026-07-21T10:56:45.129481+02:00 HOST-REDACTED-A steam[2542]: Removing window 44040193 for process 8425 and gameID 2420110
2026-07-21T10:56:45.129559+02:00 HOST-REDACTED-A steam[2542]: Removing process 8416 for gameID 2420110
2026-07-21T10:56:45.129559+02:00 HOST-REDACTED-A steam[2542]: Removing window 23068675 for process 8416 and gameID 2420110
2026-07-21T10:56:45.129559+02:00 HOST-REDACTED-A steam[2542]: Removing window 23068674 for process 8416 and gameID 2420110
2026-07-21T10:56:45.129559+02:00 HOST-REDACTED-A steam[2542]: Removing window 23068673 for process 8416 and gameID 2420110
2026-07-21T10:56:45.129559+02:00 HOST-REDACTED-A steam[2542]: Removing process 8414 for gameID 2420110
2026-07-21T10:56:45.129559+02:00 HOST-REDACTED-A steam[2542]: Removing window 18874369 for process 8414 and gameID 2420110
2026-07-21T10:56:45.129559+02:00 HOST-REDACTED-A steam[2542]: Removing process 8404 for gameID 2420110
2026-07-21T10:56:45.129559+02:00 HOST-REDACTED-A steam[2542]: Removing process 8340 for gameID 2420110
2026-07-21T10:56:45.129559+02:00 HOST-REDACTED-A steam[2542]: Removing process 8332 for gameID 2420110
2026-07-21T10:56:45.129610+02:00 HOST-REDACTED-A steam[2542]: Removing process 8327 for gameID 2420110
2026-07-21T10:56:45.129610+02:00 HOST-REDACTED-A steam[2542]: Removing process 8317 for gameID 2420110
2026-07-21T10:56:45.129620+02:00 HOST-REDACTED-A steam[2542]: Removing process 8314 for gameID 2420110
2026-07-21T10:56:45.129630+02:00 HOST-REDACTED-A steam[2542]: Removing process 8312 for gameID 2420110
2026-07-21T10:56:45.129630+02:00 HOST-REDACTED-A steam[2542]: Removing process 8309 for gameID 2420110
2026-07-21T10:56:45.129647+02:00 HOST-REDACTED-A steam[2542]: Removing process 8308 for gameID 2420110
2026-07-21T10:56:45.129647+02:00 HOST-REDACTED-A steam[2542]: Removing window 25165827 for process 8308 and gameID 2420110
2026-07-21T10:56:45.129647+02:00 HOST-REDACTED-A steam[2542]: Removing window 25165826 for process 8308 and gameID 2420110
2026-07-21T10:56:45.129647+02:00 HOST-REDACTED-A steam[2542]: Removing window 25165825 for process 8308 and gameID 2420110
2026-07-21T10:56:45.129647+02:00 HOST-REDACTED-A steam[2542]: Removing process 8307 for gameID 2420110
2026-07-21T10:56:45.129647+02:00 HOST-REDACTED-A steam[2542]: Removing process 8283 for gameID 2420110
2026-07-21T10:56:45.129680+02:00 HOST-REDACTED-A steam[2542]: Removing process 8179 for gameID 2420110
2026-07-21T10:56:45.129680+02:00 HOST-REDACTED-A steam[2542]: Removing process 8178 for gameID 2420110
2026-07-21T10:56:45.129680+02:00 HOST-REDACTED-A steam[2542]: Removing process 8172 for gameID 2420110
2026-07-21T10:56:45.182484+02:00 HOST-REDACTED-A steam[2542]: Encoding complete
2026-07-21T10:56:45.184090+02:00 HOST-REDACTED-A steam[2542]: CDesktopCapturePipeWire: PipeWire stream state changed to paused
2026-07-21T10:56:45.184157+02:00 HOST-REDACTED-A steam[2542]: CDesktopCapturePipeWire: PipeWire stream state changed to unconnected
2026-07-21T10:56:45.184312+02:00 HOST-REDACTED-A gamescope-session[2348]: [gamescope] [Info]  pipewire: stream state changed: paused
2026-07-21T10:56:45.233389+02:00 HOST-REDACTED-A steam[2542]: >>> Stopped desktop stream
2026-07-21T10:56:45.247752+02:00 HOST-REDACTED-A steam[2542]: PulseAudio: Context connection terminated
2026-07-21T10:56:45.250893+02:00 HOST-REDACTED-A steam[2542]: PipeWire: Unloading null sink
2026-07-21T10:56:45.250906+02:00 HOST-REDACTED-A steam[2542]: PipeWire: Setting default.configured.audio.sink to {"name":"alsa_loopback_device.alsa_output.usb-SteelSeries_Arctis_Pro_Wireless-00.stereo-game"}
2026-07-21T10:56:45.251084+02:00 HOST-REDACTED-A steam[2542]: PipeWire: Deinitializing streaming
2026-07-21T10:56:45.305873+02:00 HOST-REDACTED-A mangoapp[2492]: [2026-07-21 10:56:45.305] [MANGOHUD] [error] [overlay_params.cpp:758] Unknown option 'nis_steam_sharpness'
2026-07-21T10:56:45.352127+02:00 HOST-REDACTED-A systemd[1]: Starting Time & Date Service...
2026-07-21T10:56:45.381459+02:00 HOST-REDACTED-A systemd[1]: Started Time & Date Service.
2026-07-21T10:56:45.382890+02:00 HOST-REDACTED-A systemd[2088]: steam-launcher.service: Got notification message from PID 53737, but reception is disabled
2026-07-21T10:56:45.387296+02:00 HOST-REDACTED-A systemd[2088]: steam-launcher.service: Got notification message from PID 53742, but reception is disabled
2026-07-21T10:56:48.009410+02:00 HOST-REDACTED-A pkexec[53820]: USER-REDACTED: Error executing command as another user: Not authorized [USER=root] [TTY=unknown] [CWD=/<USER-REDACTED>] [COMMAND=/usr/lib/gamemode/procsysctl split_lock_mitigate 0]
2026-07-21T10:56:48.009612+02:00 HOST-REDACTED-A gamemoded[53820]: Error executing command as another user: Not authorized
2026-07-21T10:56:48.009612+02:00 HOST-REDACTED-A gamemoded[53820]: This incident has been reported.
2026-07-21T10:56:48.009744+02:00 HOST-REDACTED-A gamemoded[2145]: ERROR: External process failed with exit code 127
2026-07-21T10:56:48.009744+02:00 HOST-REDACTED-A gamemoded[2145]: ERROR: Output was:
2026-07-21T10:56:48.009744+02:00 HOST-REDACTED-A gamemoded[2145]: ERROR: Failed to update split_lock_mitigate
2026-07-21T10:56:48.009804+02:00 HOST-REDACTED-A gamemoded[2145]: ERROR: Could not inspect tasks for client [8178]! Skipping ioprio optimisation.
2026-07-21T10:56:48.009804+02:00 HOST-REDACTED-A gamemoded[2145]: ERROR: Unable to find executable for PID 8178: No such file or directory
2026-07-21T10:56:48.400550+02:00 HOST-REDACTED-A rigsignal-agent[2149]: 2026-07-21T08:56:48.400514Z  INFO rigsignal_agent: Game exited: Horizon Forbidden West™ Complete Edition
2026-07-21T10:56:48.400680+02:00 HOST-REDACTED-A rigsignal-agent[2149]: 2026-07-21T08:56:48.400554Z  INFO rigsignal_agent: Shipping session summary on game exit (2704s, 2705 ticks)
2026-07-21T10:56:48.400691+02:00 HOST-REDACTED-A rigsignal-ebpf[3165]: 2026-07-21T08:56:48.400570Z  INFO rigsignal_ebpf::session: session file removed — game ended
2026-07-21T10:56:48.400691+02:00 HOST-REDACTED-A rigsignal-ebpf[3165]: 2026-07-21T08:56:48.400599Z  INFO rigsignal_ebpf: session ended — clearing PID filter
2026-07-21T10:56:53.400382+02:00 HOST-REDACTED-A rigsignal-agent[2149]: 2026-07-21T08:56:53.400366Z  INFO rigsignal_agent::session: No game detected — idle polling
2026-07-21T10:57:15.418058+02:00 HOST-REDACTED-A systemd[1]: systemd-timedated.service: Deactivated successfully.
2026-07-21T10:57:28.400406+02:00 HOST-REDACTED-A rigsignal-agent[2149]: 2026-07-21T08:57:28.400378Z  INFO rigsignal_agent::session: No game detected — idle polling
2026-07-21T10:57:38.042538+02:00 HOST-REDACTED-A sshd-session[6864]: Received disconnect from IP-REDACTED port 48708:11: disconnected by user
2026-07-21T10:57:38.042620+02:00 HOST-REDACTED-A sshd-session[6864]: Disconnected from user USER-REDACTED IP-REDACTED port 48708
2026-07-21T10:57:38.043097+02:00 HOST-REDACTED-A sshd-session[6858]: pam_unix(sshd:session): session closed for user USER-REDACTED
2026-07-21T10:57:38.046966+02:00 HOST-REDACTED-A systemd[1]: Stopping Session 36 of User USER-REDACTED...
2026-07-21T10:57:38.047623+02:00 HOST-REDACTED-A systemd[1]: session-36.scope: Deactivated successfully.
2026-07-21T10:57:38.047712+02:00 HOST-REDACTED-A systemd[1]: Stopped Session 36 of User USER-REDACTED.
2026-07-21T10:57:38.047981+02:00 HOST-REDACTED-A systemd-logind[1802]: Removed session 36.
2026-07-21T10:57:46.065677+02:00 HOST-REDACTED-A sshd-session[54906]: Accepted publickey for USER-REDACTED from IP-REDACTED port 43824 ssh2: ED25519 SSH-FINGERPRINT-REDACTED
2026-07-21T10:57:46.066979+02:00 HOST-REDACTED-A sshd-session[54906]: pam_unix(sshd:session): session opened for user USER-REDACTED(uid=1000) by USER-REDACTED(uid=0)
2026-07-21T10:57:46.092158+02:00 HOST-REDACTED-A systemd-logind[1802]: New session 39 of user USER-REDACTED.
2026-07-21T10:57:46.111583+02:00 HOST-REDACTED-A systemd[1]: Started Session 39 of User USER-REDACTED.
2026-07-21T10:57:46.158344+02:00 HOST-REDACTED-A sshd-session[54912]: Received disconnect from IP-REDACTED port 43824:11: disconnected by user
2026-07-21T10:57:46.158379+02:00 HOST-REDACTED-A sshd-session[54912]: Disconnected from user USER-REDACTED IP-REDACTED port 43824
2026-07-21T10:57:46.158593+02:00 HOST-REDACTED-A sshd-session[54906]: pam_unix(sshd:session): session closed for user USER-REDACTED
2026-07-21T10:57:46.161781+02:00 HOST-REDACTED-A systemd[1]: session-39.scope: Deactivated successfully.
2026-07-21T10:57:46.162455+02:00 HOST-REDACTED-A systemd-logind[1802]: Removed session 39.
2026-07-21T10:57:46.251206+02:00 HOST-REDACTED-A sshd-session[54919]: Accepted publickey for USER-REDACTED from IP-REDACTED port 43838 ssh2: ED25519 SSH-FINGERPRINT-REDACTED
2026-07-21T10:57:46.252534+02:00 HOST-REDACTED-A sshd-session[54919]: pam_unix(sshd:session): session opened for user USER-REDACTED(uid=1000) by USER-REDACTED(uid=0)
2026-07-21T10:57:46.273064+02:00 HOST-REDACTED-A systemd-logind[1802]: New session 40 of user USER-REDACTED.
2026-07-21T10:57:46.285592+02:00 HOST-REDACTED-A systemd[1]: Started Session 40 of User USER-REDACTED.
2026-07-21T10:57:46.331339+02:00 HOST-REDACTED-A sshd-session[54943]: Received disconnect from IP-REDACTED port 43838:11: disconnected by user
2026-07-21T10:57:46.331407+02:00 HOST-REDACTED-A sshd-session[54943]: Disconnected from user USER-REDACTED IP-REDACTED port 43838
2026-07-21T10:57:46.331683+02:00 HOST-REDACTED-A sshd-session[54919]: pam_unix(sshd:session): session closed for user USER-REDACTED
2026-07-21T10:57:46.335171+02:00 HOST-REDACTED-A systemd[1]: session-40.scope: Deactivated successfully.
2026-07-21T10:57:46.335750+02:00 HOST-REDACTED-A systemd-logind[1802]: Removed session 40.
2026-07-21T10:58:02.400695+02:00 HOST-REDACTED-A rigsignal-agent[2149]: 2026-07-21T08:58:02.400664Z  INFO rigsignal_agent::session: No game detected — idle polling
2026-07-21T10:58:06.655370+02:00 HOST-REDACTED-A sshd-session[55307]: Accepted publickey for USER-REDACTED from IP-REDACTED port 33252 ssh2: ED25519 SSH-FINGERPRINT-REDACTED
2026-07-21T10:58:06.656710+02:00 HOST-REDACTED-A sshd-session[55307]: pam_unix(sshd:session): session opened for user USER-REDACTED(uid=1000) by USER-REDACTED(uid=0)
2026-07-21T10:58:06.678217+02:00 HOST-REDACTED-A systemd-logind[1802]: New session 41 of user USER-REDACTED.
2026-07-21T10:58:06.702653+02:00 HOST-REDACTED-A systemd[1]: Started Session 41 of User USER-REDACTED.
2026-07-21T10:58:06.768438+02:00 HOST-REDACTED-A sshd-session[55331]: Received disconnect from IP-REDACTED port 33252:11: disconnected by user
2026-07-21T10:58:06.768490+02:00 HOST-REDACTED-A sshd-session[55331]: Disconnected from user USER-REDACTED IP-REDACTED port 33252
2026-07-21T10:58:06.768661+02:00 HOST-REDACTED-A sshd-session[55307]: pam_unix(sshd:session): session closed for user USER-REDACTED
2026-07-21T10:58:06.772273+02:00 HOST-REDACTED-A systemd[1]: session-41.scope: Deactivated successfully.
2026-07-21T10:58:06.772940+02:00 HOST-REDACTED-A systemd-logind[1802]: Removed session 41.
2026-07-21T10:58:17.680523+02:00 HOST-REDACTED-A sshd-session[55528]: Accepted publickey for USER-REDACTED from IP-REDACTED port 52304 ssh2: ED25519 SSH-FINGERPRINT-REDACTED
2026-07-21T10:58:17.682620+02:00 HOST-REDACTED-A sshd-session[55528]: pam_unix(sshd:session): session opened for user USER-REDACTED(uid=1000) by USER-REDACTED(uid=0)
2026-07-21T10:58:17.707290+02:00 HOST-REDACTED-A systemd-logind[1802]: New session 42 of user USER-REDACTED.
2026-07-21T10:58:17.728586+02:00 HOST-REDACTED-A systemd[1]: Started Session 42 of User USER-REDACTED.
2026-07-21T10:58:17.776549+02:00 HOST-REDACTED-A sshd-session[55534]: Received disconnect from IP-REDACTED port 52304:11: disconnected by user
2026-07-21T10:58:17.776579+02:00 HOST-REDACTED-A sshd-session[55534]: Disconnected from user USER-REDACTED IP-REDACTED port 52304
2026-07-21T10:58:17.776795+02:00 HOST-REDACTED-A sshd-session[55528]: pam_unix(sshd:session): session closed for user USER-REDACTED
2026-07-21T10:58:17.779643+02:00 HOST-REDACTED-A systemd[1]: session-42.scope: Deactivated successfully.
2026-07-21T10:58:17.780137+02:00 HOST-REDACTED-A systemd-logind[1802]: Removed session 42.
2026-07-21T10:58:37.400751+02:00 HOST-REDACTED-A rigsignal-agent[2149]: 2026-07-21T08:58:37.400716Z  INFO rigsignal_agent::session: No game detected — idle polling
2026-07-21T10:58:39.680892+02:00 HOST-REDACTED-A sshd-session[55958]: Accepted publickey for USER-REDACTED from IP-REDACTED port 49628 ssh2: ED25519 SSH-FINGERPRINT-REDACTED
2026-07-21T10:58:39.682849+02:00 HOST-REDACTED-A sshd-session[55958]: pam_unix(sshd:session): session opened for user USER-REDACTED(uid=1000) by USER-REDACTED(uid=0)
2026-07-21T10:58:39.702753+02:00 HOST-REDACTED-A systemd-logind[1802]: New session 43 of user USER-REDACTED.
2026-07-21T10:58:39.723594+02:00 HOST-REDACTED-A systemd[1]: Started Session 43 of User USER-REDACTED.
2026-07-21T10:58:39.771915+02:00 HOST-REDACTED-A sshd-session[55964]: Received disconnect from IP-REDACTED port 49628:11: disconnected by user
2026-07-21T10:58:39.771978+02:00 HOST-REDACTED-A sshd-session[55964]: Disconnected from user USER-REDACTED IP-REDACTED port 49628
2026-07-21T10:58:39.772290+02:00 HOST-REDACTED-A sshd-session[55958]: pam_unix(sshd:session): session closed for user USER-REDACTED
2026-07-21T10:58:39.774915+02:00 HOST-REDACTED-A systemd[1]: session-43.scope: Deactivated successfully.
2026-07-21T10:58:39.775486+02:00 HOST-REDACTED-A systemd-logind[1802]: Removed session 43.
2026-07-21T10:58:49.899849+02:00 HOST-REDACTED-A sshd-session[56158]: Accepted publickey for USER-REDACTED from IP-REDACTED port 34654 ssh2: ED25519 SSH-FINGERPRINT-REDACTED
2026-07-21T10:58:49.901708+02:00 HOST-REDACTED-A sshd-session[56158]: pam_unix(sshd:session): session opened for user USER-REDACTED(uid=1000) by USER-REDACTED(uid=0)
2026-07-21T10:58:49.926579+02:00 HOST-REDACTED-A systemd-logind[1802]: New session 44 of user USER-REDACTED.
2026-07-21T10:58:49.950594+02:00 HOST-REDACTED-A systemd[1]: Started Session 44 of User USER-REDACTED.
2026-07-21T10:58:49.998994+02:00 HOST-REDACTED-A sshd-session[56164]: Received disconnect from IP-REDACTED port 34654:11: disconnected by user
2026-07-21T10:58:49.999057+02:00 HOST-REDACTED-A sshd-session[56164]: Disconnected from user USER-REDACTED IP-REDACTED port 34654
2026-07-21T10:58:49.999371+02:00 HOST-REDACTED-A sshd-session[56158]: pam_unix(sshd:session): session closed for user USER-REDACTED
2026-07-21T10:58:50.002387+02:00 HOST-REDACTED-A systemd[1]: session-44.scope: Deactivated successfully.
2026-07-21T10:58:50.003088+02:00 HOST-REDACTED-A systemd-logind[1802]: Removed session 44.
2026-07-21T10:58:55.091771+02:00 HOST-REDACTED-A sshd-session[56265]: Accepted publickey for USER-REDACTED from IP-REDACTED port 34002 ssh2: ED25519 SSH-FINGERPRINT-REDACTED
2026-07-21T10:58:55.093239+02:00 HOST-REDACTED-A sshd-session[56265]: pam_unix(sshd:session): session opened for user USER-REDACTED(uid=1000) by USER-REDACTED(uid=0)
2026-07-21T10:58:55.126346+02:00 HOST-REDACTED-A systemd-logind[1802]: New session 45 of user USER-REDACTED.
2026-07-21T10:58:55.149583+02:00 HOST-REDACTED-A systemd[1]: Started Session 45 of User USER-REDACTED.
2026-07-21T10:58:55.198457+02:00 HOST-REDACTED-A sshd-session[56271]: Received disconnect from IP-REDACTED port 34002:11: disconnected by user
2026-07-21T10:58:55.198526+02:00 HOST-REDACTED-A sshd-session[56271]: Disconnected from user USER-REDACTED IP-REDACTED port 34002
2026-07-21T10:58:55.198788+02:00 HOST-REDACTED-A sshd-session[56265]: pam_unix(sshd:session): session closed for user USER-REDACTED
2026-07-21T10:58:55.202186+02:00 HOST-REDACTED-A systemd[1]: session-45.scope: Deactivated successfully.
2026-07-21T10:58:55.202861+02:00 HOST-REDACTED-A systemd-logind[1802]: Removed session 45.
2026-07-21T10:59:00.293175+02:00 HOST-REDACTED-A sshd-session[56372]: Accepted publickey for USER-REDACTED from IP-REDACTED port 34010 ssh2: ED25519 SSH-FINGERPRINT-REDACTED
2026-07-21T10:59:00.294719+02:00 HOST-REDACTED-A sshd-session[56372]: pam_unix(sshd:session): session opened for user USER-REDACTED(uid=1000) by USER-REDACTED(uid=0)
2026-07-21T10:59:00.323074+02:00 HOST-REDACTED-A systemd-logind[1802]: New session 46 of user USER-REDACTED.
2026-07-21T10:59:00.341585+02:00 HOST-REDACTED-A systemd[1]: Started Session 46 of User USER-REDACTED.
2026-07-21T10:59:00.389357+02:00 HOST-REDACTED-A sshd-session[56378]: Received disconnect from IP-REDACTED port 34010:11: disconnected by user
2026-07-21T10:59:00.389393+02:00 HOST-REDACTED-A sshd-session[56378]: Disconnected from user USER-REDACTED IP-REDACTED port 34010
2026-07-21T10:59:00.389620+02:00 HOST-REDACTED-A sshd-session[56372]: pam_unix(sshd:session): session closed for user USER-REDACTED
2026-07-21T10:59:00.392882+02:00 HOST-REDACTED-A systemd[1]: session-46.scope: Deactivated successfully.
2026-07-21T10:59:00.393521+02:00 HOST-REDACTED-A systemd-logind[1802]: Removed session 46.
2026-07-21T10:59:05.491855+02:00 HOST-REDACTED-A sshd-session[56479]: Accepted publickey for USER-REDACTED from IP-REDACTED port 33100 ssh2: ED25519 SSH-FINGERPRINT-REDACTED
2026-07-21T10:59:05.493622+02:00 HOST-REDACTED-A sshd-session[56479]: pam_unix(sshd:session): session opened for user USER-REDACTED(uid=1000) by USER-REDACTED(uid=0)
2026-07-21T10:59:05.518710+02:00 HOST-REDACTED-A systemd-logind[1802]: New session 47 of user USER-REDACTED.
2026-07-21T10:59:05.539585+02:00 HOST-REDACTED-A systemd[1]: Started Session 47 of User USER-REDACTED.
2026-07-21T10:59:05.585732+02:00 HOST-REDACTED-A sshd-session[56485]: Received disconnect from IP-REDACTED port 33100:11: disconnected by user
2026-07-21T10:59:05.585767+02:00 HOST-REDACTED-A sshd-session[56485]: Disconnected from user USER-REDACTED IP-REDACTED port 33100
2026-07-21T10:59:05.585994+02:00 HOST-REDACTED-A sshd-session[56479]: pam_unix(sshd:session): session closed for user USER-REDACTED
2026-07-21T10:59:05.589375+02:00 HOST-REDACTED-A systemd[1]: session-47.scope: Deactivated successfully.
2026-07-21T10:59:05.589987+02:00 HOST-REDACTED-A systemd-logind[1802]: Removed session 47.
2026-07-21T10:59:10.400122+02:00 HOST-REDACTED-A rigsignal-agent[2149]: 2026-07-21T08:59:10.400101Z  INFO rigsignal_agent::session: No game detected — idle polling
2026-07-21T10:59:10.680209+02:00 HOST-REDACTED-A sshd-session[56588]: Accepted publickey for USER-REDACTED from IP-REDACTED port 33114 ssh2: ED25519 SSH-FINGERPRINT-REDACTED
2026-07-21T10:59:10.681740+02:00 HOST-REDACTED-A sshd-session[56588]: pam_unix(sshd:session): session opened for user USER-REDACTED(uid=1000) by USER-REDACTED(uid=0)
2026-07-21T10:59:10.706312+02:00 HOST-REDACTED-A systemd-logind[1802]: New session 48 of user USER-REDACTED.
2026-07-21T10:59:10.728584+02:00 HOST-REDACTED-A systemd[1]: Started Session 48 of User USER-REDACTED.
2026-07-21T10:59:10.776112+02:00 HOST-REDACTED-A sshd-session[56594]: Received disconnect from IP-REDACTED port 33114:11: disconnected by user
2026-07-21T10:59:10.776147+02:00 HOST-REDACTED-A sshd-session[56594]: Disconnected from user USER-REDACTED IP-REDACTED port 33114
2026-07-21T10:59:10.776366+02:00 HOST-REDACTED-A sshd-session[56588]: pam_unix(sshd:session): session closed for user USER-REDACTED
2026-07-21T10:59:10.779229+02:00 HOST-REDACTED-A systemd[1]: session-48.scope: Deactivated successfully.
2026-07-21T10:59:10.779825+02:00 HOST-REDACTED-A systemd-logind[1802]: Removed session 48.
2026-07-21T10:59:15.869463+02:00 HOST-REDACTED-A sshd-session[56695]: Accepted publickey for USER-REDACTED from IP-REDACTED port 56084 ssh2: ED25519 SSH-FINGERPRINT-REDACTED
2026-07-21T10:59:15.871089+02:00 HOST-REDACTED-A sshd-session[56695]: pam_unix(sshd:session): session opened for user USER-REDACTED(uid=1000) by USER-REDACTED(uid=0)
2026-07-21T10:59:15.898957+02:00 HOST-REDACTED-A systemd-logind[1802]: New session 49 of user USER-REDACTED.
2026-07-21T10:59:15.921583+02:00 HOST-REDACTED-A systemd[1]: Started Session 49 of User USER-REDACTED.
2026-07-21T10:59:15.970913+02:00 HOST-REDACTED-A sshd-session[56701]: Received disconnect from IP-REDACTED port 56084:11: disconnected by user
2026-07-21T10:59:15.970980+02:00 HOST-REDACTED-A sshd-session[56701]: Disconnected from user USER-REDACTED IP-REDACTED port 56084
2026-07-21T10:59:15.971235+02:00 HOST-REDACTED-A sshd-session[56695]: pam_unix(sshd:session): session closed for user USER-REDACTED
2026-07-21T10:59:15.974030+02:00 HOST-REDACTED-A systemd[1]: session-49.scope: Deactivated successfully.
2026-07-21T10:59:15.974612+02:00 HOST-REDACTED-A systemd-logind[1802]: Removed session 49.
2026-07-21T10:59:21.071272+02:00 HOST-REDACTED-A sshd-session[56802]: Accepted publickey for USER-REDACTED from IP-REDACTED port 56100 ssh2: ED25519 SSH-FINGERPRINT-REDACTED
2026-07-21T10:59:21.072808+02:00 HOST-REDACTED-A sshd-session[56802]: pam_unix(sshd:session): session opened for user USER-REDACTED(uid=1000) by USER-REDACTED(uid=0)
2026-07-21T10:59:21.100805+02:00 HOST-REDACTED-A systemd-logind[1802]: New session 50 of user USER-REDACTED.
2026-07-21T10:59:21.121589+02:00 HOST-REDACTED-A systemd[1]: Started Session 50 of User USER-REDACTED.
2026-07-21T10:59:21.169544+02:00 HOST-REDACTED-A sshd-session[56808]: Received disconnect from IP-REDACTED port 56100:11: disconnected by user
2026-07-21T10:59:21.169609+02:00 HOST-REDACTED-A sshd-session[56808]: Disconnected from user USER-REDACTED IP-REDACTED port 56100
2026-07-21T10:59:21.169897+02:00 HOST-REDACTED-A sshd-session[56802]: pam_unix(sshd:session): session closed for user USER-REDACTED
2026-07-21T10:59:21.172595+02:00 HOST-REDACTED-A systemd[1]: session-50.scope: Deactivated successfully.
2026-07-21T10:59:21.173231+02:00 HOST-REDACTED-A systemd-logind[1802]: Removed session 50.
2026-07-21T10:59:26.262229+02:00 HOST-REDACTED-A sshd-session[56905]: Accepted publickey for USER-REDACTED from IP-REDACTED port 46468 ssh2: ED25519 SSH-FINGERPRINT-REDACTED
2026-07-21T10:59:26.264070+02:00 HOST-REDACTED-A sshd-session[56905]: pam_unix(sshd:session): session opened for user USER-REDACTED(uid=1000) by USER-REDACTED(uid=0)
2026-07-21T10:59:26.292121+02:00 HOST-REDACTED-A systemd-logind[1802]: New session 51 of user USER-REDACTED.
2026-07-21T10:59:26.311604+02:00 HOST-REDACTED-A systemd[1]: Started Session 51 of User USER-REDACTED.
2026-07-21T10:59:26.361325+02:00 HOST-REDACTED-A sshd-session[56929]: Received disconnect from IP-REDACTED port 46468:11: disconnected by user
2026-07-21T10:59:26.361359+02:00 HOST-REDACTED-A sshd-session[56929]: Disconnected from user USER-REDACTED IP-REDACTED port 46468
2026-07-21T10:59:26.361513+02:00 HOST-REDACTED-A sshd-session[56905]: pam_unix(sshd:session): session closed for user USER-REDACTED
2026-07-21T10:59:26.365199+02:00 HOST-REDACTED-A systemd[1]: session-51.scope: Deactivated successfully.
2026-07-21T10:59:26.365928+02:00 HOST-REDACTED-A systemd-logind[1802]: Removed session 51.
2026-07-21T10:59:31.461795+02:00 HOST-REDACTED-A sshd-session[57014]: Accepted publickey for USER-REDACTED from IP-REDACTED port 46484 ssh2: ED25519 SSH-FINGERPRINT-REDACTED
2026-07-21T10:59:31.463575+02:00 HOST-REDACTED-A sshd-session[57014]: pam_unix(sshd:session): session opened for user USER-REDACTED(uid=1000) by USER-REDACTED(uid=0)
2026-07-21T10:59:31.484593+02:00 HOST-REDACTED-A systemd-logind[1802]: New session 52 of user USER-REDACTED.
2026-07-21T10:59:31.507591+02:00 HOST-REDACTED-A systemd[1]: Started Session 52 of User USER-REDACTED.
2026-07-21T10:59:31.557400+02:00 HOST-REDACTED-A sshd-session[57038]: Received disconnect from IP-REDACTED port 46484:11: disconnected by user
2026-07-21T10:59:31.557435+02:00 HOST-REDACTED-A sshd-session[57038]: Disconnected from user USER-REDACTED IP-REDACTED port 46484
2026-07-21T10:59:31.557596+02:00 HOST-REDACTED-A sshd-session[57014]: pam_unix(sshd:session): session closed for user USER-REDACTED
2026-07-21T10:59:31.560569+02:00 HOST-REDACTED-A systemd[1]: session-52.scope: Deactivated successfully.
2026-07-21T10:59:31.561365+02:00 HOST-REDACTED-A systemd-logind[1802]: Removed session 52.
2026-07-21T10:59:36.656089+02:00 HOST-REDACTED-A sshd-session[57140]: Accepted publickey for USER-REDACTED from IP-REDACTED port 48790 ssh2: ED25519 SSH-FINGERPRINT-REDACTED
2026-07-21T10:59:36.657629+02:00 HOST-REDACTED-A sshd-session[57140]: pam_unix(sshd:session): session opened for user USER-REDACTED(uid=1000) by USER-REDACTED(uid=0)
2026-07-21T10:59:36.691966+02:00 HOST-REDACTED-A systemd-logind[1802]: New session 53 of user USER-REDACTED.
2026-07-21T10:59:36.712163+02:00 HOST-REDACTED-A systemd[1]: Started Session 53 of User USER-REDACTED.
2026-07-21T10:59:36.759308+02:00 HOST-REDACTED-A sshd-session[57146]: Received disconnect from IP-REDACTED port 48790:11: disconnected by user
2026-07-21T10:59:36.759343+02:00 HOST-REDACTED-A sshd-session[57146]: Disconnected from user USER-REDACTED IP-REDACTED port 48790
2026-07-21T10:59:36.759506+02:00 HOST-REDACTED-A sshd-session[57140]: pam_unix(sshd:session): session closed for user USER-REDACTED
2026-07-21T10:59:36.762179+02:00 HOST-REDACTED-A systemd[1]: session-53.scope: Deactivated successfully.
2026-07-21T10:59:36.762938+02:00 HOST-REDACTED-A systemd-logind[1802]: Removed session 53.
2026-07-21T10:59:41.851412+02:00 HOST-REDACTED-A sshd-session[57247]: Accepted publickey for USER-REDACTED from IP-REDACTED port 48806 ssh2: ED25519 SSH-FINGERPRINT-REDACTED
2026-07-21T10:59:41.852850+02:00 HOST-REDACTED-A sshd-session[57247]: pam_unix(sshd:session): session opened for user USER-REDACTED(uid=1000) by USER-REDACTED(uid=0)
2026-07-21T10:59:41.885591+02:00 HOST-REDACTED-A systemd-logind[1802]: New session 54 of user USER-REDACTED.
2026-07-21T10:59:41.905674+02:00 HOST-REDACTED-A systemd[1]: Started Session 54 of User USER-REDACTED.
2026-07-21T10:59:41.955753+02:00 HOST-REDACTED-A sshd-session[57253]: Received disconnect from IP-REDACTED port 48806:11: disconnected by user
2026-07-21T10:59:41.955819+02:00 HOST-REDACTED-A sshd-session[57253]: Disconnected from user USER-REDACTED IP-REDACTED port 48806
2026-07-21T10:59:41.956071+02:00 HOST-REDACTED-A sshd-session[57247]: pam_unix(sshd:session): session closed for user USER-REDACTED
2026-07-21T10:59:41.959563+02:00 HOST-REDACTED-A systemd[1]: session-54.scope: Deactivated successfully.
2026-07-21T10:59:41.960256+02:00 HOST-REDACTED-A systemd-logind[1802]: Removed session 54.
2026-07-21T10:59:44.400047+02:00 HOST-REDACTED-A rigsignal-agent[2149]: 2026-07-21T08:59:44.400018Z  INFO rigsignal_agent::session: No game detected — idle polling
2026-07-21T10:59:47.050870+02:00 HOST-REDACTED-A sshd-session[57354]: Accepted publickey for USER-REDACTED from IP-REDACTED port 42392 ssh2: ED25519 SSH-FINGERPRINT-REDACTED
2026-07-21T10:59:47.052546+02:00 HOST-REDACTED-A sshd-session[57354]: pam_unix(sshd:session): session opened for user USER-REDACTED(uid=1000) by USER-REDACTED(uid=0)
2026-07-21T10:59:47.081395+02:00 HOST-REDACTED-A systemd-logind[1802]: New session 55 of user USER-REDACTED.
2026-07-21T10:59:47.108589+02:00 HOST-REDACTED-A systemd[1]: Started Session 55 of User USER-REDACTED.
2026-07-21T10:59:47.158229+02:00 HOST-REDACTED-A sshd-session[57360]: Received disconnect from IP-REDACTED port 42392:11: disconnected by user
2026-07-21T10:59:47.158294+02:00 HOST-REDACTED-A sshd-session[57360]: Disconnected from user USER-REDACTED IP-REDACTED port 42392
2026-07-21T10:59:47.158556+02:00 HOST-REDACTED-A sshd-session[57354]: pam_unix(sshd:session): session closed for user USER-REDACTED
2026-07-21T10:59:47.162219+02:00 HOST-REDACTED-A systemd[1]: session-55.scope: Deactivated successfully.
2026-07-21T10:59:47.162972+02:00 HOST-REDACTED-A systemd-logind[1802]: Removed session 55.
2026-07-21T10:59:52.251221+02:00 HOST-REDACTED-A sshd-session[57463]: Accepted publickey for USER-REDACTED from IP-REDACTED port 42402 ssh2: ED25519 SSH-FINGERPRINT-REDACTED
2026-07-21T10:59:52.252978+02:00 HOST-REDACTED-A sshd-session[57463]: pam_unix(sshd:session): session opened for user USER-REDACTED(uid=1000) by USER-REDACTED(uid=0)
2026-07-21T10:59:52.281026+02:00 HOST-REDACTED-A systemd-logind[1802]: New session 56 of user USER-REDACTED.
2026-07-21T10:59:52.302580+02:00 HOST-REDACTED-A systemd[1]: Started Session 56 of User USER-REDACTED.
2026-07-21T10:59:52.350427+02:00 HOST-REDACTED-A sshd-session[57469]: Received disconnect from IP-REDACTED port 42402:11: disconnected by user
2026-07-21T10:59:52.350492+02:00 HOST-REDACTED-A sshd-session[57469]: Disconnected from user USER-REDACTED IP-REDACTED port 42402
2026-07-21T10:59:52.350757+02:00 HOST-REDACTED-A sshd-session[57463]: pam_unix(sshd:session): session closed for user USER-REDACTED
2026-07-21T10:59:52.354489+02:00 HOST-REDACTED-A systemd[1]: session-56.scope: Deactivated successfully.
2026-07-21T10:59:52.355008+02:00 HOST-REDACTED-A systemd-logind[1802]: Removed session 56.
2026-07-21T10:59:57.442257+02:00 HOST-REDACTED-A sshd-session[57570]: Accepted publickey for USER-REDACTED from IP-REDACTED port 36416 ssh2: ED25519 SSH-FINGERPRINT-REDACTED
2026-07-21T10:59:57.443859+02:00 HOST-REDACTED-A sshd-session[57570]: pam_unix(sshd:session): session opened for user USER-REDACTED(uid=1000) by USER-REDACTED(uid=0)
2026-07-21T10:59:57.472326+02:00 HOST-REDACTED-A systemd-logind[1802]: New session 57 of user USER-REDACTED.
2026-07-21T10:59:57.491585+02:00 HOST-REDACTED-A systemd[1]: Started Session 57 of User USER-REDACTED.
2026-07-21T10:59:57.541627+02:00 HOST-REDACTED-A sshd-session[57576]: Received disconnect from IP-REDACTED port 36416:11: disconnected by user
2026-07-21T10:59:57.541662+02:00 HOST-REDACTED-A sshd-session[57576]: Disconnected from user USER-REDACTED IP-REDACTED port 36416
2026-07-21T10:59:57.541871+02:00 HOST-REDACTED-A sshd-session[57570]: pam_unix(sshd:session): session closed for user USER-REDACTED
2026-07-21T10:59:57.545298+02:00 HOST-REDACTED-A systemd[1]: session-57.scope: Deactivated successfully.
2026-07-21T10:59:57.545937+02:00 HOST-REDACTED-A systemd-logind[1802]: Removed session 57.
2026-07-21T11:00:02.637419+02:00 HOST-REDACTED-A sshd-session[57677]: Accepted publickey for USER-REDACTED from IP-REDACTED port 36418 ssh2: ED25519 SSH-FINGERPRINT-REDACTED
2026-07-21T11:00:02.639063+02:00 HOST-REDACTED-A sshd-session[57677]: pam_unix(sshd:session): session opened for user USER-REDACTED(uid=1000) by USER-REDACTED(uid=0)
2026-07-21T11:00:02.666716+02:00 HOST-REDACTED-A systemd-logind[1802]: New session 58 of user USER-REDACTED.
2026-07-21T11:00:02.685590+02:00 HOST-REDACTED-A systemd[1]: Started Session 58 of User USER-REDACTED.
2026-07-21T11:00:02.731859+02:00 HOST-REDACTED-A sshd-session[57684]: Received disconnect from IP-REDACTED port 36418:11: disconnected by user
2026-07-21T11:00:02.731925+02:00 HOST-REDACTED-A sshd-session[57684]: Disconnected from user USER-REDACTED IP-REDACTED port 36418
2026-07-21T11:00:02.732187+02:00 HOST-REDACTED-A sshd-session[57677]: pam_unix(sshd:session): session closed for user USER-REDACTED
2026-07-21T11:00:02.735167+02:00 HOST-REDACTED-A systemd[1]: session-58.scope: Deactivated successfully.
2026-07-21T11:00:02.735636+02:00 HOST-REDACTED-A systemd-logind[1802]: Removed session 58.
2026-07-21T11:00:07.827416+02:00 HOST-REDACTED-A sshd-session[57782]: Accepted publickey for USER-REDACTED from IP-REDACTED port 38396 ssh2: ED25519 SSH-FINGERPRINT-REDACTED
2026-07-21T11:00:07.829295+02:00 HOST-REDACTED-A sshd-session[57782]: pam_unix(sshd:session): session opened for user USER-REDACTED(uid=1000) by USER-REDACTED(uid=0)
2026-07-21T11:00:07.844698+02:00 HOST-REDACTED-A systemd-logind[1802]: New session 59 of user USER-REDACTED.
2026-07-21T11:00:07.861598+02:00 HOST-REDACTED-A systemd[1]: Started Session 59 of User USER-REDACTED.
2026-07-21T11:00:07.910447+02:00 HOST-REDACTED-A sshd-session[57789]: Received disconnect from IP-REDACTED port 38396:11: disconnected by user
2026-07-21T11:00:07.910481+02:00 HOST-REDACTED-A sshd-session[57789]: Disconnected from user USER-REDACTED IP-REDACTED port 38396
2026-07-21T11:00:07.910640+02:00 HOST-REDACTED-A sshd-session[57782]: pam_unix(sshd:session): session closed for user USER-REDACTED
2026-07-21T11:00:07.914052+02:00 HOST-REDACTED-A systemd[1]: session-59.scope: Deactivated successfully.
2026-07-21T11:00:07.914641+02:00 HOST-REDACTED-A systemd-logind[1802]: Removed session 59.
2026-07-21T11:00:13.004993+02:00 HOST-REDACTED-A sshd-session[57892]: Accepted publickey for USER-REDACTED from IP-REDACTED port 38408 ssh2: ED25519 SSH-FINGERPRINT-REDACTED
2026-07-21T11:00:13.006750+02:00 HOST-REDACTED-A sshd-session[57892]: pam_unix(sshd:session): session opened for user USER-REDACTED(uid=1000) by USER-REDACTED(uid=0)
2026-07-21T11:00:13.035134+02:00 HOST-REDACTED-A systemd-logind[1802]: New session 60 of user USER-REDACTED.
2026-07-21T11:00:13.045597+02:00 HOST-REDACTED-A systemd[1]: Started Session 60 of User USER-REDACTED.
2026-07-21T11:00:13.092311+02:00 HOST-REDACTED-A sshd-session[57898]: Received disconnect from IP-REDACTED port 38408:11: disconnected by user
2026-07-21T11:00:13.092345+02:00 HOST-REDACTED-A sshd-session[57898]: Disconnected from user USER-REDACTED IP-REDACTED port 38408
2026-07-21T11:00:13.092497+02:00 HOST-REDACTED-A sshd-session[57892]: pam_unix(sshd:session): session closed for user USER-REDACTED
2026-07-21T11:00:13.096344+02:00 HOST-REDACTED-A systemd[1]: session-60.scope: Deactivated successfully.
2026-07-21T11:00:13.097017+02:00 HOST-REDACTED-A systemd-logind[1802]: Removed session 60.
2026-07-21T11:00:18.182977+02:00 HOST-REDACTED-A sshd-session[57999]: Accepted publickey for USER-REDACTED from IP-REDACTED port 51862 ssh2: ED25519 SSH-FINGERPRINT-REDACTED
2026-07-21T11:00:18.184656+02:00 HOST-REDACTED-A sshd-session[57999]: pam_unix(sshd:session): session opened for user USER-REDACTED(uid=1000) by USER-REDACTED(uid=0)
2026-07-21T11:00:18.218877+02:00 HOST-REDACTED-A systemd-logind[1802]: New session 61 of user USER-REDACTED.
2026-07-21T11:00:18.242586+02:00 HOST-REDACTED-A systemd[1]: Started Session 61 of User USER-REDACTED.
2026-07-21T11:00:18.291662+02:00 HOST-REDACTED-A sshd-session[58005]: Received disconnect from IP-REDACTED port 51862:11: disconnected by user
2026-07-21T11:00:18.291731+02:00 HOST-REDACTED-A sshd-session[58005]: Disconnected from user USER-REDACTED IP-REDACTED port 51862
2026-07-21T11:00:18.292056+02:00 HOST-REDACTED-A sshd-session[57999]: pam_unix(sshd:session): session closed for user USER-REDACTED
2026-07-21T11:00:18.295324+02:00 HOST-REDACTED-A systemd[1]: session-61.scope: Deactivated successfully.
2026-07-21T11:00:18.295966+02:00 HOST-REDACTED-A systemd-logind[1802]: Removed session 61.
2026-07-21T11:00:18.400086+02:00 HOST-REDACTED-A rigsignal-agent[2149]: 2026-07-21T09:00:18.400072Z  INFO rigsignal_agent::session: No game detected — idle polling
2026-07-21T11:00:23.386393+02:00 HOST-REDACTED-A sshd-session[58106]: Accepted publickey for USER-REDACTED from IP-REDACTED port 51868 ssh2: ED25519 SSH-FINGERPRINT-REDACTED
2026-07-21T11:00:23.388222+02:00 HOST-REDACTED-A sshd-session[58106]: pam_unix(sshd:session): session opened for user USER-REDACTED(uid=1000) by USER-REDACTED(uid=0)
2026-07-21T11:00:23.416114+02:00 HOST-REDACTED-A systemd-logind[1802]: New session 62 of user USER-REDACTED.
2026-07-21T11:00:23.433583+02:00 HOST-REDACTED-A systemd[1]: Started Session 62 of User USER-REDACTED.
2026-07-21T11:00:23.482483+02:00 HOST-REDACTED-A sshd-session[58112]: Received disconnect from IP-REDACTED port 51868:11: disconnected by user
2026-07-21T11:00:23.482550+02:00 HOST-REDACTED-A sshd-session[58112]: Disconnected from user USER-REDACTED IP-REDACTED port 51868
2026-07-21T11:00:23.482857+02:00 HOST-REDACTED-A sshd-session[58106]: pam_unix(sshd:session): session closed for user USER-REDACTED
2026-07-21T11:00:23.485384+02:00 HOST-REDACTED-A systemd[1]: session-62.scope: Deactivated successfully.
2026-07-21T11:00:23.485936+02:00 HOST-REDACTED-A systemd-logind[1802]: Removed session 62.
2026-07-21T11:00:28.579820+02:00 HOST-REDACTED-A sshd-session[58213]: Accepted publickey for USER-REDACTED from IP-REDACTED port 58986 ssh2: ED25519 SSH-FINGERPRINT-REDACTED
2026-07-21T11:00:28.581312+02:00 HOST-REDACTED-A sshd-session[58213]: pam_unix(sshd:session): session opened for user USER-REDACTED(uid=1000) by USER-REDACTED(uid=0)
2026-07-21T11:00:28.609529+02:00 HOST-REDACTED-A systemd-logind[1802]: New session 63 of user USER-REDACTED.
2026-07-21T11:00:28.627600+02:00 HOST-REDACTED-A systemd[1]: Started Session 63 of User USER-REDACTED.
2026-07-21T11:00:28.676488+02:00 HOST-REDACTED-A sshd-session[58237]: Received disconnect from IP-REDACTED port 58986:11: disconnected by user
2026-07-21T11:00:28.676558+02:00 HOST-REDACTED-A sshd-session[58237]: Disconnected from user USER-REDACTED IP-REDACTED port 58986
2026-07-21T11:00:28.676870+02:00 HOST-REDACTED-A sshd-session[58213]: pam_unix(sshd:session): session closed for user USER-REDACTED
2026-07-21T11:00:28.679799+02:00 HOST-REDACTED-A systemd[1]: session-63.scope: Deactivated successfully.
2026-07-21T11:00:28.680657+02:00 HOST-REDACTED-A systemd-logind[1802]: Removed session 63.
2026-07-21T11:00:32.258812+02:00 HOST-REDACTED-A systemd[2088]: Starting Prune harvested RigSignal spool files older than 48h...
2026-07-21T11:00:32.404710+02:00 HOST-REDACTED-A rigsignal-spool-retention[58301]: deleted=84 bytes=13132406 skipped=2425 registry=/<USER-REDACTED>/elastic/elastic-agent-9.4.3-linux-x86_64/data/elastic-agent-1bfb56/run/filestream-default/registry/filebeat/log.json
2026-07-21T11:00:32.407578+02:00 HOST-REDACTED-A systemd[2088]: Finished Prune harvested RigSignal spool files older than 48h.
2026-07-21T11:00:33.767944+02:00 HOST-REDACTED-A sshd-session[58355]: Accepted publickey for USER-REDACTED from IP-REDACTED port 58996 ssh2: ED25519 SSH-FINGERPRINT-REDACTED
2026-07-21T11:00:33.769627+02:00 HOST-REDACTED-A sshd-session[58355]: pam_unix(sshd:session): session opened for user USER-REDACTED(uid=1000) by USER-REDACTED(uid=0)
2026-07-21T11:00:33.791887+02:00 HOST-REDACTED-A systemd-logind[1802]: New session 64 of user USER-REDACTED.
2026-07-21T11:00:33.807592+02:00 HOST-REDACTED-A systemd[1]: Started Session 64 of User USER-REDACTED.
2026-07-21T11:00:33.853586+02:00 HOST-REDACTED-A sshd-session[58362]: Received disconnect from IP-REDACTED port 58996:11: disconnected by user
2026-07-21T11:00:33.853651+02:00 HOST-REDACTED-A sshd-session[58362]: Disconnected from user USER-REDACTED IP-REDACTED port 58996
2026-07-21T11:00:33.853871+02:00 HOST-REDACTED-A sshd-session[58355]: pam_unix(sshd:session): session closed for user USER-REDACTED
2026-07-21T11:00:33.857346+02:00 HOST-REDACTED-A systemd[1]: session-64.scope: Deactivated successfully.
2026-07-21T11:00:33.857963+02:00 HOST-REDACTED-A systemd-logind[1802]: Removed session 64.
2026-07-21T11:00:38.947101+02:00 HOST-REDACTED-A sshd-session[58463]: Accepted publickey for USER-REDACTED from IP-REDACTED port 41494 ssh2: ED25519 SSH-FINGERPRINT-REDACTED
2026-07-21T11:00:38.948637+02:00 HOST-REDACTED-A sshd-session[58463]: pam_unix(sshd:session): session opened for user USER-REDACTED(uid=1000) by USER-REDACTED(uid=0)
2026-07-21T11:00:38.976907+02:00 HOST-REDACTED-A systemd-logind[1802]: New session 65 of user USER-REDACTED.
2026-07-21T11:00:38.997590+02:00 HOST-REDACTED-A systemd[1]: Started Session 65 of User USER-REDACTED.
2026-07-21T11:00:39.045672+02:00 HOST-REDACTED-A sshd-session[58469]: Received disconnect from IP-REDACTED port 41494:11: disconnected by user
2026-07-21T11:00:39.045708+02:00 HOST-REDACTED-A sshd-session[58469]: Disconnected from user USER-REDACTED IP-REDACTED port 41494
2026-07-21T11:00:39.045922+02:00 HOST-REDACTED-A sshd-session[58463]: pam_unix(sshd:session): session closed for user USER-REDACTED
2026-07-21T11:00:39.049000+02:00 HOST-REDACTED-A systemd[1]: session-65.scope: Deactivated successfully.
2026-07-21T11:00:39.049567+02:00 HOST-REDACTED-A systemd-logind[1802]: Removed session 65.
2026-07-21T11:00:44.139192+02:00 HOST-REDACTED-A sshd-session[58566]: Accepted publickey for USER-REDACTED from IP-REDACTED port 52788 ssh2: ED25519 SSH-FINGERPRINT-REDACTED
2026-07-21T11:00:44.141077+02:00 HOST-REDACTED-A sshd-session[58566]: pam_unix(sshd:session): session opened for user USER-REDACTED(uid=1000) by USER-REDACTED(uid=0)
2026-07-21T11:00:44.164674+02:00 HOST-REDACTED-A systemd-logind[1802]: New session 66 of user USER-REDACTED.
2026-07-21T11:00:44.181585+02:00 HOST-REDACTED-A systemd[1]: Started Session 66 of User USER-REDACTED.
2026-07-21T11:00:44.230366+02:00 HOST-REDACTED-A sshd-session[58572]: Received disconnect from IP-REDACTED port 52788:11: disconnected by user
2026-07-21T11:00:44.230401+02:00 HOST-REDACTED-A sshd-session[58572]: Disconnected from user USER-REDACTED IP-REDACTED port 52788
2026-07-21T11:00:44.230671+02:00 HOST-REDACTED-A sshd-session[58566]: pam_unix(sshd:session): session closed for user USER-REDACTED
2026-07-21T11:00:44.233793+02:00 HOST-REDACTED-A systemd[1]: session-66.scope: Deactivated successfully.
2026-07-21T11:00:44.234381+02:00 HOST-REDACTED-A systemd-logind[1802]: Removed session 66.
2026-07-21T11:00:49.324280+02:00 HOST-REDACTED-A sshd-session[58673]: Accepted publickey for USER-REDACTED from IP-REDACTED port 52796 ssh2: ED25519 SSH-FINGERPRINT-REDACTED
2026-07-21T11:00:49.325888+02:00 HOST-REDACTED-A sshd-session[58673]: pam_unix(sshd:session): session opened for user USER-REDACTED(uid=1000) by USER-REDACTED(uid=0)
2026-07-21T11:00:49.359769+02:00 HOST-REDACTED-A systemd-logind[1802]: New session 67 of user USER-REDACTED.
2026-07-21T11:00:49.378586+02:00 HOST-REDACTED-A systemd[1]: Started Session 67 of User USER-REDACTED.
2026-07-21T11:00:49.428577+02:00 HOST-REDACTED-A sshd-session[58679]: Received disconnect from IP-REDACTED port 52796:11: disconnected by user
2026-07-21T11:00:49.428616+02:00 HOST-REDACTED-A sshd-session[58679]: Disconnected from user USER-REDACTED IP-REDACTED port 52796
2026-07-21T11:00:49.428854+02:00 HOST-REDACTED-A sshd-session[58673]: pam_unix(sshd:session): session closed for user USER-REDACTED
2026-07-21T11:00:49.433090+02:00 HOST-REDACTED-A systemd[1]: session-67.scope: Deactivated successfully.
2026-07-21T11:00:49.433685+02:00 HOST-REDACTED-A systemd-logind[1802]: Removed session 67.
2026-07-21T11:00:52.400466+02:00 HOST-REDACTED-A rigsignal-agent[2149]: 2026-07-21T09:00:52.400452Z  INFO rigsignal_agent::session: No game detected — idle polling
2026-07-21T11:00:54.521114+02:00 HOST-REDACTED-A sshd-session[58782]: Accepted publickey for USER-REDACTED from IP-REDACTED port 43488 ssh2: ED25519 SSH-FINGERPRINT-REDACTED
2026-07-21T11:00:54.523227+02:00 HOST-REDACTED-A sshd-session[58782]: pam_unix(sshd:session): session opened for user USER-REDACTED(uid=1000) by USER-REDACTED(uid=0)
2026-07-21T11:00:54.546385+02:00 HOST-REDACTED-A systemd-logind[1802]: New session 68 of user USER-REDACTED.
2026-07-21T11:00:54.564608+02:00 HOST-REDACTED-A systemd[1]: Started Session 68 of User USER-REDACTED.
2026-07-21T11:00:54.612668+02:00 HOST-REDACTED-A sshd-session[58788]: Received disconnect from IP-REDACTED port 43488:11: disconnected by user
2026-07-21T11:00:54.612707+02:00 HOST-REDACTED-A sshd-session[58788]: Disconnected from user USER-REDACTED IP-REDACTED port 43488
2026-07-21T11:00:54.612863+02:00 HOST-REDACTED-A sshd-session[58782]: pam_unix(sshd:session): session closed for user USER-REDACTED
2026-07-21T11:00:54.616103+02:00 HOST-REDACTED-A systemd[1]: session-68.scope: Deactivated successfully.
2026-07-21T11:00:54.616748+02:00 HOST-REDACTED-A systemd-logind[1802]: Removed session 68.
2026-07-21T11:00:59.705294+02:00 HOST-REDACTED-A sshd-session[58889]: Accepted publickey for USER-REDACTED from IP-REDACTED port 43492 ssh2: ED25519 SSH-FINGERPRINT-REDACTED
2026-07-21T11:00:59.707251+02:00 HOST-REDACTED-A sshd-session[58889]: pam_unix(sshd:session): session opened for user USER-REDACTED(uid=1000) by USER-REDACTED(uid=0)
2026-07-21T11:00:59.735981+02:00 HOST-REDACTED-A systemd-logind[1802]: New session 69 of user USER-REDACTED.
2026-07-21T11:00:59.754579+02:00 HOST-REDACTED-A systemd[1]: Started Session 69 of User USER-REDACTED.
2026-07-21T11:00:59.803433+02:00 HOST-REDACTED-A sshd-session[58895]: Received disconnect from IP-REDACTED port 43492:11: disconnected by user
2026-07-21T11:00:59.803467+02:00 HOST-REDACTED-A sshd-session[58895]: Disconnected from user USER-REDACTED IP-REDACTED port 43492
2026-07-21T11:00:59.803693+02:00 HOST-REDACTED-A sshd-session[58889]: pam_unix(sshd:session): session closed for user USER-REDACTED
2026-07-21T11:00:59.806499+02:00 HOST-REDACTED-A systemd[1]: session-69.scope: Deactivated successfully.
2026-07-21T11:00:59.807109+02:00 HOST-REDACTED-A systemd-logind[1802]: Removed session 69.
2026-07-21T11:01:04.897836+02:00 HOST-REDACTED-A sshd-session[58996]: Accepted publickey for USER-REDACTED from IP-REDACTED port 51566 ssh2: ED25519 SSH-FINGERPRINT-REDACTED
2026-07-21T11:01:04.899356+02:00 HOST-REDACTED-A sshd-session[58996]: pam_unix(sshd:session): session opened for user USER-REDACTED(uid=1000) by USER-REDACTED(uid=0)
2026-07-21T11:01:04.933685+02:00 HOST-REDACTED-A systemd-logind[1802]: New session 70 of user USER-REDACTED.
2026-07-21T11:01:04.951583+02:00 HOST-REDACTED-A systemd[1]: Started Session 70 of User USER-REDACTED.
2026-07-21T11:01:05.001190+02:00 HOST-REDACTED-A sshd-session[59002]: Received disconnect from IP-REDACTED port 51566:11: disconnected by user
2026-07-21T11:01:05.001253+02:00 HOST-REDACTED-A sshd-session[59002]: Disconnected from user USER-REDACTED IP-REDACTED port 51566
2026-07-21T11:01:05.001512+02:00 HOST-REDACTED-A sshd-session[58996]: pam_unix(sshd:session): session closed for user USER-REDACTED
2026-07-21T11:01:05.004062+02:00 HOST-REDACTED-A systemd[1]: session-70.scope: Deactivated successfully.
2026-07-21T11:01:05.004609+02:00 HOST-REDACTED-A systemd-logind[1802]: Removed session 70.
2026-07-21T11:01:10.096340+02:00 HOST-REDACTED-A sshd-session[59103]: Accepted publickey for USER-REDACTED from IP-REDACTED port 51568 ssh2: ED25519 SSH-FINGERPRINT-REDACTED
2026-07-21T11:01:10.097737+02:00 HOST-REDACTED-A sshd-session[59103]: pam_unix(sshd:session): session opened for user USER-REDACTED(uid=1000) by USER-REDACTED(uid=0)
2026-07-21T11:01:10.126865+02:00 HOST-REDACTED-A systemd-logind[1802]: New session 71 of user USER-REDACTED.
2026-07-21T11:01:10.145583+02:00 HOST-REDACTED-A systemd[1]: Started Session 71 of User USER-REDACTED.
2026-07-21T11:01:10.195409+02:00 HOST-REDACTED-A sshd-session[59109]: Received disconnect from IP-REDACTED port 51568:11: disconnected by user
2026-07-21T11:01:10.195474+02:00 HOST-REDACTED-A sshd-session[59109]: Disconnected from user USER-REDACTED IP-REDACTED port 51568
2026-07-21T11:01:10.195782+02:00 HOST-REDACTED-A sshd-session[59103]: pam_unix(sshd:session): session closed for user USER-REDACTED
2026-07-21T11:01:10.198599+02:00 HOST-REDACTED-A systemd[1]: session-71.scope: Deactivated successfully.
2026-07-21T11:01:10.199195+02:00 HOST-REDACTED-A systemd-logind[1802]: Removed session 71.
2026-07-21T11:01:15.288618+02:00 HOST-REDACTED-A sshd-session[59212]: Accepted publickey for USER-REDACTED from IP-REDACTED port 53000 ssh2: ED25519 SSH-FINGERPRINT-REDACTED
2026-07-21T11:01:15.289992+02:00 HOST-REDACTED-A sshd-session[59212]: pam_unix(sshd:session): session opened for user USER-REDACTED(uid=1000) by USER-REDACTED(uid=0)
2026-07-21T11:01:15.304924+02:00 HOST-REDACTED-A systemd-logind[1802]: New session 72 of user USER-REDACTED.
2026-07-21T11:01:15.326581+02:00 HOST-REDACTED-A systemd[1]: Started Session 72 of User USER-REDACTED.
2026-07-21T11:01:15.375620+02:00 HOST-REDACTED-A sshd-session[59218]: Received disconnect from IP-REDACTED port 53000:11: disconnected by user
2026-07-21T11:01:15.375690+02:00 HOST-REDACTED-A sshd-session[59218]: Disconnected from user USER-REDACTED IP-REDACTED port 53000
2026-07-21T11:01:15.375971+02:00 HOST-REDACTED-A sshd-session[59212]: pam_unix(sshd:session): session closed for user USER-REDACTED
2026-07-21T11:01:15.378836+02:00 HOST-REDACTED-A systemd[1]: session-72.scope: Deactivated successfully.
2026-07-21T11:01:15.379455+02:00 HOST-REDACTED-A systemd-logind[1802]: Removed session 72.
2026-07-21T11:01:20.469349+02:00 HOST-REDACTED-A sshd-session[59316]: Accepted publickey for USER-REDACTED from IP-REDACTED port 53006 ssh2: ED25519 SSH-FINGERPRINT-REDACTED
2026-07-21T11:01:20.470719+02:00 HOST-REDACTED-A sshd-session[59316]: pam_unix(sshd:session): session opened for user USER-REDACTED(uid=1000) by USER-REDACTED(uid=0)
2026-07-21T11:01:20.499250+02:00 HOST-REDACTED-A systemd-logind[1802]: New session 73 of user USER-REDACTED.
2026-07-21T11:01:20.518598+02:00 HOST-REDACTED-A systemd[1]: Started Session 73 of User USER-REDACTED.
2026-07-21T11:01:20.569415+02:00 HOST-REDACTED-A sshd-session[59326]: Received disconnect from IP-REDACTED port 53006:11: disconnected by user
2026-07-21T11:01:20.569454+02:00 HOST-REDACTED-A sshd-session[59326]: Disconnected from user USER-REDACTED IP-REDACTED port 53006
2026-07-21T11:01:20.569676+02:00 HOST-REDACTED-A sshd-session[59316]: pam_unix(sshd:session): session closed for user USER-REDACTED
2026-07-21T11:01:20.572371+02:00 HOST-REDACTED-A systemd[1]: session-73.scope: Deactivated successfully.
2026-07-21T11:01:20.573003+02:00 HOST-REDACTED-A systemd-logind[1802]: Removed session 73.
2026-07-21T11:01:25.664211+02:00 HOST-REDACTED-A sshd-session[59423]: Accepted publickey for USER-REDACTED from IP-REDACTED port 58592 ssh2: ED25519 SSH-FINGERPRINT-REDACTED
2026-07-21T11:01:25.665758+02:00 HOST-REDACTED-A sshd-session[59423]: pam_unix(sshd:session): session opened for user USER-REDACTED(uid=1000) by USER-REDACTED(uid=0)
2026-07-21T11:01:25.694032+02:00 HOST-REDACTED-A systemd-logind[1802]: New session 74 of user USER-REDACTED.
2026-07-21T11:01:25.716589+02:00 HOST-REDACTED-A systemd[1]: Started Session 74 of User USER-REDACTED.
2026-07-21T11:01:25.766140+02:00 HOST-REDACTED-A sshd-session[59429]: Received disconnect from IP-REDACTED port 58592:11: disconnected by user
2026-07-21T11:01:25.766175+02:00 HOST-REDACTED-A sshd-session[59429]: Disconnected from user USER-REDACTED IP-REDACTED port 58592
2026-07-21T11:01:25.766389+02:00 HOST-REDACTED-A sshd-session[59423]: pam_unix(sshd:session): session closed for user USER-REDACTED
2026-07-21T11:01:25.769015+02:00 HOST-REDACTED-A systemd[1]: session-74.scope: Deactivated successfully.
2026-07-21T11:01:25.769695+02:00 HOST-REDACTED-A systemd-logind[1802]: Removed session 74.
2026-07-21T11:01:26.401121+02:00 HOST-REDACTED-A rigsignal-agent[2149]: 2026-07-21T09:01:26.401105Z  INFO rigsignal_agent::session: No game detected — idle polling
2026-07-21T11:01:30.857483+02:00 HOST-REDACTED-A sshd-session[59530]: Accepted publickey for USER-REDACTED from IP-REDACTED port 58600 ssh2: ED25519 SSH-FINGERPRINT-REDACTED
2026-07-21T11:01:30.859191+02:00 HOST-REDACTED-A sshd-session[59530]: pam_unix(sshd:session): session opened for user USER-REDACTED(uid=1000) by USER-REDACTED(uid=0)
2026-07-21T11:01:30.887191+02:00 HOST-REDACTED-A systemd-logind[1802]: New session 75 of user USER-REDACTED.
2026-07-21T11:01:30.910582+02:00 HOST-REDACTED-A systemd[1]: Started Session 75 of User USER-REDACTED.
2026-07-21T11:01:30.959441+02:00 HOST-REDACTED-A sshd-session[59554]: Received disconnect from IP-REDACTED port 58600:11: disconnected by user
2026-07-21T11:01:30.959506+02:00 HOST-REDACTED-A sshd-session[59554]: Disconnected from user USER-REDACTED IP-REDACTED port 58600
2026-07-21T11:01:30.959829+02:00 HOST-REDACTED-A sshd-session[59530]: pam_unix(sshd:session): session closed for user USER-REDACTED
2026-07-21T11:01:30.963048+02:00 HOST-REDACTED-A systemd[1]: session-75.scope: Deactivated successfully.
2026-07-21T11:01:30.964011+02:00 HOST-REDACTED-A systemd-logind[1802]: Removed session 75.
2026-07-21T11:01:36.050796+02:00 HOST-REDACTED-A sshd-session[59654]: Accepted publickey for USER-REDACTED from IP-REDACTED port 50120 ssh2: ED25519 SSH-FINGERPRINT-REDACTED
2026-07-21T11:01:36.052179+02:00 HOST-REDACTED-A sshd-session[59654]: pam_unix(sshd:session): session opened for user USER-REDACTED(uid=1000) by USER-REDACTED(uid=0)
2026-07-21T11:01:36.072033+02:00 HOST-REDACTED-A systemd-logind[1802]: New session 76 of user USER-REDACTED.
2026-07-21T11:01:36.098602+02:00 HOST-REDACTED-A systemd[1]: Started Session 76 of User USER-REDACTED.
2026-07-21T11:01:36.145512+02:00 HOST-REDACTED-A sshd-session[59663]: Received disconnect from IP-REDACTED port 50120:11: disconnected by user
2026-07-21T11:01:36.145590+02:00 HOST-REDACTED-A sshd-session[59663]: Disconnected from user USER-REDACTED IP-REDACTED port 50120
2026-07-21T11:01:36.145780+02:00 HOST-REDACTED-A sshd-session[59654]: pam_unix(sshd:session): session closed for user USER-REDACTED
2026-07-21T11:01:36.148601+02:00 HOST-REDACTED-A systemd[1]: session-76.scope: Deactivated successfully.
2026-07-21T11:01:36.149261+02:00 HOST-REDACTED-A systemd-logind[1802]: Removed session 76.
2026-07-21T11:01:41.238560+02:00 HOST-REDACTED-A sshd-session[59764]: Accepted publickey for USER-REDACTED from IP-REDACTED port 50124 ssh2: ED25519 SSH-FINGERPRINT-REDACTED
2026-07-21T11:01:41.240611+02:00 HOST-REDACTED-A sshd-session[59764]: pam_unix(sshd:session): session opened for user USER-REDACTED(uid=1000) by USER-REDACTED(uid=0)
2026-07-21T11:01:41.263972+02:00 HOST-REDACTED-A systemd-logind[1802]: New session 77 of user USER-REDACTED.
2026-07-21T11:01:41.284580+02:00 HOST-REDACTED-A systemd[1]: Started Session 77 of User USER-REDACTED.
2026-07-21T11:01:41.332665+02:00 HOST-REDACTED-A sshd-session[59770]: Received disconnect from IP-REDACTED port 50124:11: disconnected by user
2026-07-21T11:01:41.332731+02:00 HOST-REDACTED-A sshd-session[59770]: Disconnected from user USER-REDACTED IP-REDACTED port 50124
2026-07-21T11:01:41.332988+02:00 HOST-REDACTED-A sshd-session[59764]: pam_unix(sshd:session): session closed for user USER-REDACTED
2026-07-21T11:01:41.336290+02:00 HOST-REDACTED-A systemd[1]: session-77.scope: Deactivated successfully.
2026-07-21T11:01:41.336960+02:00 HOST-REDACTED-A systemd-logind[1802]: Removed session 77.
2026-07-21T11:01:46.434989+02:00 HOST-REDACTED-A sshd-session[59871]: Accepted publickey for USER-REDACTED from IP-REDACTED port 41274 ssh2: ED25519 SSH-FINGERPRINT-REDACTED
2026-07-21T11:01:46.436545+02:00 HOST-REDACTED-A sshd-session[59871]: pam_unix(sshd:session): session opened for user USER-REDACTED(uid=1000) by USER-REDACTED(uid=0)
2026-07-21T11:01:46.469161+02:00 HOST-REDACTED-A systemd-logind[1802]: New session 78 of user USER-REDACTED.
2026-07-21T11:01:46.491596+02:00 HOST-REDACTED-A systemd[1]: Started Session 78 of User USER-REDACTED.
2026-07-21T11:01:46.541283+02:00 HOST-REDACTED-A sshd-session[59877]: Received disconnect from IP-REDACTED port 41274:11: disconnected by user
2026-07-21T11:01:46.541322+02:00 HOST-REDACTED-A sshd-session[59877]: Disconnected from user USER-REDACTED IP-REDACTED port 41274
2026-07-21T11:01:46.541564+02:00 HOST-REDACTED-A sshd-session[59871]: pam_unix(sshd:session): session closed for user USER-REDACTED
2026-07-21T11:01:46.544507+02:00 HOST-REDACTED-A systemd[1]: session-78.scope: Deactivated successfully.
2026-07-21T11:01:46.545326+02:00 HOST-REDACTED-A systemd-logind[1802]: Removed session 78.
2026-07-21T11:01:51.637498+02:00 HOST-REDACTED-A sshd-session[59980]: Accepted publickey for USER-REDACTED from IP-REDACTED port 41276 ssh2: ED25519 SSH-FINGERPRINT-REDACTED
2026-07-21T11:01:51.639312+02:00 HOST-REDACTED-A sshd-session[59980]: pam_unix(sshd:session): session opened for user USER-REDACTED(uid=1000) by USER-REDACTED(uid=0)
2026-07-21T11:01:51.661932+02:00 HOST-REDACTED-A systemd-logind[1802]: New session 79 of user USER-REDACTED.
2026-07-21T11:01:51.680583+02:00 HOST-REDACTED-A systemd[1]: Started Session 79 of User USER-REDACTED.
2026-07-21T11:01:51.728298+02:00 HOST-REDACTED-A sshd-session[59986]: Received disconnect from IP-REDACTED port 41276:11: disconnected by user
2026-07-21T11:01:51.728335+02:00 HOST-REDACTED-A sshd-session[59986]: Disconnected from user USER-REDACTED IP-REDACTED port 41276
2026-07-21T11:01:51.728595+02:00 HOST-REDACTED-A sshd-session[59980]: pam_unix(sshd:session): session closed for user USER-REDACTED
2026-07-21T11:01:51.731778+02:00 HOST-REDACTED-A systemd[1]: session-79.scope: Deactivated successfully.
2026-07-21T11:01:51.732612+02:00 HOST-REDACTED-A systemd-logind[1802]: Removed session 79.
2026-07-21T11:01:56.824006+02:00 HOST-REDACTED-A sshd-session[60087]: Accepted publickey for USER-REDACTED from IP-REDACTED port 38246 ssh2: ED25519 SSH-FINGERPRINT-REDACTED
2026-07-21T11:01:56.825979+02:00 HOST-REDACTED-A sshd-session[60087]: pam_unix(sshd:session): session opened for user USER-REDACTED(uid=1000) by USER-REDACTED(uid=0)
2026-07-21T11:01:56.836227+02:00 HOST-REDACTED-A systemd-logind[1802]: New session 80 of user USER-REDACTED.
2026-07-21T11:01:56.854609+02:00 HOST-REDACTED-A systemd[1]: Started Session 80 of User USER-REDACTED.
2026-07-21T11:01:56.901449+02:00 HOST-REDACTED-A sshd-session[60095]: Received disconnect from IP-REDACTED port 38246:11: disconnected by user
2026-07-21T11:01:56.901514+02:00 HOST-REDACTED-A sshd-session[60095]: Disconnected from user USER-REDACTED IP-REDACTED port 38246
2026-07-21T11:01:56.901828+02:00 HOST-REDACTED-A sshd-session[60087]: pam_unix(sshd:session): session closed for user USER-REDACTED
2026-07-21T11:01:56.905323+02:00 HOST-REDACTED-A systemd[1]: session-80.scope: Deactivated successfully.
2026-07-21T11:01:56.906129+02:00 HOST-REDACTED-A systemd-logind[1802]: Removed session 80.
2026-07-21T11:01:59.401032+02:00 HOST-REDACTED-A rigsignal-agent[2149]: 2026-07-21T09:01:59.401018Z  INFO rigsignal_agent::session: No game detected — idle polling
2026-07-21T11:02:01.990834+02:00 HOST-REDACTED-A sshd-session[60193]: Accepted publickey for USER-REDACTED from IP-REDACTED port 38258 ssh2: ED25519 SSH-FINGERPRINT-REDACTED
2026-07-21T11:02:01.992627+02:00 HOST-REDACTED-A sshd-session[60193]: pam_unix(sshd:session): session opened for user USER-REDACTED(uid=1000) by USER-REDACTED(uid=0)
2026-07-21T11:02:02.016110+02:00 HOST-REDACTED-A systemd-logind[1802]: New session 81 of user USER-REDACTED.
2026-07-21T11:02:02.036592+02:00 HOST-REDACTED-A systemd[1]: Started Session 81 of User USER-REDACTED.
2026-07-21T11:02:02.084745+02:00 HOST-REDACTED-A sshd-session[60200]: Received disconnect from IP-REDACTED port 38258:11: disconnected by user
2026-07-21T11:02:02.084813+02:00 HOST-REDACTED-A sshd-session[60200]: Disconnected from user USER-REDACTED IP-REDACTED port 38258
2026-07-21T11:02:02.085118+02:00 HOST-REDACTED-A sshd-session[60193]: pam_unix(sshd:session): session closed for user USER-REDACTED
2026-07-21T11:02:02.088584+02:00 HOST-REDACTED-A systemd[1]: session-81.scope: Deactivated successfully.
2026-07-21T11:02:02.089354+02:00 HOST-REDACTED-A systemd-logind[1802]: Removed session 81.
2026-07-21T11:02:07.178208+02:00 HOST-REDACTED-A sshd-session[60301]: Accepted publickey for USER-REDACTED from IP-REDACTED port 49984 ssh2: ED25519 SSH-FINGERPRINT-REDACTED
2026-07-21T11:02:07.179819+02:00 HOST-REDACTED-A sshd-session[60301]: pam_unix(sshd:session): session opened for user USER-REDACTED(uid=1000) by USER-REDACTED(uid=0)
2026-07-21T11:02:07.203881+02:00 HOST-REDACTED-A systemd-logind[1802]: New session 82 of user USER-REDACTED.
2026-07-21T11:02:07.216595+02:00 HOST-REDACTED-A systemd[1]: Started Session 82 of User USER-REDACTED.
2026-07-21T11:02:07.266339+02:00 HOST-REDACTED-A sshd-session[60307]: Received disconnect from IP-REDACTED port 49984:11: disconnected by user
2026-07-21T11:02:07.266405+02:00 HOST-REDACTED-A sshd-session[60307]: Disconnected from user USER-REDACTED IP-REDACTED port 49984
2026-07-21T11:02:07.266735+02:00 HOST-REDACTED-A sshd-session[60301]: pam_unix(sshd:session): session closed for user USER-REDACTED
2026-07-21T11:02:07.270433+02:00 HOST-REDACTED-A systemd[1]: session-82.scope: Deactivated successfully.
2026-07-21T11:02:07.271066+02:00 HOST-REDACTED-A systemd-logind[1802]: Removed session 82.
2026-07-21T11:02:12.366124+02:00 HOST-REDACTED-A sshd-session[60410]: Accepted publickey for USER-REDACTED from IP-REDACTED port 49998 ssh2: ED25519 SSH-FINGERPRINT-REDACTED
2026-07-21T11:02:12.367890+02:00 HOST-REDACTED-A sshd-session[60410]: pam_unix(sshd:session): session opened for user USER-REDACTED(uid=1000) by USER-REDACTED(uid=0)
2026-07-21T11:02:12.390501+02:00 HOST-REDACTED-A systemd-logind[1802]: New session 83 of user USER-REDACTED.
2026-07-21T11:02:12.402593+02:00 HOST-REDACTED-A systemd[1]: Started Session 83 of User USER-REDACTED.
2026-07-21T11:02:12.451352+02:00 HOST-REDACTED-A sshd-session[60416]: Received disconnect from IP-REDACTED port 49998:11: disconnected by user
2026-07-21T11:02:12.451385+02:00 HOST-REDACTED-A sshd-session[60416]: Disconnected from user USER-REDACTED IP-REDACTED port 49998
2026-07-21T11:02:12.451601+02:00 HOST-REDACTED-A sshd-session[60410]: pam_unix(sshd:session): session closed for user USER-REDACTED
2026-07-21T11:02:12.454710+02:00 HOST-REDACTED-A systemd[1]: session-83.scope: Deactivated successfully.
2026-07-21T11:02:12.455297+02:00 HOST-REDACTED-A systemd-logind[1802]: Removed session 83.
2026-07-21T11:02:17.543446+02:00 HOST-REDACTED-A sshd-session[60517]: Accepted publickey for USER-REDACTED from IP-REDACTED port 49120 ssh2: ED25519 SSH-FINGERPRINT-REDACTED
2026-07-21T11:02:17.545325+02:00 HOST-REDACTED-A sshd-session[60517]: pam_unix(sshd:session): session opened for user USER-REDACTED(uid=1000) by USER-REDACTED(uid=0)
2026-07-21T11:02:17.577888+02:00 HOST-REDACTED-A systemd-logind[1802]: New session 84 of user USER-REDACTED.
2026-07-21T11:02:17.605585+02:00 HOST-REDACTED-A systemd[1]: Started Session 84 of User USER-REDACTED.
2026-07-21T11:02:17.655513+02:00 HOST-REDACTED-A sshd-session[60523]: Received disconnect from IP-REDACTED port 49120:11: disconnected by user
2026-07-21T11:02:17.655596+02:00 HOST-REDACTED-A sshd-session[60523]: Disconnected from user USER-REDACTED IP-REDACTED port 49120
2026-07-21T11:02:17.655760+02:00 HOST-REDACTED-A sshd-session[60517]: pam_unix(sshd:session): session closed for user USER-REDACTED
2026-07-21T11:02:17.659205+02:00 HOST-REDACTED-A systemd[1]: session-84.scope: Deactivated successfully.
2026-07-21T11:02:17.659796+02:00 HOST-REDACTED-A systemd-logind[1802]: Removed session 84.
2026-07-21T11:02:22.750598+02:00 HOST-REDACTED-A sshd-session[60624]: Accepted publickey for USER-REDACTED from IP-REDACTED port 49128 ssh2: ED25519 SSH-FINGERPRINT-REDACTED
2026-07-21T11:02:22.752424+02:00 HOST-REDACTED-A sshd-session[60624]: pam_unix(sshd:session): session opened for user USER-REDACTED(uid=1000) by USER-REDACTED(uid=0)
2026-07-21T11:02:22.775386+02:00 HOST-REDACTED-A systemd-logind[1802]: New session 85 of user USER-REDACTED.
2026-07-21T11:02:22.792581+02:00 HOST-REDACTED-A systemd[1]: Started Session 85 of User USER-REDACTED.
2026-07-21T11:02:22.841796+02:00 HOST-REDACTED-A sshd-session[60630]: Received disconnect from IP-REDACTED port 49128:11: disconnected by user
2026-07-21T11:02:22.841863+02:00 HOST-REDACTED-A sshd-session[60630]: Disconnected from user USER-REDACTED IP-REDACTED port 49128
2026-07-21T11:02:22.842180+02:00 HOST-REDACTED-A sshd-session[60624]: pam_unix(sshd:session): session closed for user USER-REDACTED
2026-07-21T11:02:22.844960+02:00 HOST-REDACTED-A systemd[1]: session-85.scope: Deactivated successfully.
2026-07-21T11:02:22.845510+02:00 HOST-REDACTED-A systemd-logind[1802]: Removed session 85.
2026-07-21T11:02:27.935997+02:00 HOST-REDACTED-A sshd-session[60731]: Accepted publickey for USER-REDACTED from IP-REDACTED port 38052 ssh2: ED25519 SSH-FINGERPRINT-REDACTED
2026-07-21T11:02:27.937843+02:00 HOST-REDACTED-A sshd-session[60731]: pam_unix(sshd:session): session opened for user USER-REDACTED(uid=1000) by USER-REDACTED(uid=0)
2026-07-21T11:02:27.961775+02:00 HOST-REDACTED-A systemd-logind[1802]: New session 86 of user USER-REDACTED.
2026-07-21T11:02:27.984582+02:00 HOST-REDACTED-A systemd[1]: Started Session 86 of User USER-REDACTED.
2026-07-21T11:02:28.033254+02:00 HOST-REDACTED-A sshd-session[60737]: Received disconnect from IP-REDACTED port 38052:11: disconnected by user
2026-07-21T11:02:28.033293+02:00 HOST-REDACTED-A sshd-session[60737]: Disconnected from user USER-REDACTED IP-REDACTED port 38052
2026-07-21T11:02:28.033517+02:00 HOST-REDACTED-A sshd-session[60731]: pam_unix(sshd:session): session closed for user USER-REDACTED
2026-07-21T11:02:28.036537+02:00 HOST-REDACTED-A systemd[1]: session-86.scope: Deactivated successfully.
2026-07-21T11:02:28.037207+02:00 HOST-REDACTED-A systemd-logind[1802]: Removed session 86.
2026-07-21T11:02:32.401088+02:00 HOST-REDACTED-A rigsignal-agent[2149]: 2026-07-21T09:02:32.401060Z  INFO rigsignal_agent::session: No game detected — idle polling
2026-07-21T11:02:33.128618+02:00 HOST-REDACTED-A sshd-session[60842]: Accepted publickey for USER-REDACTED from IP-REDACTED port 38054 ssh2: ED25519 SSH-FINGERPRINT-REDACTED
2026-07-21T11:02:33.130218+02:00 HOST-REDACTED-A sshd-session[60842]: pam_unix(sshd:session): session opened for user USER-REDACTED(uid=1000) by USER-REDACTED(uid=0)
2026-07-21T11:02:33.156758+02:00 HOST-REDACTED-A systemd-logind[1802]: New session 87 of user USER-REDACTED.
2026-07-21T11:02:33.175611+02:00 HOST-REDACTED-A systemd[1]: Started Session 87 of User USER-REDACTED.
2026-07-21T11:02:33.223311+02:00 HOST-REDACTED-A sshd-session[60866]: Received disconnect from IP-REDACTED port 38054:11: disconnected by user
2026-07-21T11:02:33.223346+02:00 HOST-REDACTED-A sshd-session[60866]: Disconnected from user USER-REDACTED IP-REDACTED port 38054
2026-07-21T11:02:33.223518+02:00 HOST-REDACTED-A sshd-session[60842]: pam_unix(sshd:session): session closed for user USER-REDACTED
2026-07-21T11:02:33.226075+02:00 HOST-REDACTED-A systemd[1]: session-87.scope: Deactivated successfully.
2026-07-21T11:02:33.226697+02:00 HOST-REDACTED-A systemd-logind[1802]: Removed session 87.
2026-07-21T11:02:38.323450+02:00 HOST-REDACTED-A sshd-session[60951]: Accepted publickey for USER-REDACTED from IP-REDACTED port 58400 ssh2: ED25519 SSH-FINGERPRINT-REDACTED
2026-07-21T11:02:38.325256+02:00 HOST-REDACTED-A sshd-session[60951]: pam_unix(sshd:session): session opened for user USER-REDACTED(uid=1000) by USER-REDACTED(uid=0)
2026-07-21T11:02:38.347233+02:00 HOST-REDACTED-A systemd-logind[1802]: New session 88 of user USER-REDACTED.
2026-07-21T11:02:38.366601+02:00 HOST-REDACTED-A systemd[1]: Started Session 88 of User USER-REDACTED.
2026-07-21T11:02:38.414463+02:00 HOST-REDACTED-A sshd-session[60970]: Received disconnect from IP-REDACTED port 58400:11: disconnected by user
2026-07-21T11:02:38.414498+02:00 HOST-REDACTED-A sshd-session[60970]: Disconnected from user USER-REDACTED IP-REDACTED port 58400
2026-07-21T11:02:38.414725+02:00 HOST-REDACTED-A sshd-session[60951]: pam_unix(sshd:session): session closed for user USER-REDACTED
2026-07-21T11:02:38.417521+02:00 HOST-REDACTED-A systemd[1]: session-88.scope: Deactivated successfully.
2026-07-21T11:02:38.417938+02:00 HOST-REDACTED-A systemd-logind[1802]: Removed session 88.
2026-07-21T11:02:43.507879+02:00 HOST-REDACTED-A sshd-session[61071]: Accepted publickey for USER-REDACTED from IP-REDACTED port 58412 ssh2: ED25519 SSH-FINGERPRINT-REDACTED
2026-07-21T11:02:43.509222+02:00 HOST-REDACTED-A sshd-session[61071]: pam_unix(sshd:session): session opened for user USER-REDACTED(uid=1000) by USER-REDACTED(uid=0)
2026-07-21T11:02:43.534575+02:00 HOST-REDACTED-A systemd-logind[1802]: New session 89 of user USER-REDACTED.
2026-07-21T11:02:43.550589+02:00 HOST-REDACTED-A systemd[1]: Started Session 89 of User USER-REDACTED.
2026-07-21T11:02:43.600435+02:00 HOST-REDACTED-A sshd-session[61077]: Received disconnect from IP-REDACTED port 58412:11: disconnected by user
2026-07-21T11:02:43.600500+02:00 HOST-REDACTED-A sshd-session[61077]: Disconnected from user USER-REDACTED IP-REDACTED port 58412
2026-07-21T11:02:43.600759+02:00 HOST-REDACTED-A sshd-session[61071]: pam_unix(sshd:session): session closed for user USER-REDACTED
2026-07-21T11:02:43.603382+02:00 HOST-REDACTED-A systemd[1]: session-89.scope: Deactivated successfully.
2026-07-21T11:02:43.603981+02:00 HOST-REDACTED-A systemd-logind[1802]: Removed session 89.
2026-07-21T11:02:48.692611+02:00 HOST-REDACTED-A sshd-session[61178]: Accepted publickey for USER-REDACTED from IP-REDACTED port 33350 ssh2: ED25519 SSH-FINGERPRINT-REDACTED
2026-07-21T11:02:48.694519+02:00 HOST-REDACTED-A sshd-session[61178]: pam_unix(sshd:session): session opened for user USER-REDACTED(uid=1000) by USER-REDACTED(uid=0)
2026-07-21T11:02:48.715164+02:00 HOST-REDACTED-A systemd-logind[1802]: New session 90 of user USER-REDACTED.
2026-07-21T11:02:48.742582+02:00 HOST-REDACTED-A systemd[1]: Started Session 90 of User USER-REDACTED.
2026-07-21T11:02:48.790371+02:00 HOST-REDACTED-A sshd-session[61184]: Received disconnect from IP-REDACTED port 33350:11: disconnected by user
2026-07-21T11:02:48.790406+02:00 HOST-REDACTED-A sshd-session[61184]: Disconnected from user USER-REDACTED IP-REDACTED port 33350
2026-07-21T11:02:48.790560+02:00 HOST-REDACTED-A sshd-session[61178]: pam_unix(sshd:session): session closed for user USER-REDACTED
2026-07-21T11:02:48.793222+02:00 HOST-REDACTED-A systemd[1]: session-90.scope: Deactivated successfully.
2026-07-21T11:02:48.793996+02:00 HOST-REDACTED-A systemd-logind[1802]: Removed session 90.
2026-07-21T11:02:53.882744+02:00 HOST-REDACTED-A sshd-session[61287]: Accepted publickey for USER-REDACTED from IP-REDACTED port 44744 ssh2: ED25519 SSH-FINGERPRINT-REDACTED
2026-07-21T11:02:53.884114+02:00 HOST-REDACTED-A sshd-session[61287]: pam_unix(sshd:session): session opened for user USER-REDACTED(uid=1000) by USER-REDACTED(uid=0)
2026-07-21T11:02:53.912354+02:00 HOST-REDACTED-A systemd-logind[1802]: New session 91 of user USER-REDACTED.
2026-07-21T11:02:53.934585+02:00 HOST-REDACTED-A systemd[1]: Started Session 91 of User USER-REDACTED.
2026-07-21T11:02:53.983081+02:00 HOST-REDACTED-A sshd-session[61293]: Received disconnect from IP-REDACTED port 44744:11: disconnected by user
2026-07-21T11:02:53.983147+02:00 HOST-REDACTED-A sshd-session[61293]: Disconnected from user USER-REDACTED IP-REDACTED port 44744
2026-07-21T11:02:53.983462+02:00 HOST-REDACTED-A sshd-session[61287]: pam_unix(sshd:session): session closed for user USER-REDACTED
2026-07-21T11:02:53.986203+02:00 HOST-REDACTED-A systemd[1]: session-91.scope: Deactivated successfully.
2026-07-21T11:02:53.987059+02:00 HOST-REDACTED-A systemd-logind[1802]: Removed session 91.
2026-07-21T11:02:59.076825+02:00 HOST-REDACTED-A sshd-session[61394]: Accepted publickey for USER-REDACTED from IP-REDACTED port 44756 ssh2: ED25519 SSH-FINGERPRINT-REDACTED
2026-07-21T11:02:59.078454+02:00 HOST-REDACTED-A sshd-session[61394]: pam_unix(sshd:session): session opened for user USER-REDACTED(uid=1000) by USER-REDACTED(uid=0)
2026-07-21T11:02:59.103707+02:00 HOST-REDACTED-A systemd-logind[1802]: New session 92 of user USER-REDACTED.
2026-07-21T11:02:59.117584+02:00 HOST-REDACTED-A systemd[1]: Started Session 92 of User USER-REDACTED.
2026-07-21T11:02:59.164721+02:00 HOST-REDACTED-A sshd-session[61400]: Received disconnect from IP-REDACTED port 44756:11: disconnected by user
2026-07-21T11:02:59.164755+02:00 HOST-REDACTED-A sshd-session[61400]: Disconnected from user USER-REDACTED IP-REDACTED port 44756
2026-07-21T11:02:59.164968+02:00 HOST-REDACTED-A sshd-session[61394]: pam_unix(sshd:session): session closed for user USER-REDACTED
2026-07-21T11:02:59.168524+02:00 HOST-REDACTED-A systemd[1]: session-92.scope: Deactivated successfully.
2026-07-21T11:02:59.169214+02:00 HOST-REDACTED-A systemd-logind[1802]: Removed session 92.
2026-07-21T11:03:04.259061+02:00 HOST-REDACTED-A sshd-session[61501]: Accepted publickey for USER-REDACTED from IP-REDACTED port 49018 ssh2: ED25519 SSH-FINGERPRINT-REDACTED
2026-07-21T11:03:04.261069+02:00 HOST-REDACTED-A sshd-session[61501]: pam_unix(sshd:session): session opened for user USER-REDACTED(uid=1000) by USER-REDACTED(uid=0)
2026-07-21T11:03:04.295391+02:00 HOST-REDACTED-A systemd-logind[1802]: New session 93 of user USER-REDACTED.
2026-07-21T11:03:04.310582+02:00 HOST-REDACTED-A systemd[1]: Started Session 93 of User USER-REDACTED.
2026-07-21T11:03:04.360936+02:00 HOST-REDACTED-A sshd-session[61507]: Received disconnect from IP-REDACTED port 49018:11: disconnected by user
2026-07-21T11:03:04.361004+02:00 HOST-REDACTED-A sshd-session[61507]: Disconnected from user USER-REDACTED IP-REDACTED port 49018
2026-07-21T11:03:04.361319+02:00 HOST-REDACTED-A sshd-session[61501]: pam_unix(sshd:session): session closed for user USER-REDACTED
2026-07-21T11:03:04.365326+02:00 HOST-REDACTED-A systemd[1]: session-93.scope: Deactivated successfully.
2026-07-21T11:03:04.366000+02:00 HOST-REDACTED-A systemd-logind[1802]: Removed session 93.
2026-07-21T11:03:05.400868+02:00 HOST-REDACTED-A rigsignal-agent[2149]: 2026-07-21T09:03:05.400841Z  INFO rigsignal_agent::session: No game detected — idle polling
2026-07-21T11:03:09.454680+02:00 HOST-REDACTED-A sshd-session[61608]: Accepted publickey for USER-REDACTED from IP-REDACTED port 49028 ssh2: ED25519 SSH-FINGERPRINT-REDACTED
2026-07-21T11:03:09.456451+02:00 HOST-REDACTED-A sshd-session[61608]: pam_unix(sshd:session): session opened for user USER-REDACTED(uid=1000) by USER-REDACTED(uid=0)
2026-07-21T11:03:09.479220+02:00 HOST-REDACTED-A systemd-logind[1802]: New session 94 of user USER-REDACTED.
2026-07-21T11:03:09.491581+02:00 HOST-REDACTED-A systemd[1]: Started Session 94 of User USER-REDACTED.
2026-07-21T11:03:09.539378+02:00 HOST-REDACTED-A sshd-session[61614]: Received disconnect from IP-REDACTED port 49028:11: disconnected by user
2026-07-21T11:03:09.539412+02:00 HOST-REDACTED-A sshd-session[61614]: Disconnected from user USER-REDACTED IP-REDACTED port 49028
2026-07-21T11:03:09.539578+02:00 HOST-REDACTED-A sshd-session[61608]: pam_unix(sshd:session): session closed for user USER-REDACTED
2026-07-21T11:03:09.543458+02:00 HOST-REDACTED-A systemd[1]: session-94.scope: Deactivated successfully.
2026-07-21T11:03:09.544102+02:00 HOST-REDACTED-A systemd-logind[1802]: Removed session 94.
2026-07-21T11:03:14.633207+02:00 HOST-REDACTED-A sshd-session[61717]: Accepted publickey for USER-REDACTED from IP-REDACTED port 43258 ssh2: ED25519 SSH-FINGERPRINT-REDACTED
2026-07-21T11:03:14.634616+02:00 HOST-REDACTED-A sshd-session[61717]: pam_unix(sshd:session): session opened for user USER-REDACTED(uid=1000) by USER-REDACTED(uid=0)
2026-07-21T11:03:14.649629+02:00 HOST-REDACTED-A systemd-logind[1802]: New session 95 of user USER-REDACTED.
2026-07-21T11:03:14.663580+02:00 HOST-REDACTED-A systemd[1]: Started Session 95 of User USER-REDACTED.
2026-07-21T11:03:14.712296+02:00 HOST-REDACTED-A sshd-session[61723]: Received disconnect from IP-REDACTED port 43258:11: disconnected by user
2026-07-21T11:03:14.712363+02:00 HOST-REDACTED-A sshd-session[61723]: Disconnected from user USER-REDACTED IP-REDACTED port 43258
2026-07-21T11:03:14.712689+02:00 HOST-REDACTED-A sshd-session[61717]: pam_unix(sshd:session): session closed for user USER-REDACTED
2026-07-21T11:03:14.715503+02:00 HOST-REDACTED-A systemd[1]: session-95.scope: Deactivated successfully.
2026-07-21T11:03:14.716121+02:00 HOST-REDACTED-A systemd-logind[1802]: Removed session 95.
2026-07-21T11:03:19.809891+02:00 HOST-REDACTED-A sshd-session[61821]: Accepted publickey for USER-REDACTED from IP-REDACTED port 43260 ssh2: ED25519 SSH-FINGERPRINT-REDACTED
2026-07-21T11:03:19.811495+02:00 HOST-REDACTED-A sshd-session[61821]: pam_unix(sshd:session): session opened for user USER-REDACTED(uid=1000) by USER-REDACTED(uid=0)
2026-07-21T11:03:19.827055+02:00 HOST-REDACTED-A systemd-logind[1802]: New session 96 of user USER-REDACTED.
2026-07-21T11:03:19.849603+02:00 HOST-REDACTED-A systemd[1]: Started Session 96 of User USER-REDACTED.
2026-07-21T11:03:19.896353+02:00 HOST-REDACTED-A sshd-session[61827]: Received disconnect from IP-REDACTED port 43260:11: disconnected by user
2026-07-21T11:03:19.896387+02:00 HOST-REDACTED-A sshd-session[61827]: Disconnected from user USER-REDACTED IP-REDACTED port 43260
2026-07-21T11:03:19.896609+02:00 HOST-REDACTED-A sshd-session[61821]: pam_unix(sshd:session): session closed for user USER-REDACTED
2026-07-21T11:03:19.900068+02:00 HOST-REDACTED-A systemd[1]: session-96.scope: Deactivated successfully.
2026-07-21T11:03:19.900660+02:00 HOST-REDACTED-A systemd-logind[1802]: Removed session 96.
2026-07-21T11:03:24.989872+02:00 HOST-REDACTED-A sshd-session[61928]: Accepted publickey for USER-REDACTED from IP-REDACTED port 60860 ssh2: ED25519 SSH-FINGERPRINT-REDACTED
2026-07-21T11:03:24.991218+02:00 HOST-REDACTED-A sshd-session[61928]: pam_unix(sshd:session): session opened for user USER-REDACTED(uid=1000) by USER-REDACTED(uid=0)
2026-07-21T11:03:25.026409+02:00 HOST-REDACTED-A systemd-logind[1802]: New session 97 of user USER-REDACTED.
2026-07-21T11:03:25.044582+02:00 HOST-REDACTED-A systemd[1]: Started Session 97 of User USER-REDACTED.
2026-07-21T11:03:25.091984+02:00 HOST-REDACTED-A sshd-session[61934]: Received disconnect from IP-REDACTED port 60860:11: disconnected by user
2026-07-21T11:03:25.092047+02:00 HOST-REDACTED-A sshd-session[61934]: Disconnected from user USER-REDACTED IP-REDACTED port 60860
2026-07-21T11:03:25.092359+02:00 HOST-REDACTED-A sshd-session[61928]: pam_unix(sshd:session): session closed for user USER-REDACTED
2026-07-21T11:03:25.094929+02:00 HOST-REDACTED-A systemd[1]: session-97.scope: Deactivated successfully.
2026-07-21T11:03:25.095514+02:00 HOST-REDACTED-A systemd-logind[1802]: Removed session 97.
2026-07-21T11:03:30.181074+02:00 HOST-REDACTED-A sshd-session[62035]: Accepted publickey for USER-REDACTED from IP-REDACTED port 60874 ssh2: ED25519 SSH-FINGERPRINT-REDACTED
2026-07-21T11:03:30.182770+02:00 HOST-REDACTED-A sshd-session[62035]: pam_unix(sshd:session): session opened for user USER-REDACTED(uid=1000) by USER-REDACTED(uid=0)
2026-07-21T11:03:30.219209+02:00 HOST-REDACTED-A systemd-logind[1802]: New session 98 of user USER-REDACTED.
2026-07-21T11:03:30.245582+02:00 HOST-REDACTED-A systemd[1]: Started Session 98 of User USER-REDACTED.
2026-07-21T11:03:30.294773+02:00 HOST-REDACTED-A sshd-session[62041]: Received disconnect from IP-REDACTED port 60874:11: disconnected by user
2026-07-21T11:03:30.294838+02:00 HOST-REDACTED-A sshd-session[62041]: Disconnected from user USER-REDACTED IP-REDACTED port 60874
2026-07-21T11:03:30.295146+02:00 HOST-REDACTED-A sshd-session[62035]: pam_unix(sshd:session): session closed for user USER-REDACTED
2026-07-21T11:03:30.298057+02:00 HOST-REDACTED-A systemd[1]: session-98.scope: Deactivated successfully.
2026-07-21T11:03:30.299023+02:00 HOST-REDACTED-A systemd-logind[1802]: Removed session 98.
2026-07-21T11:03:35.399164+02:00 HOST-REDACTED-A sshd-session[62145]: Accepted publickey for USER-REDACTED from IP-REDACTED port 39922 ssh2: ED25519 SSH-FINGERPRINT-REDACTED
2026-07-21T11:03:35.400463+02:00 HOST-REDACTED-A sshd-session[62145]: pam_unix(sshd:session): session opened for user USER-REDACTED(uid=1000) by USER-REDACTED(uid=0)
2026-07-21T11:03:35.433130+02:00 HOST-REDACTED-A systemd-logind[1802]: New session 99 of user USER-REDACTED.
2026-07-21T11:03:35.453595+02:00 HOST-REDACTED-A systemd[1]: Started Session 99 of User USER-REDACTED.
2026-07-21T11:03:35.502544+02:00 HOST-REDACTED-A sshd-session[62169]: Received disconnect from IP-REDACTED port 39922:11: disconnected by user
2026-07-21T11:03:35.502606+02:00 HOST-REDACTED-A sshd-session[62169]: Disconnected from user USER-REDACTED IP-REDACTED port 39922
2026-07-21T11:03:35.502767+02:00 HOST-REDACTED-A sshd-session[62145]: pam_unix(sshd:session): session closed for user USER-REDACTED
2026-07-21T11:03:35.505694+02:00 HOST-REDACTED-A systemd[1]: session-99.scope: Deactivated successfully.
2026-07-21T11:03:35.506295+02:00 HOST-REDACTED-A systemd-logind[1802]: Removed session 99.
2026-07-21T11:03:38.400535+02:00 HOST-REDACTED-A rigsignal-agent[2149]: 2026-07-21T09:03:38.400520Z  INFO rigsignal_agent::session: No game detected — idle polling
2026-07-21T11:03:40.589302+02:00 HOST-REDACTED-A sshd-session[62252]: Accepted publickey for USER-REDACTED from IP-REDACTED port 39930 ssh2: ED25519 SSH-FINGERPRINT-REDACTED
2026-07-21T11:03:40.591037+02:00 HOST-REDACTED-A sshd-session[62252]: pam_unix(sshd:session): session opened for user USER-REDACTED(uid=1000) by USER-REDACTED(uid=0)
2026-07-21T11:03:40.618594+02:00 HOST-REDACTED-A systemd-logind[1802]: New session 100 of user USER-REDACTED.
2026-07-21T11:03:40.632592+02:00 HOST-REDACTED-A systemd[1]: Started Session 100 of User USER-REDACTED.
2026-07-21T11:03:40.681648+02:00 HOST-REDACTED-A sshd-session[62276]: Received disconnect from IP-REDACTED port 39930:11: disconnected by user
2026-07-21T11:03:40.681711+02:00 HOST-REDACTED-A sshd-session[62276]: Disconnected from user USER-REDACTED IP-REDACTED port 39930
2026-07-21T11:03:40.681967+02:00 HOST-REDACTED-A sshd-session[62252]: pam_unix(sshd:session): session closed for user USER-REDACTED
2026-07-21T11:03:40.684919+02:00 HOST-REDACTED-A systemd[1]: session-100.scope: Deactivated successfully.
2026-07-21T11:03:40.685526+02:00 HOST-REDACTED-A systemd-logind[1802]: Removed session 100.
2026-07-21T11:03:45.777549+02:00 HOST-REDACTED-A sshd-session[62377]: Accepted publickey for USER-REDACTED from IP-REDACTED port 47126 ssh2: ED25519 SSH-FINGERPRINT-REDACTED
2026-07-21T11:03:45.779336+02:00 HOST-REDACTED-A sshd-session[62377]: pam_unix(sshd:session): session opened for user USER-REDACTED(uid=1000) by USER-REDACTED(uid=0)
2026-07-21T11:03:45.808427+02:00 HOST-REDACTED-A systemd-logind[1802]: New session 101 of user USER-REDACTED.
2026-07-21T11:03:45.831582+02:00 HOST-REDACTED-A systemd[1]: Started Session 101 of User USER-REDACTED.
2026-07-21T11:03:45.880326+02:00 HOST-REDACTED-A sshd-session[62384]: Received disconnect from IP-REDACTED port 47126:11: disconnected by user
2026-07-21T11:03:45.880391+02:00 HOST-REDACTED-A sshd-session[62384]: Disconnected from user USER-REDACTED IP-REDACTED port 47126
2026-07-21T11:03:45.880708+02:00 HOST-REDACTED-A sshd-session[62377]: pam_unix(sshd:session): session closed for user USER-REDACTED
2026-07-21T11:03:45.883695+02:00 HOST-REDACTED-A systemd[1]: session-101.scope: Deactivated successfully.
2026-07-21T11:03:45.884231+02:00 HOST-REDACTED-A systemd-logind[1802]: Removed session 101.
2026-07-21T11:03:50.973134+02:00 HOST-REDACTED-A sshd-session[62485]: Accepted publickey for USER-REDACTED from IP-REDACTED port 47130 ssh2: ED25519 SSH-FINGERPRINT-REDACTED
2026-07-21T11:03:50.975156+02:00 HOST-REDACTED-A sshd-session[62485]: pam_unix(sshd:session): session opened for user USER-REDACTED(uid=1000) by USER-REDACTED(uid=0)
2026-07-21T11:03:51.003064+02:00 HOST-REDACTED-A systemd-logind[1802]: New session 102 of user USER-REDACTED.
2026-07-21T11:03:51.022587+02:00 HOST-REDACTED-A systemd[1]: Started Session 102 of User USER-REDACTED.
2026-07-21T11:03:51.069314+02:00 HOST-REDACTED-A sshd-session[62492]: Received disconnect from IP-REDACTED port 47130:11: disconnected by user
2026-07-21T11:03:51.069380+02:00 HOST-REDACTED-A sshd-session[62492]: Disconnected from user USER-REDACTED IP-REDACTED port 47130
2026-07-21T11:03:51.069697+02:00 HOST-REDACTED-A sshd-session[62485]: pam_unix(sshd:session): session closed for user USER-REDACTED
2026-07-21T11:03:51.072758+02:00 HOST-REDACTED-A systemd[1]: session-102.scope: Deactivated successfully.
2026-07-21T11:03:51.073605+02:00 HOST-REDACTED-A systemd-logind[1802]: Removed session 102.
2026-07-21T11:03:56.162042+02:00 HOST-REDACTED-A sshd-session[62593]: Accepted publickey for USER-REDACTED from IP-REDACTED port 57118 ssh2: ED25519 SSH-FINGERPRINT-REDACTED
2026-07-21T11:03:56.163386+02:00 HOST-REDACTED-A sshd-session[62593]: pam_unix(sshd:session): session opened for user USER-REDACTED(uid=1000) by USER-REDACTED(uid=0)
2026-07-21T11:03:56.190899+02:00 HOST-REDACTED-A systemd-logind[1802]: New session 103 of user USER-REDACTED.
2026-07-21T11:03:56.209607+02:00 HOST-REDACTED-A systemd[1]: Started Session 103 of User USER-REDACTED.
2026-07-21T11:03:56.257326+02:00 HOST-REDACTED-A sshd-session[62599]: Received disconnect from IP-REDACTED port 57118:11: disconnected by user
2026-07-21T11:03:56.257392+02:00 HOST-REDACTED-A sshd-session[62599]: Disconnected from user USER-REDACTED IP-REDACTED port 57118
2026-07-21T11:03:56.257723+02:00 HOST-REDACTED-A sshd-session[62593]: pam_unix(sshd:session): session closed for user USER-REDACTED
2026-07-21T11:03:56.261201+02:00 HOST-REDACTED-A systemd[1]: session-103.scope: Deactivated successfully.
2026-07-21T11:03:56.261899+02:00 HOST-REDACTED-A systemd-logind[1802]: Removed session 103.
2026-07-21T11:04:01.360517+02:00 HOST-REDACTED-A sshd-session[62701]: Accepted publickey for USER-REDACTED from IP-REDACTED port 57120 ssh2: ED25519 SSH-FINGERPRINT-REDACTED
2026-07-21T11:04:01.362134+02:00 HOST-REDACTED-A sshd-session[62701]: pam_unix(sshd:session): session opened for user USER-REDACTED(uid=1000) by USER-REDACTED(uid=0)
2026-07-21T11:04:01.390182+02:00 HOST-REDACTED-A systemd-logind[1802]: New session 104 of user USER-REDACTED.
2026-07-21T11:04:01.407585+02:00 HOST-REDACTED-A systemd[1]: Started Session 104 of User USER-REDACTED.
2026-07-21T11:04:01.457458+02:00 HOST-REDACTED-A sshd-session[62707]: Received disconnect from IP-REDACTED port 57120:11: disconnected by user
2026-07-21T11:04:01.457522+02:00 HOST-REDACTED-A sshd-session[62707]: Disconnected from user USER-REDACTED IP-REDACTED port 57120
2026-07-21T11:04:01.457729+02:00 HOST-REDACTED-A sshd-session[62701]: pam_unix(sshd:session): session closed for user USER-REDACTED
2026-07-21T11:04:01.460664+02:00 HOST-REDACTED-A systemd[1]: session-104.scope: Deactivated successfully.
2026-07-21T11:04:01.461336+02:00 HOST-REDACTED-A systemd-logind[1802]: Removed session 104.
2026-07-21T11:04:06.552695+02:00 HOST-REDACTED-A sshd-session[62808]: Accepted publickey for USER-REDACTED from IP-REDACTED port 58342 ssh2: ED25519 SSH-FINGERPRINT-REDACTED
2026-07-21T11:04:06.554110+02:00 HOST-REDACTED-A sshd-session[62808]: pam_unix(sshd:session): session opened for user USER-REDACTED(uid=1000) by USER-REDACTED(uid=0)
2026-07-21T11:04:06.582137+02:00 HOST-REDACTED-A systemd-logind[1802]: New session 105 of user USER-REDACTED.
2026-07-21T11:04:06.600598+02:00 HOST-REDACTED-A systemd[1]: Started Session 105 of User USER-REDACTED.
2026-07-21T11:04:06.650459+02:00 HOST-REDACTED-A sshd-session[62814]: Received disconnect from IP-REDACTED port 58342:11: disconnected by user
2026-07-21T11:04:06.650531+02:00 HOST-REDACTED-A sshd-session[62814]: Disconnected from user USER-REDACTED IP-REDACTED port 58342
2026-07-21T11:04:06.650793+02:00 HOST-REDACTED-A sshd-session[62808]: pam_unix(sshd:session): session closed for user USER-REDACTED
2026-07-21T11:04:06.653685+02:00 HOST-REDACTED-A systemd[1]: session-105.scope: Deactivated successfully.
2026-07-21T11:04:06.654474+02:00 HOST-REDACTED-A systemd-logind[1802]: Removed session 105.
2026-07-21T11:04:11.744099+02:00 HOST-REDACTED-A sshd-session[62915]: Accepted publickey for USER-REDACTED from IP-REDACTED port 58350 ssh2: ED25519 SSH-FINGERPRINT-REDACTED
2026-07-21T11:04:11.745852+02:00 HOST-REDACTED-A sshd-session[62915]: pam_unix(sshd:session): session opened for user USER-REDACTED(uid=1000) by USER-REDACTED(uid=0)
2026-07-21T11:04:11.775505+02:00 HOST-REDACTED-A systemd-logind[1802]: New session 106 of user USER-REDACTED.
2026-07-21T11:04:11.795589+02:00 HOST-REDACTED-A systemd[1]: Started Session 106 of User USER-REDACTED.
2026-07-21T11:04:11.842088+02:00 HOST-REDACTED-A sshd-session[62921]: Received disconnect from IP-REDACTED port 58350:11: disconnected by user
2026-07-21T11:04:11.842123+02:00 HOST-REDACTED-A sshd-session[62921]: Disconnected from user USER-REDACTED IP-REDACTED port 58350
2026-07-21T11:04:11.842279+02:00 HOST-REDACTED-A sshd-session[62915]: pam_unix(sshd:session): session closed for user USER-REDACTED
2026-07-21T11:04:11.845480+02:00 HOST-REDACTED-A systemd[1]: session-106.scope: Deactivated successfully.
2026-07-21T11:04:11.846183+02:00 HOST-REDACTED-A systemd-logind[1802]: Removed session 106.
2026-07-21T11:04:12.400860+02:00 HOST-REDACTED-A rigsignal-agent[2149]: 2026-07-21T09:04:12.400831Z  INFO rigsignal_agent::session: No game detected — idle polling
2026-07-21T11:04:16.935215+02:00 HOST-REDACTED-A sshd-session[63024]: Accepted publickey for USER-REDACTED from IP-REDACTED port 42970 ssh2: ED25519 SSH-FINGERPRINT-REDACTED
2026-07-21T11:04:16.936728+02:00 HOST-REDACTED-A sshd-session[63024]: pam_unix(sshd:session): session opened for user USER-REDACTED(uid=1000) by USER-REDACTED(uid=0)
2026-07-21T11:04:16.965135+02:00 HOST-REDACTED-A systemd-logind[1802]: New session 107 of user USER-REDACTED.
2026-07-21T11:04:16.989588+02:00 HOST-REDACTED-A systemd[1]: Started Session 107 of User USER-REDACTED.
2026-07-21T11:04:17.038470+02:00 HOST-REDACTED-A sshd-session[63030]: Received disconnect from IP-REDACTED port 42970:11: disconnected by user
2026-07-21T11:04:17.038543+02:00 HOST-REDACTED-A sshd-session[63030]: Disconnected from user USER-REDACTED IP-REDACTED port 42970
2026-07-21T11:04:17.038800+02:00 HOST-REDACTED-A sshd-session[63024]: pam_unix(sshd:session): session closed for user USER-REDACTED
2026-07-21T11:04:17.042414+02:00 HOST-REDACTED-A systemd[1]: session-107.scope: Deactivated successfully.
2026-07-21T11:04:17.043055+02:00 HOST-REDACTED-A systemd-logind[1802]: Removed session 107.
2026-07-21T11:04:22.134037+02:00 HOST-REDACTED-A sshd-session[63131]: Accepted publickey for USER-REDACTED from IP-REDACTED port 42980 ssh2: ED25519 SSH-FINGERPRINT-REDACTED
2026-07-21T11:04:22.135404+02:00 HOST-REDACTED-A sshd-session[63131]: pam_unix(sshd:session): session opened for user USER-REDACTED(uid=1000) by USER-REDACTED(uid=0)
2026-07-21T11:04:22.160401+02:00 HOST-REDACTED-A systemd-logind[1802]: New session 108 of user USER-REDACTED.
2026-07-21T11:04:22.173582+02:00 HOST-REDACTED-A systemd[1]: Started Session 108 of User USER-REDACTED.
2026-07-21T11:04:22.221970+02:00 HOST-REDACTED-A sshd-session[63137]: Received disconnect from IP-REDACTED port 42980:11: disconnected by user
2026-07-21T11:04:22.222005+02:00 HOST-REDACTED-A sshd-session[63137]: Disconnected from user USER-REDACTED IP-REDACTED port 42980
2026-07-21T11:04:22.222157+02:00 HOST-REDACTED-A sshd-session[63131]: pam_unix(sshd:session): session closed for user USER-REDACTED
2026-07-21T11:04:22.224870+02:00 HOST-REDACTED-A systemd[1]: session-108.scope: Deactivated successfully.
2026-07-21T11:04:22.225680+02:00 HOST-REDACTED-A systemd-logind[1802]: Removed session 108.
2026-07-21T11:04:27.314953+02:00 HOST-REDACTED-A sshd-session[63238]: Accepted publickey for USER-REDACTED from IP-REDACTED port 50390 ssh2: ED25519 SSH-FINGERPRINT-REDACTED
2026-07-21T11:04:27.316568+02:00 HOST-REDACTED-A sshd-session[63238]: pam_unix(sshd:session): session opened for user USER-REDACTED(uid=1000) by USER-REDACTED(uid=0)
2026-07-21T11:04:27.346024+02:00 HOST-REDACTED-A systemd-logind[1802]: New session 109 of user USER-REDACTED.
2026-07-21T11:04:27.360582+02:00 HOST-REDACTED-A systemd[1]: Started Session 109 of User USER-REDACTED.
2026-07-21T11:04:27.408669+02:00 HOST-REDACTED-A sshd-session[63244]: Received disconnect from IP-REDACTED port 50390:11: disconnected by user
2026-07-21T11:04:27.408735+02:00 HOST-REDACTED-A sshd-session[63244]: Disconnected from user USER-REDACTED IP-REDACTED port 50390
2026-07-21T11:04:27.408996+02:00 HOST-REDACTED-A sshd-session[63238]: pam_unix(sshd:session): session closed for user USER-REDACTED
2026-07-21T11:04:27.411699+02:00 HOST-REDACTED-A systemd[1]: session-109.scope: Deactivated successfully.
2026-07-21T11:04:27.412333+02:00 HOST-REDACTED-A systemd-logind[1802]: Removed session 109.
2026-07-21T11:04:32.505066+02:00 HOST-REDACTED-A sshd-session[63343]: Accepted publickey for USER-REDACTED from IP-REDACTED port 50400 ssh2: ED25519 SSH-FINGERPRINT-REDACTED
2026-07-21T11:04:32.506755+02:00 HOST-REDACTED-A sshd-session[63343]: pam_unix(sshd:session): session opened for user USER-REDACTED(uid=1000) by USER-REDACTED(uid=0)
2026-07-21T11:04:32.541296+02:00 HOST-REDACTED-A systemd-logind[1802]: New session 110 of user USER-REDACTED.
2026-07-21T11:04:32.551586+02:00 HOST-REDACTED-A systemd[1]: Started Session 110 of User USER-REDACTED.
2026-07-21T11:04:32.599522+02:00 HOST-REDACTED-A sshd-session[63351]: Received disconnect from IP-REDACTED port 50400:11: disconnected by user
2026-07-21T11:04:32.599596+02:00 HOST-REDACTED-A sshd-session[63351]: Disconnected from user USER-REDACTED IP-REDACTED port 50400
2026-07-21T11:04:32.599853+02:00 HOST-REDACTED-A sshd-session[63343]: pam_unix(sshd:session): session closed for user USER-REDACTED
2026-07-21T11:04:32.602758+02:00 HOST-REDACTED-A systemd[1]: session-110.scope: Deactivated successfully.
2026-07-21T11:04:32.603519+02:00 HOST-REDACTED-A systemd-logind[1802]: Removed session 110.
2026-07-21T11:04:37.702563+02:00 HOST-REDACTED-A sshd-session[63450]: Accepted publickey for USER-REDACTED from IP-REDACTED port 59100 ssh2: ED25519 SSH-FINGERPRINT-REDACTED
2026-07-21T11:04:37.703960+02:00 HOST-REDACTED-A sshd-session[63450]: pam_unix(sshd:session): session opened for user USER-REDACTED(uid=1000) by USER-REDACTED(uid=0)
2026-07-21T11:04:37.737862+02:00 HOST-REDACTED-A systemd-logind[1802]: New session 111 of user USER-REDACTED.
2026-07-21T11:04:37.756592+02:00 HOST-REDACTED-A systemd[1]: Started Session 111 of User USER-REDACTED.
2026-07-21T11:04:37.805065+02:00 HOST-REDACTED-A sshd-session[63474]: Received disconnect from IP-REDACTED port 59100:11: disconnected by user
2026-07-21T11:04:37.805128+02:00 HOST-REDACTED-A sshd-session[63474]: Disconnected from user USER-REDACTED IP-REDACTED port 59100
2026-07-21T11:04:37.805421+02:00 HOST-REDACTED-A sshd-session[63450]: pam_unix(sshd:session): session closed for user USER-REDACTED
2026-07-21T11:04:37.808682+02:00 HOST-REDACTED-A systemd[1]: session-111.scope: Deactivated successfully.
2026-07-21T11:04:37.809384+02:00 HOST-REDACTED-A systemd-logind[1802]: Removed session 111.
2026-07-21T11:04:42.897275+02:00 HOST-REDACTED-A sshd-session[63575]: Accepted publickey for USER-REDACTED from IP-REDACTED port 59108 ssh2: ED25519 SSH-FINGERPRINT-REDACTED
2026-07-21T11:04:42.898773+02:00 HOST-REDACTED-A sshd-session[63575]: pam_unix(sshd:session): session opened for user USER-REDACTED(uid=1000) by USER-REDACTED(uid=0)
2026-07-21T11:04:42.921206+02:00 HOST-REDACTED-A systemd-logind[1802]: New session 112 of user USER-REDACTED.
2026-07-21T11:04:42.946584+02:00 HOST-REDACTED-A systemd[1]: Started Session 112 of User USER-REDACTED.
2026-07-21T11:04:42.995002+02:00 HOST-REDACTED-A sshd-session[63581]: Received disconnect from IP-REDACTED port 59108:11: disconnected by user
2026-07-21T11:04:42.995066+02:00 HOST-REDACTED-A sshd-session[63581]: Disconnected from user USER-REDACTED IP-REDACTED port 59108
2026-07-21T11:04:42.995373+02:00 HOST-REDACTED-A sshd-session[63575]: pam_unix(sshd:session): session closed for user USER-REDACTED
2026-07-21T11:04:42.998151+02:00 HOST-REDACTED-A systemd[1]: session-112.scope: Deactivated successfully.
2026-07-21T11:04:42.999023+02:00 HOST-REDACTED-A systemd-logind[1802]: Removed session 112.
2026-07-21T11:04:46.400764+02:00 HOST-REDACTED-A rigsignal-agent[2149]: 2026-07-21T09:04:46.400736Z  INFO rigsignal_agent::session: No game detected — idle polling
2026-07-21T11:04:48.087710+02:00 HOST-REDACTED-A sshd-session[63683]: Accepted publickey for USER-REDACTED from IP-REDACTED port 35582 ssh2: ED25519 SSH-FINGERPRINT-REDACTED
2026-07-21T11:04:48.089962+02:00 HOST-REDACTED-A sshd-session[63683]: pam_unix(sshd:session): session opened for user USER-REDACTED(uid=1000) by USER-REDACTED(uid=0)
2026-07-21T11:04:48.118249+02:00 HOST-REDACTED-A systemd-logind[1802]: New session 113 of user USER-REDACTED.
2026-07-21T11:04:48.137582+02:00 HOST-REDACTED-A systemd[1]: Started Session 113 of User USER-REDACTED.
2026-07-21T11:04:48.186024+02:00 HOST-REDACTED-A sshd-session[63689]: Received disconnect from IP-REDACTED port 35582:11: disconnected by user
2026-07-21T11:04:48.186092+02:00 HOST-REDACTED-A sshd-session[63689]: Disconnected from user USER-REDACTED IP-REDACTED port 35582
2026-07-21T11:04:48.186411+02:00 HOST-REDACTED-A sshd-session[63683]: pam_unix(sshd:session): session closed for user USER-REDACTED
2026-07-21T11:04:48.189796+02:00 HOST-REDACTED-A systemd[1]: session-113.scope: Deactivated successfully.
2026-07-21T11:04:48.190723+02:00 HOST-REDACTED-A systemd-logind[1802]: Removed session 113.
2026-07-21T11:04:53.279199+02:00 HOST-REDACTED-A sshd-session[63792]: Accepted publickey for USER-REDACTED from IP-REDACTED port 35598 ssh2: ED25519 SSH-FINGERPRINT-REDACTED
2026-07-21T11:04:53.281465+02:00 HOST-REDACTED-A sshd-session[63792]: pam_unix(sshd:session): session opened for user USER-REDACTED(uid=1000) by USER-REDACTED(uid=0)
2026-07-21T11:04:53.304363+02:00 HOST-REDACTED-A systemd-logind[1802]: New session 114 of user USER-REDACTED.
2026-07-21T11:04:53.321582+02:00 HOST-REDACTED-A systemd[1]: Started Session 114 of User USER-REDACTED.
2026-07-21T11:04:53.371382+02:00 HOST-REDACTED-A sshd-session[63798]: Received disconnect from IP-REDACTED port 35598:11: disconnected by user
2026-07-21T11:04:53.371452+02:00 HOST-REDACTED-A sshd-session[63798]: Disconnected from user USER-REDACTED IP-REDACTED port 35598
2026-07-21T11:04:53.371699+02:00 HOST-REDACTED-A sshd-session[63792]: pam_unix(sshd:session): session closed for user USER-REDACTED
2026-07-21T11:04:53.374197+02:00 HOST-REDACTED-A systemd[1]: session-114.scope: Deactivated successfully.
2026-07-21T11:04:53.374876+02:00 HOST-REDACTED-A systemd-logind[1802]: Removed session 114.
2026-07-21T11:04:58.467055+02:00 HOST-REDACTED-A sshd-session[63899]: Accepted publickey for USER-REDACTED from IP-REDACTED port 37914 ssh2: ED25519 SSH-FINGERPRINT-REDACTED
2026-07-21T11:04:58.468772+02:00 HOST-REDACTED-A sshd-session[63899]: pam_unix(sshd:session): session opened for user USER-REDACTED(uid=1000) by USER-REDACTED(uid=0)
2026-07-21T11:04:58.491451+02:00 HOST-REDACTED-A systemd-logind[1802]: New session 115 of user USER-REDACTED.
2026-07-21T11:04:58.512583+02:00 HOST-REDACTED-A systemd[1]: Started Session 115 of User USER-REDACTED.
2026-07-21T11:04:58.559948+02:00 HOST-REDACTED-A sshd-session[63905]: Received disconnect from IP-REDACTED port 37914:11: disconnected by user
2026-07-21T11:04:58.559987+02:00 HOST-REDACTED-A sshd-session[63905]: Disconnected from user USER-REDACTED IP-REDACTED port 37914
2026-07-21T11:04:58.560151+02:00 HOST-REDACTED-A sshd-session[63899]: pam_unix(sshd:session): session closed for user USER-REDACTED
2026-07-21T11:04:58.562914+02:00 HOST-REDACTED-A systemd[1]: session-115.scope: Deactivated successfully.
2026-07-21T11:04:58.563451+02:00 HOST-REDACTED-A systemd-logind[1802]: Removed session 115.
2026-07-21T11:05:03.662608+02:00 HOST-REDACTED-A sshd-session[64006]: Accepted publickey for USER-REDACTED from IP-REDACTED port 37920 ssh2: ED25519 SSH-FINGERPRINT-REDACTED
2026-07-21T11:05:03.664142+02:00 HOST-REDACTED-A sshd-session[64006]: pam_unix(sshd:session): session opened for user USER-REDACTED(uid=1000) by USER-REDACTED(uid=0)
2026-07-21T11:05:03.694303+02:00 HOST-REDACTED-A systemd-logind[1802]: New session 116 of user USER-REDACTED.
2026-07-21T11:05:03.710583+02:00 HOST-REDACTED-A systemd[1]: Started Session 116 of User USER-REDACTED.
2026-07-21T11:05:03.758619+02:00 HOST-REDACTED-A sshd-session[64012]: Received disconnect from IP-REDACTED port 37920:11: disconnected by user
2026-07-21T11:05:03.758684+02:00 HOST-REDACTED-A sshd-session[64012]: Disconnected from user USER-REDACTED IP-REDACTED port 37920
2026-07-21T11:05:03.758936+02:00 HOST-REDACTED-A sshd-session[64006]: pam_unix(sshd:session): session closed for user USER-REDACTED
2026-07-21T11:05:03.762228+02:00 HOST-REDACTED-A systemd[1]: session-116.scope: Deactivated successfully.
2026-07-21T11:05:03.762889+02:00 HOST-REDACTED-A systemd-logind[1802]: Removed session 116.
2026-07-21T11:05:08.850702+02:00 HOST-REDACTED-A sshd-session[64113]: Accepted publickey for USER-REDACTED from IP-REDACTED port 59358 ssh2: ED25519 SSH-FINGERPRINT-REDACTED
2026-07-21T11:05:08.852793+02:00 HOST-REDACTED-A sshd-session[64113]: pam_unix(sshd:session): session opened for user USER-REDACTED(uid=1000) by USER-REDACTED(uid=0)
2026-07-21T11:05:08.868082+02:00 HOST-REDACTED-A systemd-logind[1802]: New session 117 of user USER-REDACTED.
2026-07-21T11:05:08.884604+02:00 HOST-REDACTED-A systemd[1]: Started Session 117 of User USER-REDACTED.
2026-07-21T11:05:08.932857+02:00 HOST-REDACTED-A sshd-session[64119]: Received disconnect from IP-REDACTED port 59358:11: disconnected by user
2026-07-21T11:05:08.932921+02:00 HOST-REDACTED-A sshd-session[64119]: Disconnected from user USER-REDACTED IP-REDACTED port 59358
2026-07-21T11:05:08.933177+02:00 HOST-REDACTED-A sshd-session[64113]: pam_unix(sshd:session): session closed for user USER-REDACTED
2026-07-21T11:05:08.936183+02:00 HOST-REDACTED-A systemd[1]: session-117.scope: Deactivated successfully.
2026-07-21T11:05:08.936856+02:00 HOST-REDACTED-A systemd-logind[1802]: Removed session 117.
2026-07-21T11:05:14.021314+02:00 HOST-REDACTED-A sshd-session[64218]: Accepted publickey for USER-REDACTED from IP-REDACTED port 59764 ssh2: ED25519 SSH-FINGERPRINT-REDACTED
2026-07-21T11:05:14.023217+02:00 HOST-REDACTED-A sshd-session[64218]: pam_unix(sshd:session): session opened for user USER-REDACTED(uid=1000) by USER-REDACTED(uid=0)
2026-07-21T11:05:14.050316+02:00 HOST-REDACTED-A systemd-logind[1802]: New session 118 of user USER-REDACTED.
2026-07-21T11:05:14.067583+02:00 HOST-REDACTED-A systemd[1]: Started Session 118 of User USER-REDACTED.
2026-07-21T11:05:14.115477+02:00 HOST-REDACTED-A sshd-session[64224]: Received disconnect from IP-REDACTED port 59764:11: disconnected by user
2026-07-21T11:05:14.115550+02:00 HOST-REDACTED-A sshd-session[64224]: Disconnected from user USER-REDACTED IP-REDACTED port 59764
2026-07-21T11:05:14.115820+02:00 HOST-REDACTED-A sshd-session[64218]: pam_unix(sshd:session): session closed for user USER-REDACTED
2026-07-21T11:05:14.119610+02:00 HOST-REDACTED-A systemd[1]: session-118.scope: Deactivated successfully.
2026-07-21T11:05:14.120228+02:00 HOST-REDACTED-A systemd-logind[1802]: Removed session 118.
2026-07-21T11:05:19.209989+02:00 HOST-REDACTED-A sshd-session[64325]: Accepted publickey for USER-REDACTED from IP-REDACTED port 59770 ssh2: ED25519 SSH-FINGERPRINT-REDACTED
2026-07-21T11:05:19.211564+02:00 HOST-REDACTED-A sshd-session[64325]: pam_unix(sshd:session): session opened for user USER-REDACTED(uid=1000) by USER-REDACTED(uid=0)
2026-07-21T11:05:19.245110+02:00 HOST-REDACTED-A systemd-logind[1802]: New session 119 of user USER-REDACTED.
2026-07-21T11:05:19.267581+02:00 HOST-REDACTED-A systemd[1]: Started Session 119 of User USER-REDACTED.
2026-07-21T11:05:19.315175+02:00 HOST-REDACTED-A sshd-session[64331]: Received disconnect from IP-REDACTED port 59770:11: disconnected by user
2026-07-21T11:05:19.315243+02:00 HOST-REDACTED-A sshd-session[64331]: Disconnected from user USER-REDACTED IP-REDACTED port 59770
2026-07-21T11:05:19.315514+02:00 HOST-REDACTED-A sshd-session[64325]: pam_unix(sshd:session): session closed for user USER-REDACTED
2026-07-21T11:05:19.318812+02:00 HOST-REDACTED-A systemd[1]: session-119.scope: Deactivated successfully.
2026-07-21T11:05:19.319359+02:00 HOST-REDACTED-A systemd-logind[1802]: Removed session 119.
2026-07-21T11:05:19.400164+02:00 HOST-REDACTED-A rigsignal-agent[2149]: 2026-07-21T09:05:19.400137Z  INFO rigsignal_agent::session: No game detected — idle polling
2026-07-21T11:05:24.409121+02:00 HOST-REDACTED-A sshd-session[64432]: Accepted publickey for USER-REDACTED from IP-REDACTED port 43098 ssh2: ED25519 SSH-FINGERPRINT-REDACTED
2026-07-21T11:05:24.410549+02:00 HOST-REDACTED-A sshd-session[64432]: pam_unix(sshd:session): session opened for user USER-REDACTED(uid=1000) by USER-REDACTED(uid=0)
2026-07-21T11:05:24.428690+02:00 HOST-REDACTED-A systemd-logind[1802]: New session 120 of user USER-REDACTED.
2026-07-21T11:05:24.445583+02:00 HOST-REDACTED-A systemd[1]: Started Session 120 of User USER-REDACTED.
2026-07-21T11:05:24.492558+02:00 HOST-REDACTED-A sshd-session[64438]: Received disconnect from IP-REDACTED port 43098:11: disconnected by user
2026-07-21T11:05:24.492595+02:00 HOST-REDACTED-A sshd-session[64438]: Disconnected from user USER-REDACTED IP-REDACTED port 43098
2026-07-21T11:05:24.492753+02:00 HOST-REDACTED-A sshd-session[64432]: pam_unix(sshd:session): session closed for user USER-REDACTED
2026-07-21T11:05:24.495356+02:00 HOST-REDACTED-A systemd[1]: session-120.scope: Deactivated successfully.
2026-07-21T11:05:24.495937+02:00 HOST-REDACTED-A systemd-logind[1802]: Removed session 120.
2026-07-21T11:05:29.585243+02:00 HOST-REDACTED-A sshd-session[64540]: Accepted publickey for USER-REDACTED from IP-REDACTED port 43108 ssh2: ED25519 SSH-FINGERPRINT-REDACTED
2026-07-21T11:05:29.586787+02:00 HOST-REDACTED-A sshd-session[64540]: pam_unix(sshd:session): session opened for user USER-REDACTED(uid=1000) by USER-REDACTED(uid=0)
2026-07-21T11:05:29.616144+02:00 HOST-REDACTED-A systemd-logind[1802]: New session 121 of user USER-REDACTED.
2026-07-21T11:05:29.639584+02:00 HOST-REDACTED-A systemd[1]: Started Session 121 of User USER-REDACTED.
2026-07-21T11:05:29.687155+02:00 HOST-REDACTED-A sshd-session[64546]: Received disconnect from IP-REDACTED port 43108:11: disconnected by user
2026-07-21T11:05:29.687222+02:00 HOST-REDACTED-A sshd-session[64546]: Disconnected from user USER-REDACTED IP-REDACTED port 43108
2026-07-21T11:05:29.687545+02:00 HOST-REDACTED-A sshd-session[64540]: pam_unix(sshd:session): session closed for user USER-REDACTED
2026-07-21T11:05:29.690888+02:00 HOST-REDACTED-A systemd[1]: session-121.scope: Deactivated successfully.
2026-07-21T11:05:29.691498+02:00 HOST-REDACTED-A systemd-logind[1802]: Removed session 121.
2026-07-21T11:05:34.781674+02:00 HOST-REDACTED-A sshd-session[64649]: Accepted publickey for USER-REDACTED from IP-REDACTED port 33650 ssh2: ED25519 SSH-FINGERPRINT-REDACTED
2026-07-21T11:05:34.783125+02:00 HOST-REDACTED-A sshd-session[64649]: pam_unix(sshd:session): session opened for user USER-REDACTED(uid=1000) by USER-REDACTED(uid=0)
2026-07-21T11:05:34.811833+02:00 HOST-REDACTED-A systemd-logind[1802]: New session 122 of user USER-REDACTED.
2026-07-21T11:05:34.833585+02:00 HOST-REDACTED-A systemd[1]: Started Session 122 of User USER-REDACTED.
2026-07-21T11:05:34.881717+02:00 HOST-REDACTED-A sshd-session[64655]: Received disconnect from IP-REDACTED port 33650:11: disconnected by user
2026-07-21T11:05:34.881751+02:00 HOST-REDACTED-A sshd-session[64655]: Disconnected from user USER-REDACTED IP-REDACTED port 33650
2026-07-21T11:05:34.881917+02:00 HOST-REDACTED-A sshd-session[64649]: pam_unix(sshd:session): session closed for user USER-REDACTED
2026-07-21T11:05:34.884410+02:00 HOST-REDACTED-A systemd[1]: session-122.scope: Deactivated successfully.
2026-07-21T11:05:34.884998+02:00 HOST-REDACTED-A systemd-logind[1802]: Removed session 122.
2026-07-21T11:05:39.976038+02:00 HOST-REDACTED-A sshd-session[64756]: Accepted publickey for USER-REDACTED from IP-REDACTED port 33662 ssh2: ED25519 SSH-FINGERPRINT-REDACTED
2026-07-21T11:05:39.977359+02:00 HOST-REDACTED-A sshd-session[64756]: pam_unix(sshd:session): session opened for user USER-REDACTED(uid=1000) by USER-REDACTED(uid=0)
2026-07-21T11:05:40.015010+02:00 HOST-REDACTED-A systemd-logind[1802]: New session 123 of user USER-REDACTED.
2026-07-21T11:05:40.036581+02:00 HOST-REDACTED-A systemd[1]: Started Session 123 of User USER-REDACTED.
2026-07-21T11:05:40.083953+02:00 HOST-REDACTED-A sshd-session[64781]: Received disconnect from IP-REDACTED port 33662:11: disconnected by user
2026-07-21T11:05:40.084024+02:00 HOST-REDACTED-A sshd-session[64781]: Disconnected from user USER-REDACTED IP-REDACTED port 33662
2026-07-21T11:05:40.084282+02:00 HOST-REDACTED-A sshd-session[64756]: pam_unix(sshd:session): session closed for user USER-REDACTED
2026-07-21T11:05:40.087123+02:00 HOST-REDACTED-A systemd[1]: session-123.scope: Deactivated successfully.
2026-07-21T11:05:40.087851+02:00 HOST-REDACTED-A systemd-logind[1802]: Removed session 123.
2026-07-21T11:05:45.170079+02:00 HOST-REDACTED-A sshd-session[64882]: Accepted publickey for USER-REDACTED from IP-REDACTED port 60094 ssh2: ED25519 SSH-FINGERPRINT-REDACTED
2026-07-21T11:05:45.171875+02:00 HOST-REDACTED-A sshd-session[64882]: pam_unix(sshd:session): session opened for user USER-REDACTED(uid=1000) by USER-REDACTED(uid=0)
2026-07-21T11:05:45.193211+02:00 HOST-REDACTED-A systemd-logind[1802]: New session 124 of user USER-REDACTED.
2026-07-21T11:05:45.207592+02:00 HOST-REDACTED-A systemd[1]: Started Session 124 of User USER-REDACTED.
2026-07-21T11:05:45.257177+02:00 HOST-REDACTED-A sshd-session[64890]: Received disconnect from IP-REDACTED port 60094:11: disconnected by user
2026-07-21T11:05:45.257211+02:00 HOST-REDACTED-A sshd-session[64890]: Disconnected from user USER-REDACTED IP-REDACTED port 60094
2026-07-21T11:05:45.257430+02:00 HOST-REDACTED-A sshd-session[64882]: pam_unix(sshd:session): session closed for user USER-REDACTED
2026-07-21T11:05:45.260132+02:00 HOST-REDACTED-A systemd[1]: session-124.scope: Deactivated successfully.
2026-07-21T11:05:45.260750+02:00 HOST-REDACTED-A systemd-logind[1802]: Removed session 124.
2026-07-21T11:05:50.351620+02:00 HOST-REDACTED-A sshd-session[64987]: Accepted publickey for USER-REDACTED from IP-REDACTED port 60096 ssh2: ED25519 SSH-FINGERPRINT-REDACTED
2026-07-21T11:05:50.353270+02:00 HOST-REDACTED-A sshd-session[64987]: pam_unix(sshd:session): session opened for user USER-REDACTED(uid=1000) by USER-REDACTED(uid=0)
2026-07-21T11:05:50.381531+02:00 HOST-REDACTED-A systemd-logind[1802]: New session 125 of user USER-REDACTED.
2026-07-21T11:05:50.402591+02:00 HOST-REDACTED-A systemd[1]: Started Session 125 of User USER-REDACTED.
2026-07-21T11:05:50.450799+02:00 HOST-REDACTED-A sshd-session[64995]: Received disconnect from IP-REDACTED port 60096:11: disconnected by user
2026-07-21T11:05:50.450864+02:00 HOST-REDACTED-A sshd-session[64995]: Disconnected from user USER-REDACTED IP-REDACTED port 60096
2026-07-21T11:05:50.451138+02:00 HOST-REDACTED-A sshd-session[64987]: pam_unix(sshd:session): session closed for user USER-REDACTED
2026-07-21T11:05:50.454358+02:00 HOST-REDACTED-A systemd[1]: session-125.scope: Deactivated successfully.
2026-07-21T11:05:50.455002+02:00 HOST-REDACTED-A systemd-logind[1802]: Removed session 125.
2026-07-21T11:05:52.400763+02:00 HOST-REDACTED-A rigsignal-agent[2149]: 2026-07-21T09:05:52.400735Z  INFO rigsignal_agent::session: No game detected — idle polling
2026-07-21T11:05:55.545941+02:00 HOST-REDACTED-A sshd-session[65096]: Accepted publickey for USER-REDACTED from IP-REDACTED port 33988 ssh2: ED25519 SSH-FINGERPRINT-REDACTED
2026-07-21T11:05:55.547586+02:00 HOST-REDACTED-A sshd-session[65096]: pam_unix(sshd:session): session opened for user USER-REDACTED(uid=1000) by USER-REDACTED(uid=0)
2026-07-21T11:05:55.575296+02:00 HOST-REDACTED-A systemd-logind[1802]: New session 126 of user USER-REDACTED.
2026-07-21T11:05:55.594586+02:00 HOST-REDACTED-A systemd[1]: Started Session 126 of User USER-REDACTED.
2026-07-21T11:05:55.643255+02:00 HOST-REDACTED-A sshd-session[65102]: Received disconnect from IP-REDACTED port 33988:11: disconnected by user
2026-07-21T11:05:55.643324+02:00 HOST-REDACTED-A sshd-session[65102]: Disconnected from user USER-REDACTED IP-REDACTED port 33988
2026-07-21T11:05:55.643630+02:00 HOST-REDACTED-A sshd-session[65096]: pam_unix(sshd:session): session closed for user USER-REDACTED
2026-07-21T11:05:55.646667+02:00 HOST-REDACTED-A systemd[1]: session-126.scope: Deactivated successfully.
2026-07-21T11:05:55.647357+02:00 HOST-REDACTED-A systemd-logind[1802]: Removed session 126.
2026-07-21T11:06:00.738172+02:00 HOST-REDACTED-A sshd-session[65203]: Accepted publickey for USER-REDACTED from IP-REDACTED port 33990 ssh2: ED25519 SSH-FINGERPRINT-REDACTED
2026-07-21T11:06:00.739702+02:00 HOST-REDACTED-A sshd-session[65203]: pam_unix(sshd:session): session opened for user USER-REDACTED(uid=1000) by USER-REDACTED(uid=0)
2026-07-21T11:06:00.768154+02:00 HOST-REDACTED-A systemd-logind[1802]: New session 127 of user USER-REDACTED.
2026-07-21T11:06:00.791589+02:00 HOST-REDACTED-A systemd[1]: Started Session 127 of User USER-REDACTED.
2026-07-21T11:06:00.837801+02:00 HOST-REDACTED-A sshd-session[65209]: Received disconnect from IP-REDACTED port 33990:11: disconnected by user
2026-07-21T11:06:00.837864+02:00 HOST-REDACTED-A sshd-session[65209]: Disconnected from user USER-REDACTED IP-REDACTED port 33990
2026-07-21T11:06:00.838126+02:00 HOST-REDACTED-A sshd-session[65203]: pam_unix(sshd:session): session closed for user USER-REDACTED
2026-07-21T11:06:00.841429+02:00 HOST-REDACTED-A systemd[1]: session-127.scope: Deactivated successfully.
2026-07-21T11:06:00.842043+02:00 HOST-REDACTED-A systemd-logind[1802]: Removed session 127.
2026-07-21T11:06:05.928181+02:00 HOST-REDACTED-A sshd-session[65310]: Accepted publickey for USER-REDACTED from IP-REDACTED port 60748 ssh2: ED25519 SSH-FINGERPRINT-REDACTED
2026-07-21T11:06:05.929780+02:00 HOST-REDACTED-A sshd-session[65310]: pam_unix(sshd:session): session opened for user USER-REDACTED(uid=1000) by USER-REDACTED(uid=0)
2026-07-21T11:06:05.955854+02:00 HOST-REDACTED-A systemd-logind[1802]: New session 128 of user USER-REDACTED.
2026-07-21T11:06:05.976582+02:00 HOST-REDACTED-A systemd[1]: Started Session 128 of User USER-REDACTED.
2026-07-21T11:06:06.023187+02:00 HOST-REDACTED-A sshd-session[65316]: Received disconnect from IP-REDACTED port 60748:11: disconnected by user
2026-07-21T11:06:06.023223+02:00 HOST-REDACTED-A sshd-session[65316]: Disconnected from user USER-REDACTED IP-REDACTED port 60748
2026-07-21T11:06:06.023440+02:00 HOST-REDACTED-A sshd-session[65310]: pam_unix(sshd:session): session closed for user USER-REDACTED
2026-07-21T11:06:06.026710+02:00 HOST-REDACTED-A systemd[1]: session-128.scope: Deactivated successfully.
2026-07-21T11:06:06.027333+02:00 HOST-REDACTED-A systemd-logind[1802]: Removed session 128.
2026-07-21T11:06:11.116386+02:00 HOST-REDACTED-A sshd-session[65417]: Accepted publickey for USER-REDACTED from IP-REDACTED port 60752 ssh2: ED25519 SSH-FINGERPRINT-REDACTED
2026-07-21T11:06:11.117982+02:00 HOST-REDACTED-A sshd-session[65417]: pam_unix(sshd:session): session opened for user USER-REDACTED(uid=1000) by USER-REDACTED(uid=0)
2026-07-21T11:06:11.151364+02:00 HOST-REDACTED-A systemd-logind[1802]: New session 129 of user USER-REDACTED.
2026-07-21T11:06:11.161587+02:00 HOST-REDACTED-A systemd[1]: Started Session 129 of User USER-REDACTED.
2026-07-21T11:06:11.210155+02:00 HOST-REDACTED-A sshd-session[65423]: Received disconnect from IP-REDACTED port 60752:11: disconnected by user
2026-07-21T11:06:11.210270+02:00 HOST-REDACTED-A sshd-session[65423]: Disconnected from user USER-REDACTED IP-REDACTED port 60752
2026-07-21T11:06:11.210594+02:00 HOST-REDACTED-A sshd-session[65417]: pam_unix(sshd:session): session closed for user USER-REDACTED
2026-07-21T11:06:11.213749+02:00 HOST-REDACTED-A systemd[1]: session-129.scope: Deactivated successfully.
2026-07-21T11:06:11.214491+02:00 HOST-REDACTED-A systemd-logind[1802]: Removed session 129.
2026-07-21T11:06:16.303895+02:00 HOST-REDACTED-A sshd-session[65526]: Accepted publickey for USER-REDACTED from IP-REDACTED port 58890 ssh2: ED25519 SSH-FINGERPRINT-REDACTED
2026-07-21T11:06:16.305697+02:00 HOST-REDACTED-A sshd-session[65526]: pam_unix(sshd:session): session opened for user USER-REDACTED(uid=1000) by USER-REDACTED(uid=0)
2026-07-21T11:06:16.334120+02:00 HOST-REDACTED-A systemd-logind[1802]: New session 130 of user USER-REDACTED.
2026-07-21T11:06:16.354589+02:00 HOST-REDACTED-A systemd[1]: Started Session 130 of User USER-REDACTED.
2026-07-21T11:06:16.403331+02:00 HOST-REDACTED-A sshd-session[65532]: Received disconnect from IP-REDACTED port 58890:11: disconnected by user
2026-07-21T11:06:16.403395+02:00 HOST-REDACTED-A sshd-session[65532]: Disconnected from user USER-REDACTED IP-REDACTED port 58890
2026-07-21T11:06:16.403712+02:00 HOST-REDACTED-A sshd-session[65526]: pam_unix(sshd:session): session closed for user USER-REDACTED
2026-07-21T11:06:16.406523+02:00 HOST-REDACTED-A systemd[1]: session-130.scope: Deactivated successfully.
2026-07-21T11:06:16.407197+02:00 HOST-REDACTED-A systemd-logind[1802]: Removed session 130.
2026-07-21T11:06:21.499874+02:00 HOST-REDACTED-A sshd-session[65633]: Accepted publickey for USER-REDACTED from IP-REDACTED port 58892 ssh2: ED25519 SSH-FINGERPRINT-REDACTED
2026-07-21T11:06:21.501707+02:00 HOST-REDACTED-A sshd-session[65633]: pam_unix(sshd:session): session opened for user USER-REDACTED(uid=1000) by USER-REDACTED(uid=0)
2026-07-21T11:06:21.519607+02:00 HOST-REDACTED-A systemd-logind[1802]: New session 131 of user USER-REDACTED.
2026-07-21T11:06:21.540579+02:00 HOST-REDACTED-A systemd[1]: Started Session 131 of User USER-REDACTED.
2026-07-21T11:06:21.588093+02:00 HOST-REDACTED-A sshd-session[65639]: Received disconnect from IP-REDACTED port 58892:11: disconnected by user
2026-07-21T11:06:21.588155+02:00 HOST-REDACTED-A sshd-session[65639]: Disconnected from user USER-REDACTED IP-REDACTED port 58892
2026-07-21T11:06:21.588470+02:00 HOST-REDACTED-A sshd-session[65633]: pam_unix(sshd:session): session closed for user USER-REDACTED
2026-07-21T11:06:21.591287+02:00 HOST-REDACTED-A systemd[1]: session-131.scope: Deactivated successfully.
2026-07-21T11:06:21.591947+02:00 HOST-REDACTED-A systemd-logind[1802]: Removed session 131.
2026-07-21T11:06:26.681045+02:00 HOST-REDACTED-A sshd-session[65740]: Accepted publickey for USER-REDACTED from IP-REDACTED port 54912 ssh2: ED25519 SSH-FINGERPRINT-REDACTED
2026-07-21T11:06:26.682528+02:00 HOST-REDACTED-A sshd-session[65740]: pam_unix(sshd:session): session opened for user USER-REDACTED(uid=1000) by USER-REDACTED(uid=0)
2026-07-21T11:06:26.709666+02:00 HOST-REDACTED-A systemd-logind[1802]: New session 132 of user USER-REDACTED.
2026-07-21T11:06:26.733585+02:00 HOST-REDACTED-A systemd[1]: Started Session 132 of User USER-REDACTED.
2026-07-21T11:06:26.782011+02:00 HOST-REDACTED-A sshd-session[65746]: Received disconnect from IP-REDACTED port 54912:11: disconnected by user
2026-07-21T11:06:26.782077+02:00 HOST-REDACTED-A sshd-session[65746]: Disconnected from user USER-REDACTED IP-REDACTED port 54912
2026-07-21T11:06:26.782331+02:00 HOST-REDACTED-A sshd-session[65740]: pam_unix(sshd:session): session closed for user USER-REDACTED
2026-07-21T11:06:26.785127+02:00 HOST-REDACTED-A systemd[1]: session-132.scope: Deactivated successfully.
2026-07-21T11:06:26.785737+02:00 HOST-REDACTED-A systemd-logind[1802]: Removed session 132.
2026-07-21T11:06:28.400966+02:00 HOST-REDACTED-A rigsignal-agent[2149]: 2026-07-21T09:06:28.400937Z  INFO rigsignal_agent::session: No game detected — idle polling
2026-07-21T11:06:31.874740+02:00 HOST-REDACTED-A sshd-session[65843]: Accepted publickey for USER-REDACTED from IP-REDACTED port 54924 ssh2: ED25519 SSH-FINGERPRINT-REDACTED
2026-07-21T11:06:31.876714+02:00 HOST-REDACTED-A sshd-session[65843]: pam_unix(sshd:session): session opened for user USER-REDACTED(uid=1000) by USER-REDACTED(uid=0)
2026-07-21T11:06:31.897276+02:00 HOST-REDACTED-A systemd-logind[1802]: New session 133 of user USER-REDACTED.
2026-07-21T11:06:31.913604+02:00 HOST-REDACTED-A systemd[1]: Started Session 133 of User USER-REDACTED.
2026-07-21T11:06:31.960653+02:00 HOST-REDACTED-A sshd-session[65849]: Received disconnect from IP-REDACTED port 54924:11: disconnected by user
2026-07-21T11:06:31.960717+02:00 HOST-REDACTED-A sshd-session[65849]: Disconnected from user USER-REDACTED IP-REDACTED port 54924
2026-07-21T11:06:31.960989+02:00 HOST-REDACTED-A sshd-session[65843]: pam_unix(sshd:session): session closed for user USER-REDACTED
2026-07-21T11:06:31.964197+02:00 HOST-REDACTED-A systemd[1]: session-133.scope: Deactivated successfully.
2026-07-21T11:06:31.965095+02:00 HOST-REDACTED-A systemd-logind[1802]: Removed session 133.
2026-07-21T11:06:37.052450+02:00 HOST-REDACTED-A sshd-session[65952]: Accepted publickey for USER-REDACTED from IP-REDACTED port 40476 ssh2: ED25519 SSH-FINGERPRINT-REDACTED
2026-07-21T11:06:37.053867+02:00 HOST-REDACTED-A sshd-session[65952]: pam_unix(sshd:session): session opened for user USER-REDACTED(uid=1000) by USER-REDACTED(uid=0)
2026-07-21T11:06:37.087862+02:00 HOST-REDACTED-A systemd-logind[1802]: New session 134 of user USER-REDACTED.
2026-07-21T11:06:37.112591+02:00 HOST-REDACTED-A systemd[1]: Started Session 134 of User USER-REDACTED.
2026-07-21T11:06:37.159931+02:00 HOST-REDACTED-A sshd-session[65958]: Received disconnect from IP-REDACTED port 40476:11: disconnected by user
2026-07-21T11:06:37.159967+02:00 HOST-REDACTED-A sshd-session[65958]: Disconnected from user USER-REDACTED IP-REDACTED port 40476
2026-07-21T11:06:37.160134+02:00 HOST-REDACTED-A sshd-session[65952]: pam_unix(sshd:session): session closed for user USER-REDACTED
2026-07-21T11:06:37.162705+02:00 HOST-REDACTED-A systemd[1]: session-134.scope: Deactivated successfully.
2026-07-21T11:06:37.163316+02:00 HOST-REDACTED-A systemd-logind[1802]: Removed session 134.
2026-07-21T11:06:42.255765+02:00 HOST-REDACTED-A sshd-session[66059]: Accepted publickey for USER-REDACTED from IP-REDACTED port 40482 ssh2: ED25519 SSH-FINGERPRINT-REDACTED
2026-07-21T11:06:42.257401+02:00 HOST-REDACTED-A sshd-session[66059]: pam_unix(sshd:session): session opened for user USER-REDACTED(uid=1000) by USER-REDACTED(uid=0)
2026-07-21T11:06:42.280181+02:00 HOST-REDACTED-A systemd-logind[1802]: New session 135 of user USER-REDACTED.
2026-07-21T11:06:42.298597+02:00 HOST-REDACTED-A systemd[1]: Started Session 135 of User USER-REDACTED.
2026-07-21T11:06:42.347240+02:00 HOST-REDACTED-A sshd-session[66083]: Received disconnect from IP-REDACTED port 40482:11: disconnected by user
2026-07-21T11:06:42.347282+02:00 HOST-REDACTED-A sshd-session[66083]: Disconnected from user USER-REDACTED IP-REDACTED port 40482
2026-07-21T11:06:42.347515+02:00 HOST-REDACTED-A sshd-session[66059]: pam_unix(sshd:session): session closed for user USER-REDACTED
2026-07-21T11:06:42.350414+02:00 HOST-REDACTED-A systemd[1]: session-135.scope: Deactivated successfully.
2026-07-21T11:06:42.350966+02:00 HOST-REDACTED-A systemd-logind[1802]: Removed session 135.
2026-07-21T11:06:47.440565+02:00 HOST-REDACTED-A sshd-session[66178]: Accepted publickey for USER-REDACTED from IP-REDACTED port 53204 ssh2: ED25519 SSH-FINGERPRINT-REDACTED
2026-07-21T11:06:47.441969+02:00 HOST-REDACTED-A sshd-session[66178]: pam_unix(sshd:session): session opened for user USER-REDACTED(uid=1000) by USER-REDACTED(uid=0)
2026-07-21T11:06:47.457246+02:00 HOST-REDACTED-A systemd-logind[1802]: New session 136 of user USER-REDACTED.
2026-07-21T11:06:47.476611+02:00 HOST-REDACTED-A systemd[1]: Started Session 136 of User USER-REDACTED.
2026-07-21T11:06:47.524342+02:00 HOST-REDACTED-A sshd-session[66190]: Received disconnect from IP-REDACTED port 53204:11: disconnected by user
2026-07-21T11:06:47.524380+02:00 HOST-REDACTED-A sshd-session[66190]: Disconnected from user USER-REDACTED IP-REDACTED port 53204
2026-07-21T11:06:47.524605+02:00 HOST-REDACTED-A sshd-session[66178]: pam_unix(sshd:session): session closed for user USER-REDACTED
2026-07-21T11:06:47.527272+02:00 HOST-REDACTED-A systemd[1]: session-136.scope: Deactivated successfully.
2026-07-21T11:06:47.527749+02:00 HOST-REDACTED-A systemd-logind[1802]: Removed session 136.
2026-07-21T11:06:52.620130+02:00 HOST-REDACTED-A sshd-session[66291]: Accepted publickey for USER-REDACTED from IP-REDACTED port 53218 ssh2: ED25519 SSH-FINGERPRINT-REDACTED
2026-07-21T11:06:52.621910+02:00 HOST-REDACTED-A sshd-session[66291]: pam_unix(sshd:session): session opened for user USER-REDACTED(uid=1000) by USER-REDACTED(uid=0)
2026-07-21T11:06:52.640744+02:00 HOST-REDACTED-A systemd-logind[1802]: New session 137 of user USER-REDACTED.
2026-07-21T11:06:52.663588+02:00 HOST-REDACTED-A systemd[1]: Started Session 137 of User USER-REDACTED.
2026-07-21T11:06:52.712641+02:00 HOST-REDACTED-A sshd-session[66297]: Received disconnect from IP-REDACTED port 53218:11: disconnected by user
2026-07-21T11:06:52.712707+02:00 HOST-REDACTED-A sshd-session[66297]: Disconnected from user USER-REDACTED IP-REDACTED port 53218
2026-07-21T11:06:52.713012+02:00 HOST-REDACTED-A sshd-session[66291]: pam_unix(sshd:session): session closed for user USER-REDACTED
2026-07-21T11:06:52.716574+02:00 HOST-REDACTED-A systemd[1]: session-137.scope: Deactivated successfully.
2026-07-21T11:06:52.717160+02:00 HOST-REDACTED-A systemd-logind[1802]: Removed session 137.
2026-07-21T11:06:57.806231+02:00 HOST-REDACTED-A sshd-session[66401]: Accepted publickey for USER-REDACTED from IP-REDACTED port 44802 ssh2: ED25519 SSH-FINGERPRINT-REDACTED
2026-07-21T11:06:57.808133+02:00 HOST-REDACTED-A sshd-session[66401]: pam_unix(sshd:session): session opened for user USER-REDACTED(uid=1000) by USER-REDACTED(uid=0)
2026-07-21T11:06:57.827750+02:00 HOST-REDACTED-A systemd-logind[1802]: New session 138 of user USER-REDACTED.
2026-07-21T11:06:57.843587+02:00 HOST-REDACTED-A systemd[1]: Started Session 138 of User USER-REDACTED.
2026-07-21T11:06:57.888994+02:00 HOST-REDACTED-A sshd-session[66407]: Received disconnect from IP-REDACTED port 44802:11: disconnected by user
2026-07-21T11:06:57.889059+02:00 HOST-REDACTED-A sshd-session[66407]: Disconnected from user USER-REDACTED IP-REDACTED port 44802
2026-07-21T11:06:57.889318+02:00 HOST-REDACTED-A sshd-session[66401]: pam_unix(sshd:session): session closed for user USER-REDACTED
2026-07-21T11:06:57.892691+02:00 HOST-REDACTED-A systemd[1]: session-138.scope: Deactivated successfully.
2026-07-21T11:06:57.893299+02:00 HOST-REDACTED-A systemd-logind[1802]: Removed session 138.
2026-07-21T11:07:00.400985+02:00 HOST-REDACTED-A rigsignal-agent[2149]: 2026-07-21T09:07:00.400973Z  INFO rigsignal_agent::session: No game detected — idle polling
2026-07-21T11:07:02.983927+02:00 HOST-REDACTED-A sshd-session[66508]: Accepted publickey for USER-REDACTED from IP-REDACTED port 44804 ssh2: ED25519 SSH-FINGERPRINT-REDACTED
2026-07-21T11:07:02.985318+02:00 HOST-REDACTED-A sshd-session[66508]: pam_unix(sshd:session): session opened for user USER-REDACTED(uid=1000) by USER-REDACTED(uid=0)
2026-07-21T11:07:03.004850+02:00 HOST-REDACTED-A systemd-logind[1802]: New session 139 of user USER-REDACTED.
2026-07-21T11:07:03.018583+02:00 HOST-REDACTED-A systemd[1]: Started Session 139 of User USER-REDACTED.
2026-07-21T11:07:03.067179+02:00 HOST-REDACTED-A sshd-session[66514]: Received disconnect from IP-REDACTED port 44804:11: disconnected by user
2026-07-21T11:07:03.067243+02:00 HOST-REDACTED-A sshd-session[66514]: Disconnected from user USER-REDACTED IP-REDACTED port 44804
2026-07-21T11:07:03.067506+02:00 HOST-REDACTED-A sshd-session[66508]: pam_unix(sshd:session): session closed for user USER-REDACTED
2026-07-21T11:07:03.070411+02:00 HOST-REDACTED-A systemd[1]: session-139.scope: Deactivated successfully.
2026-07-21T11:07:03.070896+02:00 HOST-REDACTED-A systemd-logind[1802]: Removed session 139.
2026-07-21T11:07:08.159368+02:00 HOST-REDACTED-A sshd-session[66611]: Accepted publickey for USER-REDACTED from IP-REDACTED port 60034 ssh2: ED25519 SSH-FINGERPRINT-REDACTED
2026-07-21T11:07:08.160769+02:00 HOST-REDACTED-A sshd-session[66611]: pam_unix(sshd:session): session opened for user USER-REDACTED(uid=1000) by USER-REDACTED(uid=0)
2026-07-21T11:07:08.181071+02:00 HOST-REDACTED-A systemd-logind[1802]: New session 140 of user USER-REDACTED.
2026-07-21T11:07:08.209581+02:00 HOST-REDACTED-A systemd[1]: Started Session 140 of User USER-REDACTED.
2026-07-21T11:07:08.258373+02:00 HOST-REDACTED-A sshd-session[66617]: Received disconnect from IP-REDACTED port 60034:11: disconnected by user
2026-07-21T11:07:08.258436+02:00 HOST-REDACTED-A sshd-session[66617]: Disconnected from user USER-REDACTED IP-REDACTED port 60034
2026-07-21T11:07:08.258734+02:00 HOST-REDACTED-A sshd-session[66611]: pam_unix(sshd:session): session closed for user USER-REDACTED
2026-07-21T11:07:08.261476+02:00 HOST-REDACTED-A systemd[1]: session-140.scope: Deactivated successfully.
2026-07-21T11:07:08.262076+02:00 HOST-REDACTED-A systemd-logind[1802]: Removed session 140.
2026-07-21T11:07:13.361389+02:00 HOST-REDACTED-A sshd-session[66718]: Accepted publickey for USER-REDACTED from IP-REDACTED port 60040 ssh2: ED25519 SSH-FINGERPRINT-REDACTED
2026-07-21T11:07:13.362942+02:00 HOST-REDACTED-A sshd-session[66718]: pam_unix(sshd:session): session opened for user USER-REDACTED(uid=1000) by USER-REDACTED(uid=0)
2026-07-21T11:07:13.382093+02:00 HOST-REDACTED-A systemd-logind[1802]: New session 141 of user USER-REDACTED.
2026-07-21T11:07:13.400580+02:00 HOST-REDACTED-A systemd[1]: Started Session 141 of User USER-REDACTED.
2026-07-21T11:07:13.449184+02:00 HOST-REDACTED-A sshd-session[66724]: Received disconnect from IP-REDACTED port 60040:11: disconnected by user
2026-07-21T11:07:13.449249+02:00 HOST-REDACTED-A sshd-session[66724]: Disconnected from user USER-REDACTED IP-REDACTED port 60040
2026-07-21T11:07:13.449559+02:00 HOST-REDACTED-A sshd-session[66718]: pam_unix(sshd:session): session closed for user USER-REDACTED
2026-07-21T11:07:13.453380+02:00 HOST-REDACTED-A systemd[1]: session-141.scope: Deactivated successfully.
2026-07-21T11:07:13.453954+02:00 HOST-REDACTED-A systemd-logind[1802]: Removed session 141.
2026-07-21T11:07:18.543657+02:00 HOST-REDACTED-A sshd-session[66827]: Accepted publickey for USER-REDACTED from IP-REDACTED port 60952 ssh2: ED25519 SSH-FINGERPRINT-REDACTED
2026-07-21T11:07:18.545300+02:00 HOST-REDACTED-A sshd-session[66827]: pam_unix(sshd:session): session opened for user USER-REDACTED(uid=1000) by USER-REDACTED(uid=0)
2026-07-21T11:07:18.565491+02:00 HOST-REDACTED-A systemd-logind[1802]: New session 142 of user USER-REDACTED.
2026-07-21T11:07:18.579585+02:00 HOST-REDACTED-A systemd[1]: Started Session 142 of User USER-REDACTED.
2026-07-21T11:07:18.628837+02:00 HOST-REDACTED-A sshd-session[66833]: Received disconnect from IP-REDACTED port 60952:11: disconnected by user
2026-07-21T11:07:18.628896+02:00 HOST-REDACTED-A sshd-session[66833]: Disconnected from user USER-REDACTED IP-REDACTED port 60952
2026-07-21T11:07:18.629098+02:00 HOST-REDACTED-A sshd-session[66827]: pam_unix(sshd:session): session closed for user USER-REDACTED
2026-07-21T11:07:18.632620+02:00 HOST-REDACTED-A systemd[1]: session-142.scope: Deactivated successfully.
2026-07-21T11:07:18.633233+02:00 HOST-REDACTED-A systemd-logind[1802]: Removed session 142.
2026-07-21T11:07:23.720626+02:00 HOST-REDACTED-A sshd-session[66938]: Accepted publickey for USER-REDACTED from IP-REDACTED port 60966 ssh2: ED25519 SSH-FINGERPRINT-REDACTED
2026-07-21T11:07:23.722256+02:00 HOST-REDACTED-A sshd-session[66938]: pam_unix(sshd:session): session opened for user USER-REDACTED(uid=1000) by USER-REDACTED(uid=0)
2026-07-21T11:07:23.743042+02:00 HOST-REDACTED-A systemd-logind[1802]: New session 143 of user USER-REDACTED.
2026-07-21T11:07:23.767585+02:00 HOST-REDACTED-A systemd[1]: Started Session 143 of User USER-REDACTED.
2026-07-21T11:07:23.816330+02:00 HOST-REDACTED-A sshd-session[66944]: Received disconnect from IP-REDACTED port 60966:11: disconnected by user
2026-07-21T11:07:23.816397+02:00 HOST-REDACTED-A sshd-session[66944]: Disconnected from user USER-REDACTED IP-REDACTED port 60966
2026-07-21T11:07:23.816655+02:00 HOST-REDACTED-A sshd-session[66938]: pam_unix(sshd:session): session closed for user USER-REDACTED
2026-07-21T11:07:23.819947+02:00 HOST-REDACTED-A systemd[1]: session-143.scope: Deactivated successfully.
2026-07-21T11:07:23.820579+02:00 HOST-REDACTED-A systemd-logind[1802]: Removed session 143.
2026-07-21T11:07:28.504313+02:00 HOST-REDACTED-A sudo[66901]:     USER-REDACTED : TTY=pts/0 ; PWD=/<USER-REDACTED> ; USER=root ; COMMAND=/usr/bin/steamos-reboot --reboot-other
2026-07-21T11:07:28.506233+02:00 HOST-REDACTED-A sudo[66901]: pam_unix(sudo:session): session opened for user root(uid=0) by USER-REDACTED(uid=1000)
2026-07-21T11:07:28.524449+02:00 HOST-REDACTED-A systemd-logind[1802]: The system will reboot now!
2026-07-21T11:07:28.524619+02:00 HOST-REDACTED-A systemd-logind[1802]: System is rebooting.
2026-07-21T11:07:28.526315+02:00 HOST-REDACTED-A sudo[66901]: pam_unix(sudo:session): session closed for user root
2026-07-21T11:07:28.528800+02:00 HOST-REDACTED-A sddm-helper[2135]: Signal received: SIGTERM
2026-07-21T11:07:28.528950+02:00 HOST-REDACTED-A systemd[1]: Stopping Session 2 of User USER-REDACTED...
2026-07-21T11:07:28.529136+02:00 HOST-REDACTED-A systemd[1]: Stopping Session 3 of User USER-REDACTED...
2026-07-21T11:07:28.529223+02:00 HOST-REDACTED-A sshd-session[5562]: error: mm_reap: preauth child terminated by signal 15
2026-07-21T11:07:28.529281+02:00 HOST-REDACTED-A sshd-session[5562]: pam_unix(sshd:session): session closed for user USER-REDACTED
2026-07-21T11:07:28.529241+02:00 HOST-REDACTED-A systemd[1]: Removed slice Slice /system/getty.
2026-07-21T11:07:28.529391+02:00 HOST-REDACTED-A systemd[1]: Removed slice Slice /system/modprobe.
2026-07-21T11:07:28.529415+02:00 HOST-REDACTED-A sddm[2120]: Authentication error: SDDM::Auth::ERROR_INTERNAL "Process crashed"
2026-07-21T11:07:28.529431+02:00 HOST-REDACTED-A sddm[2120]: Auth: sddm-helper (--socket /tmp/sddm-auth-UUID-REDACTED --id 1 --start start-gamescope-session --user USER-REDACTED --autologin) crashed (exit code 1)
2026-07-21T11:07:28.529437+02:00 HOST-REDACTED-A sddm[2120]: Authentication error: SDDM::Auth::ERROR_INTERNAL "Process crashed"
2026-07-21T11:07:28.529439+02:00 HOST-REDACTED-A sddm[2120]: Auth: sddm-helper exited with 1
2026-07-21T11:07:28.529453+02:00 HOST-REDACTED-A systemd[1]: proc-sys-fs-binfmt_misc.automount: Deactivated successfully.
2026-07-21T11:07:28.529577+02:00 HOST-REDACTED-A systemd[1]: Unset automount Arbitrary Executable File Formats File System Automount Point.
2026-07-21T11:07:28.529626+02:00 HOST-REDACTED-A systemd[1]: Stopped target Bluetooth Support.
2026-07-21T11:07:28.529669+02:00 HOST-REDACTED-A systemd[1]: Stopped target Local Encrypted Volumes.
2026-07-21T11:07:28.529714+02:00 HOST-REDACTED-A systemd[1]: Stopped target Local Integrity Protected Volumes.
2026-07-21T11:07:28.529772+02:00 HOST-REDACTED-A systemd[1]: Stopped target Host and Network Name Lookups.
2026-07-21T11:07:28.529818+02:00 HOST-REDACTED-A systemd[1]: Stopped target Sound Card.
2026-07-21T11:07:28.529858+02:00 HOST-REDACTED-A systemd[1]: Stopped target SSH Access Available.
2026-07-21T11:07:28.529900+02:00 HOST-REDACTED-A systemd[1]: Stopped target SteamOS Offload.
2026-07-21T11:07:28.529943+02:00 HOST-REDACTED-A systemd[1]: Stopped target Timer Units.
2026-07-21T11:07:28.529961+02:00 HOST-REDACTED-A systemd[1]: mandoc.timer: Deactivated successfully.
2026-07-21T11:07:28.529978+02:00 HOST-REDACTED-A systemd[1]: Stopped Daily manpage database update.
2026-07-21T11:07:28.529996+02:00 HOST-REDACTED-A systemd[1]: shadow.timer: Deactivated successfully.
2026-07-21T11:07:28.530010+02:00 HOST-REDACTED-A systemd[1]: Stopped Daily verification of password and group files.
2026-07-21T11:07:28.530029+02:00 HOST-REDACTED-A systemd[1]: systemd-tmpfiles-clean.timer: Deactivated successfully.
2026-07-21T11:07:28.530044+02:00 HOST-REDACTED-A systemd[1]: Stopped Daily Cleanup of Temporary Directories.
2026-07-21T11:07:28.530075+02:00 HOST-REDACTED-A systemd[1]: Stopped target System Time Set.
2026-07-21T11:07:28.530105+02:00 HOST-REDACTED-A systemd[1]: Stopped target Trusted Platform Module.
2026-07-21T11:07:28.530135+02:00 HOST-REDACTED-A systemd[1]: Stopped target Local Verity Protected Volumes.
2026-07-21T11:07:28.530179+02:00 HOST-REDACTED-A systemd[1]: lvm2-lvmpolld.socket: Deactivated successfully.
2026-07-21T11:07:28.530216+02:00 HOST-REDACTED-A systemd[1]: Closed LVM2 poll daemon socket.
2026-07-21T11:07:28.530259+02:00 HOST-REDACTED-A systemd[1]: systemd-rfkill.socket: Deactivated successfully.
2026-07-21T11:07:28.530287+02:00 HOST-REDACTED-A systemd[1]: Closed Load/Save RF Kill Switch Status /dev/rfkill Watch.
2026-07-21T11:07:28.530649+02:00 HOST-REDACTED-A systemd[1]: Unmounting /esp...
2026-07-21T11:07:28.530746+02:00 HOST-REDACTED-A systemd[1]: Stopping Atomic Update Daemon...
2026-07-21T11:07:28.530778+02:00 HOST-REDACTED-A bluetoothd[1760]: Terminating
2026-07-21T11:07:28.530803+02:00 HOST-REDACTED-A systemd[1]: Stopping Bluetooth service...
2026-07-21T11:07:28.530868+02:00 HOST-REDACTED-A systemd[1]: Stopping Thunderbolt system service...
2026-07-21T11:07:28.530886+02:00 HOST-REDACTED-A systemd[1]: kdumpst-init.service: Deactivated successfully.
2026-07-21T11:07:28.530936+02:00 HOST-REDACTED-A systemd[1]: Stopped kdumpst loader boot-time service.
2026-07-21T11:07:28.531057+02:00 HOST-REDACTED-A bluetoothd[1760]: Stopping SDP server
2026-07-21T11:07:28.531076+02:00 HOST-REDACTED-A bluetoothd[1760]: Exit
2026-07-21T11:07:28.531627+02:00 HOST-REDACTED-A systemd[1]: Starting Generate shutdown-ramfs...
2026-07-21T11:07:28.531732+02:00 HOST-REDACTED-A systemd[1]: Stopping RealtimeKit Scheduling Policy Service...
2026-07-21T11:07:28.531743+02:00 HOST-REDACTED-A systemd[1]: steamos-boot.service: Deactivated successfully.
2026-07-21T11:07:28.531803+02:00 HOST-REDACTED-A systemd[1]: Stopped SteamOS Boot Registration.
2026-07-21T11:07:28.531857+02:00 HOST-REDACTED-A systemd[1]: Stopped target Graphical Interface.
2026-07-21T11:07:28.531891+02:00 HOST-REDACTED-A systemd[1]: Stopped target Multi-User System.
2026-07-21T11:07:28.531931+02:00 HOST-REDACTED-A systemd[1]: Stopped target Login Prompts.
2026-07-21T11:07:28.532260+02:00 HOST-REDACTED-A systemd[1]: Unmounting /efi...
2026-07-21T11:07:28.532326+02:00 HOST-REDACTED-A systemd[1]: Stopping Early OOM Daemon...
2026-07-21T11:07:28.532333+02:00 HOST-REDACTED-A systemd[1]: cec-sysconf.service: Deactivated successfully.
2026-07-21T11:07:28.532393+02:00 HOST-REDACTED-A systemd[1]: Stopped Hardware Specific CEC Configuration.
2026-07-21T11:07:28.532483+02:00 HOST-REDACTED-A systemd[1]: Stopping Service for enabling and controlling dmem cgroup limits for boosting foreground games, system-level...
2026-07-21T11:07:28.533469+02:00 HOST-REDACTED-A systemd[2088]: Stopped target Gamescope Session.
2026-07-21T11:07:28.533624+02:00 HOST-REDACTED-A dbus-broker[3391]: Dispatched 18 messages @ 2(±3)μs / message.
2026-07-21T11:07:28.533687+02:00 HOST-REDACTED-A systemd[2088]: Stopping Accessibility services bus...
2026-07-21T11:07:28.533848+02:00 HOST-REDACTED-A systemd[2088]: Stopping mangoapp...
2026-07-21T11:07:28.533946+02:00 HOST-REDACTED-A systemd[2088]: Stopping Xbindkeys for Gamescope session...
2026-07-21T11:07:28.534044+02:00 HOST-REDACTED-A systemd[2088]: Stopping Wrapper for Ibus...
2026-07-21T11:07:28.538691+02:00 HOST-REDACTED-A systemd[1]: Stopping GPU performance capture daemon...
2026-07-21T11:07:28.538700+02:00 HOST-REDACTED-A systemd[1]: pipewire-sysconf.service: Deactivated successfully.
2026-07-21T11:07:28.538757+02:00 HOST-REDACTED-A systemd[1]: Stopped Hardware Specific Pipewire Configuration.
2026-07-21T11:07:28.538768+02:00 HOST-REDACTED-A systemd[2088]: Stopping Steam Launcher...
2026-07-21T11:07:28.538849+02:00 HOST-REDACTED-A systemd[1]: Stopping SteamDeck Plugin Loader...
2026-07-21T11:07:28.538858+02:00 HOST-REDACTED-A systemd[1]: plymouth-quit-wait.service: Deactivated successfully.
2026-07-21T11:07:28.538898+02:00 HOST-REDACTED-A systemd[2088]: Stopping Steam Notification Daemon...
2026-07-21T11:07:28.539061+02:00 HOST-REDACTED-A rigsignal-ebpf[3165]: 2026-07-21T09:07:28.539012Z  INFO rigsignal_ebpf: received SIGTERM — shutting down
2026-07-21T11:07:28.538915+02:00 HOST-REDACTED-A systemd[1]: Stopped Hold until boot process finishes up.
2026-07-21T11:07:28.539230+02:00 HOST-REDACTED-A rigsignal-ebpf[3165]: 2026-07-21T09:07:28.539149Z  INFO rigsignal_ebpf: rigsignal-ebpf stopped
2026-07-21T11:07:28.539242+02:00 HOST-REDACTED-A PluginLoader[2148]: [main][INFO]: Shutting down...
2026-07-21T11:07:28.539242+02:00 HOST-REDACTED-A PluginLoader[2148]: [main][INFO]: Disabling reload...
2026-07-21T11:07:28.539242+02:00 HOST-REDACTED-A PluginLoader[2148]: [main][INFO]: Killing plugins...
2026-07-21T11:07:28.539007+02:00 HOST-REDACTED-A systemd[2088]: Stopping Power Button daemon for SteamOS...
2026-07-21T11:07:28.539232+02:00 HOST-REDACTED-A sshd[2072]: Received signal 15; terminating.
2026-07-21T11:07:28.539448+02:00 HOST-REDACTED-A PluginLoader[2148]: [plugin][INFO]: Shutting down decky-lsfg-vk
2026-07-21T11:07:28.539448+02:00 HOST-REDACTED-A PluginLoader[2148]: [plugin][INFO]: Shutting down Decky-Framegen
2026-07-21T11:07:28.539448+02:00 HOST-REDACTED-A PluginLoader[2148]: [plugin][INFO]: Stopping response listener for decky-lsfg-vk
2026-07-21T11:07:28.539448+02:00 HOST-REDACTED-A PluginLoader[2148]: [plugin][INFO]: Stopping response listener for Decky-Framegen
2026-07-21T11:07:28.539107+02:00 HOST-REDACTED-A systemd[1]: Stopping RigSignal eBPF kernel daemon...
2026-07-21T11:07:28.539508+02:00 HOST-REDACTED-A python[1776]: Received SIGUSR1, exiting.
2026-07-21T11:07:28.539508+02:00 HOST-REDACTED-A python[1776]: Shutting down the httpd server
2026-07-21T11:07:28.539148+02:00 HOST-REDACTED-A sddm[2120]: Signal received: SIGTERM
2026-07-21T11:07:28.539196+02:00 HOST-REDACTED-A systemd[1]: Stopping Simple Desktop Display Manager...
2026-07-21T11:07:28.539240+02:00 HOST-REDACTED-A systemd[1]: Stopping OpenSSH Daemon...
2026-07-21T11:07:28.539247+02:00 HOST-REDACTED-A systemd[1]: steamos-cfs-debugfs-tunings.service: Deactivated successfully.
2026-07-21T11:07:28.539294+02:00 HOST-REDACTED-A systemd[2088]: Stopping Portal service (gamescope implementation)...
2026-07-21T11:07:28.539688+02:00 HOST-REDACTED-A PluginLoader[2430]: Calling Loader unload function for decky-lsfg-vk.
2026-07-21T11:07:28.539322+02:00 HOST-REDACTED-A systemd[1]: Stopped set multiple CFS tunings in sched debugfs.
2026-07-21T11:07:28.539771+02:00 HOST-REDACTED-A PluginLoader[2436]: Calling Loader unload function for Decky-Framegen.
2026-07-21T11:07:28.539416+02:00 HOST-REDACTED-A systemd[2088]: Stopping Portal service (Holo implementation)...
2026-07-21T11:07:28.539853+02:00 HOST-REDACTED-A PluginLoader[2430]: Attempting to unload with plugin decky-lsfg-vk's "_unload" function.
2026-07-21T11:07:28.539458+02:00 HOST-REDACTED-A systemd[1]: Stopping "SteamOS Devkit Service"...
2026-07-21T11:07:28.539889+02:00 HOST-REDACTED-A PluginLoader[2436]: Attempting to unload with plugin Decky-Framegen's "_unload" function.
2026-07-21T11:07:28.539889+02:00 HOST-REDACTED-A PluginLoader[2436]: Framegen plugin unloaded.
2026-07-21T11:07:28.539465+02:00 HOST-REDACTED-A systemd[1]: steamos-dump-info.service: Deactivated successfully.
2026-07-21T11:07:28.539920+02:00 HOST-REDACTED-A PluginLoader[2430]: decky-lsfg-vk plugin unloaded
2026-07-21T11:07:28.539527+02:00 HOST-REDACTED-A systemd[1]: Stopped Append SteamOS info to kernel log.
2026-07-21T11:07:28.539945+02:00 HOST-REDACTED-A PluginLoader[2436]: Unloaded Decky-Framegen
2026-07-21T11:07:28.539599+02:00 HOST-REDACTED-A systemd[2088]: Stopping flatpak document portal service...
2026-07-21T11:07:28.539973+02:00 HOST-REDACTED-A PluginLoader[2430]: Unloaded decky-lsfg-vk
2026-07-21T11:07:28.539701+02:00 HOST-REDACTED-A systemd[1]: Stopping SteamOS Manager Daemon...
2026-07-21T11:07:28.539749+02:00 HOST-REDACTED-A systemd[2088]: Stopping sandboxed app permission store...
2026-07-21T11:07:28.540237+02:00 HOST-REDACTED-A steamos-manager[1784]: 2026-07-21T09:07:28.540206Z  INFO steamos_manager::daemon: Got SIGTERM, shutting down
2026-07-21T11:07:28.540237+02:00 HOST-REDACTED-A steamos-manager[1784]: 2026-07-21T09:07:28.540233Z  INFO steamos_manager::daemon: Shutting down
2026-07-21T11:07:28.540479+02:00 HOST-REDACTED-A steamos-manager[1784]: 2026-07-21T09:07:28.540307Z  INFO steamos_manager: Shutting down ds-inhibitor
2026-07-21T11:07:28.540479+02:00 HOST-REDACTED-A steamos-manager[1784]: 2026-07-21T09:07:28.540329Z  INFO steamos_manager: Shutting down sysfs-writer
2026-07-21T11:07:28.540479+02:00 HOST-REDACTED-A steamos-manager[1784]: 2026-07-21T09:07:28.540351Z  INFO steamos_manager: Shutting down inputplumber
2026-07-21T11:07:28.540479+02:00 HOST-REDACTED-A steamos-manager[1784]: 2026-07-21T09:07:28.540397Z  INFO steamos_manager: Shutting down ftrace
2026-07-21T11:07:28.540479+02:00 HOST-REDACTED-A steamos-manager[1784]: 2026-07-21T09:07:28.540425Z  INFO steamos_manager: Shutting down SLS log receiver
2026-07-21T11:07:28.540375+02:00 HOST-REDACTED-A systemd[1]: Stopping Load/Save OS Random Seed...
2026-07-21T11:07:28.540484+02:00 HOST-REDACTED-A systemd[1]: Stopping Network Time Synchronization...
2026-07-21T11:07:28.540496+02:00 HOST-REDACTED-A systemd[1]: systemd-udev-load-credentials.service: Deactivated successfully.
2026-07-21T11:07:28.540597+02:00 HOST-REDACTED-A systemd[1]: Stopped Load udev Rules from Credentials.
2026-07-21T11:07:28.541282+02:00 HOST-REDACTED-A systemd[1]: Stopping Record System Boot/Shutdown in UTMP...
2026-07-21T11:07:28.541423+02:00 HOST-REDACTED-A systemd[1]: Stopping Disk Manager...
2026-07-21T11:07:28.541508+02:00 HOST-REDACTED-A systemd[1]: Stopping Daemon for power management...
2026-07-21T11:07:28.541518+02:00 HOST-REDACTED-A systemd[1]: wireplumber-sysconf.service: Deactivated successfully.
2026-07-21T11:07:28.541598+02:00 HOST-REDACTED-A systemd[1]: Stopped Hardware Specific Wireplumber Configuration.
2026-07-21T11:07:28.543447+02:00 HOST-REDACTED-A systemd[2088]: Stopped mangoapp.
2026-07-21T11:07:28.543599+02:00 HOST-REDACTED-A systemd[2088]: gamescope-mangoapp.service: Consumed 3min 16.765s CPU time, 56.3M memory peak.
2026-07-21T11:07:28.543923+02:00 HOST-REDACTED-A systemd[1]: run-user-1000-doc.mount: Deactivated successfully.
2026-07-21T11:07:28.543944+02:00 HOST-REDACTED-A systemd[1]: Unmounted /run/user/1000/doc.
2026-07-21T11:07:28.544017+02:00 HOST-REDACTED-A systemd[1]: proc-sys-fs-binfmt_misc.mount: Deactivated successfully.
2026-07-21T11:07:28.544116+02:00 HOST-REDACTED-A systemd[2088]: Stopped Xbindkeys for Gamescope session.
2026-07-21T11:07:28.544514+02:00 HOST-REDACTED-A systemd[2088]: Stopped Wrapper for Ibus.
2026-07-21T11:07:28.544740+02:00 HOST-REDACTED-A systemd[2088]: steam-notif-daemon.service: Main process exited, code=exited, status=1/FAILURE
2026-07-21T11:07:28.544768+02:00 HOST-REDACTED-A systemd[2088]: steam-notif-daemon.service: Failed with result 'exit-code'.
2026-07-21T11:07:28.544855+02:00 HOST-REDACTED-A systemd[2088]: Stopped Steam Notification Daemon.
2026-07-21T11:07:28.545177+02:00 HOST-REDACTED-A systemd[1]: earlyoom.service: Deactivated successfully.
2026-07-21T11:07:28.545272+02:00 HOST-REDACTED-A systemd[1]: Stopped Early OOM Daemon.
2026-07-21T11:07:28.545393+02:00 HOST-REDACTED-A systemd[2088]: Stopped sandboxed app permission store.
2026-07-21T11:07:28.545459+02:00 HOST-REDACTED-A systemd[1]: bluetooth.service: Deactivated successfully.
2026-07-21T11:07:28.545551+02:00 HOST-REDACTED-A systemd[1]: Stopped Bluetooth service.
2026-07-21T11:07:28.545658+02:00 HOST-REDACTED-A systemd[2088]: Stopped flatpak document portal service.
2026-07-21T11:07:28.545890+02:00 HOST-REDACTED-A systemd[2088]: Stopped Portal service (Holo implementation).
2026-07-21T11:07:28.546144+02:00 HOST-REDACTED-A systemd[2088]: Stopped Portal service (gamescope implementation).
2026-07-21T11:07:28.546391+02:00 HOST-REDACTED-A systemd[2088]: Stopped Accessibility services bus.
2026-07-21T11:07:28.554606+02:00 HOST-REDACTED-A systemd[1]: bolt.service: Deactivated successfully.
2026-07-21T11:07:28.554774+02:00 HOST-REDACTED-A systemd[1]: Stopped Thunderbolt system service.
2026-07-21T11:07:28.555327+02:00 HOST-REDACTED-A systemd[1]: systemd-timesyncd.service: Deactivated successfully.
2026-07-21T11:07:28.555407+02:00 HOST-REDACTED-A systemd[1]: Stopped Network Time Synchronization.
2026-07-21T11:07:28.555577+02:00 HOST-REDACTED-A systemd[1]: dmemcg-booster-system.service: Deactivated successfully.
2026-07-21T11:07:28.555650+02:00 HOST-REDACTED-A systemd[1]: Stopped Service for enabling and controlling dmem cgroup limits for boosting foreground games, system-level.
2026-07-21T11:07:28.555753+02:00 HOST-REDACTED-A systemd[1]: sshd.service: Deactivated successfully.
2026-07-21T11:07:28.555819+02:00 HOST-REDACTED-A systemd[1]: Stopped OpenSSH Daemon.
2026-07-21T11:07:28.555849+02:00 HOST-REDACTED-A systemd[1]: sshd.service: Consumed 2.108s CPU time, 11.9M memory peak.
2026-07-21T11:07:28.555976+02:00 HOST-REDACTED-A systemd[1]: sddm.service: Deactivated successfully.
2026-07-21T11:07:28.556035+02:00 HOST-REDACTED-A systemd[1]: Stopped Simple Desktop Display Manager.
2026-07-21T11:07:28.556170+02:00 HOST-REDACTED-A systemd[1]: rtkit-daemon.service: Deactivated successfully.
2026-07-21T11:07:28.556231+02:00 HOST-REDACTED-A systemd[1]: Stopped RealtimeKit Scheduling Policy Service.
2026-07-21T11:07:28.556380+02:00 HOST-REDACTED-A systemd[1]: upower.service: Deactivated successfully.
2026-07-21T11:07:28.556439+02:00 HOST-REDACTED-A systemd[1]: Stopped Daemon for power management.
2026-07-21T11:07:28.556928+02:00 HOST-REDACTED-A systemd[1]: atomupd.service: Deactivated successfully.
2026-07-21T11:07:28.557009+02:00 HOST-REDACTED-A systemd[1]: Stopped Atomic Update Daemon.
2026-07-21T11:07:28.557189+02:00 HOST-REDACTED-A systemd[1]: esp.mount: Deactivated successfully.
2026-07-21T11:07:28.557261+02:00 HOST-REDACTED-A systemd[1]: Unmounted /esp.
2026-07-21T11:07:28.557481+02:00 HOST-REDACTED-A systemd[1]: efi.mount: Deactivated successfully.
2026-07-21T11:07:28.557581+02:00 HOST-REDACTED-A systemd[1]: Unmounted /efi.
2026-07-21T11:07:28.557828+02:00 HOST-REDACTED-A systemd[1]: systemd-random-seed.service: Deactivated successfully.
2026-07-21T11:07:28.557888+02:00 HOST-REDACTED-A systemd[1]: Stopped Load/Save OS Random Seed.
2026-07-21T11:07:28.558030+02:00 HOST-REDACTED-A systemd[1]: systemd-update-utmp.service: Deactivated successfully.
2026-07-21T11:07:28.558091+02:00 HOST-REDACTED-A systemd[1]: Stopped Record System Boot/Shutdown in UTMP.
2026-07-21T11:07:28.560500+02:00 HOST-REDACTED-A USER-REDACTED[67097]: Gamescope Session Ended - Performing Final Cleanup
2026-07-21T11:07:28.563332+02:00 HOST-REDACTED-A udisksd[3989]: udisks daemon version 2.10.1 exiting
2026-07-21T11:07:28.563973+02:00 HOST-REDACTED-A systemd[1]: Requested transaction contradicts existing jobs: Transaction for bluetooth.service/start is destructive (dev-disk-by\x2ddiskseq-4.swap has 'stop' job queued, but 'start' is included in transaction).
2026-07-21T11:07:28.564127+02:00 HOST-REDACTED-A systemd[1]: udisks2.service: Deactivated successfully.
2026-07-21T11:07:28.564235+02:00 HOST-REDACTED-A systemd[1]: Stopped Disk Manager.
2026-07-21T11:07:28.564719+02:00 HOST-REDACTED-A systemd[1]: plymouth-deactivate.service: Deactivated successfully.
2026-07-21T11:07:28.564792+02:00 HOST-REDACTED-A systemd[1]: Stopped Deactivate Plymouth Boot Screen.
2026-07-21T11:07:28.564835+02:00 HOST-REDACTED-A systemd[1]: plymouth-quit.service: Deactivated successfully.
2026-07-21T11:07:28.564874+02:00 HOST-REDACTED-A systemd[1]: Stopped Terminate Plymouth Boot Screen.
2026-07-21T11:07:28.565413+02:00 HOST-REDACTED-A systemd[1]: Starting Show Plymouth Reboot Screen...
2026-07-21T11:07:28.565424+02:00 HOST-REDACTED-A systemd[1]: systemd-fsck@dev-disk-by\x2dpartsets-self-efi.service: Deactivated successfully.
2026-07-21T11:07:28.565496+02:00 HOST-REDACTED-A systemd[1]: Stopped File System Check on /dev/disk/by-partsets/self/efi.
2026-07-21T11:07:28.565563+02:00 HOST-REDACTED-A systemd[1]: systemd-fsck@dev-disk-by\x2dpartsets-shared-esp.service: Deactivated successfully.
2026-07-21T11:07:28.565615+02:00 HOST-REDACTED-A systemd[1]: Stopped File System Check on /dev/disk/by-partsets/shared/esp.
2026-07-21T11:07:28.569169+02:00 HOST-REDACTED-A systemd[1]: session-3.scope: Deactivated successfully.
2026-07-21T11:07:28.575915+02:00 HOST-REDACTED-A systemd[1]: Stopped Session 3 of User USER-REDACTED.
2026-07-21T11:07:28.576530+02:00 HOST-REDACTED-A systemd-logind[1802]: Removed session 3.
2026-07-21T11:07:28.577543+02:00 HOST-REDACTED-A systemd[1]: Received SIGRTMIN+20 from PID 67149 (plymouthd).
2026-07-21T11:07:28.589803+02:00 HOST-REDACTED-A systemd[2088]: Stopped Power Button daemon for SteamOS.
2026-07-21T11:07:28.595231+02:00 HOST-REDACTED-A mkinitcpio[67065]: ==> Starting build: 'none'
2026-07-21T11:07:28.595344+02:00 HOST-REDACTED-A gpu-trace[67067]: CRITICAL - Failed to setup logging
2026-07-21T11:07:28.596901+02:00 HOST-REDACTED-A mkinitcpio[67065]:   -> Running build hook: [sd-shutdown]
2026-07-21T11:07:28.602576+02:00 HOST-REDACTED-A systemd[1]: gpu-trace.service: Control process exited, code=exited, status=255/EXCEPTION
2026-07-21T11:07:28.603351+02:00 HOST-REDACTED-A systemd[1]: gpu-trace.service: Failed with result 'exit-code'.
2026-07-21T11:07:28.603486+02:00 HOST-REDACTED-A systemd[1]: Stopped GPU performance capture daemon.
2026-07-21T11:07:28.603571+02:00 HOST-REDACTED-A systemd[1]: gpu-trace.service: Consumed 477ms CPU time, 69M memory peak.
2026-07-21T11:07:28.607296+02:00 HOST-REDACTED-A systemd[1]: steamos-manager.service: Deactivated successfully.
2026-07-21T11:07:28.607389+02:00 HOST-REDACTED-A systemd[1]: Stopped SteamOS Manager Daemon.
2026-07-21T11:07:28.607649+02:00 HOST-REDACTED-A systemd[1]: Stopping SteamOS log submitter service - sends error logs to Valve...
2026-07-21T11:07:28.609377+02:00 HOST-REDACTED-A systemd[1]: steamos-log-submitter.service: Deactivated successfully.
2026-07-21T11:07:28.609458+02:00 HOST-REDACTED-A systemd[1]: Stopped SteamOS log submitter service - sends error logs to Valve.
2026-07-21T11:07:28.609522+02:00 HOST-REDACTED-A systemd[1]: steamos-log-submitter.service: Consumed 7.563s CPU time, 524.4M memory peak.
2026-07-21T11:07:28.609962+02:00 HOST-REDACTED-A systemd[1]: Started Show Plymouth Reboot Screen.
2026-07-21T11:07:28.639732+02:00 HOST-REDACTED-A PluginLoader[2148]: [plugin][INFO]: Plugin decky-lsfg-vk has been stopped in 0.1s
2026-07-21T11:07:28.639781+02:00 HOST-REDACTED-A PluginLoader[2148]: [plugin][INFO]: Plugin Decky-Framegen has been stopped in 0.1s
2026-07-21T11:07:28.639820+02:00 HOST-REDACTED-A PluginLoader[2148]: [main][INFO]: Disconnecting from WS...
2026-07-21T11:07:28.639885+02:00 HOST-REDACTED-A PluginLoader[2148]: [injector][WARNING]: The Tab SharedJSContext socket has been disconnected while listening for messages.
2026-07-21T11:07:28.640088+02:00 HOST-REDACTED-A PluginLoader[2148]: [main][INFO]: Cancelling tasks...
2026-07-21T11:07:28.640204+02:00 HOST-REDACTED-A PluginLoader[2148]: [main][INFO]: CEF has disconnected...
2026-07-21T11:07:28.640226+02:00 HOST-REDACTED-A PluginLoader[2148]: [main][DEBUG]: Cancelling task Loader.handle_reloads
2026-07-21T11:07:28.640239+02:00 HOST-REDACTED-A PluginLoader[2148]: [main][DEBUG]: Cancelling task Updater.version_reloader
2026-07-21T11:07:28.640253+02:00 HOST-REDACTED-A PluginLoader[2148]: [main][DEBUG]: Cancelling task PluginManager.loader_reinjector
2026-07-21T11:07:28.640264+02:00 HOST-REDACTED-A PluginLoader[2148]: [main][DEBUG]: Task PluginManager.loader_reinjector finished
2026-07-21T11:07:28.640301+02:00 HOST-REDACTED-A PluginLoader[2148]: [main][DEBUG]: Task Loader.handle_reloads finished
2026-07-21T11:07:28.640326+02:00 HOST-REDACTED-A PluginLoader[2148]: [main][DEBUG]: Task Updater.version_reloader finished
2026-07-21T11:07:28.640334+02:00 HOST-REDACTED-A PluginLoader[2148]: [main][INFO]: Shutdown finished.
2026-07-21T11:07:28.640815+02:00 HOST-REDACTED-A PluginLoader[2148]: ======== Running on http://127.0.0.1:1337 ========
2026-07-21T11:07:28.640815+02:00 HOST-REDACTED-A PluginLoader[2148]: (Press CTRL+C to quit)
2026-07-21T11:07:28.674135+02:00 HOST-REDACTED-A systemd[1]: plugin_loader.service: Deactivated successfully.
2026-07-21T11:07:28.674257+02:00 HOST-REDACTED-A systemd[1]: Stopped SteamDeck Plugin Loader.
2026-07-21T11:07:28.674358+02:00 HOST-REDACTED-A systemd[1]: plugin_loader.service: Consumed 409ms CPU time, 143.1M memory peak.
2026-07-21T11:07:28.682137+02:00 HOST-REDACTED-A mkinitcpio[67065]: ==> Build complete.
2026-07-21T11:07:28.683690+02:00 HOST-REDACTED-A systemd[1]: mkinitcpio-generate-shutdown-ramfs.service: Deactivated successfully.
2026-07-21T11:07:28.683783+02:00 HOST-REDACTED-A systemd[1]: Finished Generate shutdown-ramfs.
2026-07-21T11:07:28.684609+02:00 HOST-REDACTED-A systemd[1]: Starting Tell Plymouth To Jump To initramfs...
2026-07-21T11:07:28.851872+02:00 HOST-REDACTED-A gamescope-session[2348]: [gamescope] [Info]  wlserver: [libseat] [libseat/backend/logind.c:351] Disabling seat
2026-07-21T11:07:28.851872+02:00 HOST-REDACTED-A gamescope-session[2348]: [gamescope] [Info]  wlserver: Session paused
2026-07-21T11:07:28.979320+02:00 HOST-REDACTED-A python[1776]: done serving at port: 32000
2026-07-21T11:07:28.979320+02:00 HOST-REDACTED-A python[1776]: UnregisterService /org/freedesktop/resolve1/dnssd/HOST-REDACTED-A
2026-07-21T11:07:28.986415+02:00 HOST-REDACTED-A systemd[1]: steamos-devkit-service.service: Deactivated successfully.
2026-07-21T11:07:28.986520+02:00 HOST-REDACTED-A systemd[1]: Stopped "SteamOS Devkit Service".
2026-07-21T11:07:29.009986+02:00 HOST-REDACTED-A systemd[1]: Requested transaction contradicts existing jobs: Transaction for upower.service/start is destructive (systemd-zram-setup@zram0.service has 'stop' job queued, but 'start' is included in transaction).
2026-07-21T11:07:29.011929+02:00 HOST-REDACTED-A systemd[1]: Requested transaction contradicts existing jobs: Transaction for upower.service/start is destructive (dev-disk-by\x2ddiskseq-4.swap has 'stop' job queued, but 'start' is included in transaction).
2026-07-21T11:07:29.236542+02:00 HOST-REDACTED-A kernel: amdgpu 0000:03:00.0: [drm] *ERROR* dpcd_set_link_settings:1117: core_link_write_dpcd (DP_DOWNSPREAD_CTRL) failed
2026-07-21T11:07:29.278537+02:00 HOST-REDACTED-A kernel: amdgpu 0000:03:00.0: [drm] *ERROR* dpcd_set_link_settings:1122: core_link_write_dpcd (DP_LANE_COUNT_SET) failed
2026-07-21T11:07:29.320551+02:00 HOST-REDACTED-A kernel: amdgpu 0000:03:00.0: [drm] *ERROR* dpcd_set_link_settings:1150: core_link_write_dpcd (DP_LINK_BW_SET) failed
2026-07-21T11:07:30.148086+02:00 HOST-REDACTED-A systemd[1]: rigsignal-ebpf.service: Deactivated successfully.
2026-07-21T11:07:30.148204+02:00 HOST-REDACTED-A systemd[1]: Stopped RigSignal eBPF kernel daemon.
2026-07-21T11:07:30.148303+02:00 HOST-REDACTED-A systemd[1]: rigsignal-ebpf.service: Consumed 2.864s CPU time, 46.6M memory peak.
2026-07-21T11:07:30.148469+02:00 HOST-REDACTED-A systemd[1]: Stopped target Network is Online.
2026-07-21T11:07:30.148506+02:00 HOST-REDACTED-A systemd[1]: NetworkManager-wait-online.service: Deactivated successfully.
2026-07-21T11:07:30.148569+02:00 HOST-REDACTED-A systemd[1]: Stopped Network Manager Wait Online.
2026-07-21T11:07:30.241557+02:00 HOST-REDACTED-A kernel: amdgpu 0000:03:00.0: [drm] *ERROR* dpcd_set_link_settings:1117: core_link_write_dpcd (DP_DOWNSPREAD_CTRL) failed
2026-07-21T11:07:30.283548+02:00 HOST-REDACTED-A kernel: amdgpu 0000:03:00.0: [drm] *ERROR* dpcd_set_link_settings:1122: core_link_write_dpcd (DP_LANE_COUNT_SET) failed
2026-07-21T11:07:30.325560+02:00 HOST-REDACTED-A kernel: amdgpu 0000:03:00.0: [drm] *ERROR* dpcd_set_link_settings:1150: core_link_write_dpcd (DP_LINK_BW_SET) failed
2026-07-21T11:07:30.830909+02:00 HOST-REDACTED-A steam[2542]: [2026-07-21 11:07:30] Shutdown
2026-07-21T11:07:31.038305+02:00 HOST-REDACTED-A steam-short-session-tracker[67332]: rm: cannot remove '/tmp/steamos-short-session-tracker': No such file or directory
2026-07-21T11:07:31.038538+02:00 HOST-REDACTED-A systemd[2088]: steam-launcher.service: Killing process 2542 (srt-logger) with signal SIGKILL.
2026-07-21T11:07:31.038560+02:00 HOST-REDACTED-A systemd[2088]: steam-launcher.service: Killing process 3280 (srt-logger) with signal SIGKILL.
2026-07-21T11:07:31.038577+02:00 HOST-REDACTED-A systemd[2088]: steam-launcher.service: Killing process 3392 (pv-adverb) with signal SIGKILL.
2026-07-21T11:07:31.038598+02:00 HOST-REDACTED-A systemd[2088]: steam-launcher.service: Killing process 3446 (steamwebhelper) with signal SIGKILL.
2026-07-21T11:07:31.038746+02:00 HOST-REDACTED-A systemd[2088]: steam-launcher.service: Killing process 3469 (steamwebhelper) with signal SIGKILL.
2026-07-21T11:07:31.038772+02:00 HOST-REDACTED-A systemd[2088]: steam-launcher.service: Killing process 3470 (steamwebhelper) with signal SIGKILL.
2026-07-21T11:07:31.038800+02:00 HOST-REDACTED-A systemd[2088]: steam-launcher.service: Killing process 3492 (steamwebhelper) with signal SIGKILL.
2026-07-21T11:07:31.038900+02:00 HOST-REDACTED-A systemd[2088]: steam-launcher.service: Killing process 3603 (steamwebhelper) with signal SIGKILL.
2026-07-21T11:07:31.038943+02:00 HOST-REDACTED-A systemd[2088]: steam-launcher.service: Killing process 3614 (steamwebhelper) with signal SIGKILL.
2026-07-21T11:07:31.038972+02:00 HOST-REDACTED-A systemd[2088]: steam-launcher.service: Killing process 3763 (steamwebhelper) with signal SIGKILL.
2026-07-21T11:07:31.039072+02:00 HOST-REDACTED-A systemd[2088]: steam-launcher.service: Killing process 3896 (steamwebhelper) with signal SIGKILL.
2026-07-21T11:07:31.039123+02:00 HOST-REDACTED-A systemd[2088]: steam-launcher.service: Killing process 3579 (steamw:traceq0) with signal SIGKILL.
2026-07-21T11:07:31.039140+02:00 HOST-REDACTED-A systemd[2088]: steam-launcher.service: Killing process 3610 (ThreadPoolForeg) with signal SIGKILL.
2026-07-21T11:07:31.039154+02:00 HOST-REDACTED-A systemd[2088]: steam-launcher.service: Killing process 3611 (ThreadPoolForeg) with signal SIGKILL.
2026-07-21T11:07:31.039167+02:00 HOST-REDACTED-A systemd[2088]: steam-launcher.service: Killing process 3619 (ThreadPoolForeg) with signal SIGKILL.
2026-07-21T11:07:31.039184+02:00 HOST-REDACTED-A systemd[2088]: steam-launcher.service: Killing process 3813 (steamwebhelper) with signal SIGKILL.
2026-07-21T11:07:31.039199+02:00 HOST-REDACTED-A systemd[2088]: steam-launcher.service: Killing process 3866 (steamw:traceq0) with signal SIGKILL.
2026-07-21T11:07:31.039205+02:00 HOST-REDACTED-A systemd[2088]: steam-launcher.service: Killing process 3900 (n/a) with signal SIGKILL.
2026-07-21T11:07:31.039221+02:00 HOST-REDACTED-A systemd[2088]: steam-launcher.service: Killing process 3902 (threaded-ml) with signal SIGKILL.
2026-07-21T11:07:31.039226+02:00 HOST-REDACTED-A systemd[2088]: steam-launcher.service: Killing process 5630 (n/a) with signal SIGKILL.
2026-07-21T11:07:31.049820+02:00 HOST-REDACTED-A systemd[2088]: Stopped Steam Launcher.
2026-07-21T11:07:31.049906+02:00 HOST-REDACTED-A systemd[2088]: steam-launcher.service: Consumed 18min 12.268s CPU time, 7.8G memory peak.
2026-07-21T11:07:31.050155+02:00 HOST-REDACTED-A systemd[2088]: Stopping Portal service...
2026-07-21T11:07:31.053760+02:00 HOST-REDACTED-A systemd[2088]: Stopped Portal service.
2026-07-21T11:07:31.053968+02:00 HOST-REDACTED-A systemd[2088]: Stopped target Current graphical user session.
2026-07-21T11:07:31.054125+02:00 HOST-REDACTED-A systemd[2088]: Stopping Gamescope Session...
2026-07-21T11:07:31.054284+02:00 HOST-REDACTED-A gamescope-session[2348]: [gamescope] [Info]  wlserver: [xwayland/server.c:217] Restarting Xwayland
2026-07-21T11:07:31.054797+02:00 HOST-REDACTED-A gamescope-session[2348]: [gamescope] [Info]  wlserver: [xwayland/server.c:217] Restarting Xwayland
2026-07-21T11:07:31.054993+02:00 HOST-REDACTED-A gamescope-session[67347]: [gamescope] [Info]  wlserver: [xwayland/server.c:107] Starting Xwayland on :0
2026-07-21T11:07:31.055344+02:00 HOST-REDACTED-A gamescope-session[67349]: [gamescope] [Info]  wlserver: [xwayland/server.c:107] Starting Xwayland on :1
2026-07-21T11:07:31.055767+02:00 HOST-REDACTED-A gamescope-session[2348]:  EIS: 11:07:31 | WARN | Client error: socket disconnected
2026-07-21T11:07:31.092015+02:00 HOST-REDACTED-A gamescope-session[67370]: The XKEYBOARD keymap compiler (xkbcomp) reports:
2026-07-21T11:07:31.092015+02:00 HOST-REDACTED-A gamescope-session[67370]: > Warning:          Could not resolve keysym XF86RefreshRateToggle
2026-07-21T11:07:31.092015+02:00 HOST-REDACTED-A gamescope-session[67370]: > Warning:          Could not resolve keysym XF86Accessibility
2026-07-21T11:07:31.092015+02:00 HOST-REDACTED-A gamescope-session[67370]: > Warning:          Could not resolve keysym XF86DoNotDisturb
2026-07-21T11:07:31.092207+02:00 HOST-REDACTED-A gamescope-session[67371]: The XKEYBOARD keymap compiler (xkbcomp) reports:
2026-07-21T11:07:31.092207+02:00 HOST-REDACTED-A gamescope-session[67371]: > Warning:          Could not resolve keysym XF86RefreshRateToggle
2026-07-21T11:07:31.092263+02:00 HOST-REDACTED-A gamescope-session[67371]: > Warning:          Could not resolve keysym XF86Accessibility
2026-07-21T11:07:31.092263+02:00 HOST-REDACTED-A gamescope-session[67371]: > Warning:          Could not resolve keysym XF86DoNotDisturb
2026-07-21T11:07:31.092492+02:00 HOST-REDACTED-A gamescope-session[67370]: Errors from xkbcomp are not fatal to the X server
2026-07-21T11:07:31.092721+02:00 HOST-REDACTED-A gamescope-session[67371]: Errors from xkbcomp are not fatal to the X server
2026-07-21T11:07:31.096774+02:00 HOST-REDACTED-A gamescope-session[67372]: The XKEYBOARD keymap compiler (xkbcomp) reports:
2026-07-21T11:07:31.096774+02:00 HOST-REDACTED-A gamescope-session[67372]: > Warning:          Unsupported maximum keycode 708, clipping.
2026-07-21T11:07:31.096774+02:00 HOST-REDACTED-A gamescope-session[67372]: >                   X11 cannot support keycodes above 255.
2026-07-21T11:07:31.097106+02:00 HOST-REDACTED-A gamescope-session[67373]: The XKEYBOARD keymap compiler (xkbcomp) reports:
2026-07-21T11:07:31.097106+02:00 HOST-REDACTED-A gamescope-session[67373]: > Warning:          Unsupported maximum keycode 708, clipping.
2026-07-21T11:07:31.097106+02:00 HOST-REDACTED-A gamescope-session[67373]: >                   X11 cannot support keycodes above 255.
2026-07-21T11:07:31.097199+02:00 HOST-REDACTED-A gamescope-session[67372]: > Warning:          Could not resolve keysym XF86RefreshRateToggle
2026-07-21T11:07:31.097199+02:00 HOST-REDACTED-A gamescope-session[67372]: > Warning:          Could not resolve keysym XF86Accessibility
2026-07-21T11:07:31.097199+02:00 HOST-REDACTED-A gamescope-session[67372]: > Warning:          Could not resolve keysym XF86DoNotDisturb
2026-07-21T11:07:31.097413+02:00 HOST-REDACTED-A gamescope-session[67372]: Errors from xkbcomp are not fatal to the X server
2026-07-21T11:07:31.097541+02:00 HOST-REDACTED-A gamescope-session[67373]: > Warning:          Could not resolve keysym XF86RefreshRateToggle
2026-07-21T11:07:31.097566+02:00 HOST-REDACTED-A gamescope-session[67373]: > Warning:          Could not resolve keysym XF86Accessibility
2026-07-21T11:07:31.097577+02:00 HOST-REDACTED-A gamescope-session[67373]: > Warning:          Could not resolve keysym XF86DoNotDisturb
2026-07-21T11:07:31.097798+02:00 HOST-REDACTED-A gamescope-session[67373]: Errors from xkbcomp are not fatal to the X server
2026-07-21T11:07:31.297549+02:00 HOST-REDACTED-A kernel: amdgpu 0000:03:00.0: [drm] *ERROR* dpcd_set_link_settings:1117: core_link_write_dpcd (DP_DOWNSPREAD_CTRL) failed
2026-07-21T11:07:31.339560+02:00 HOST-REDACTED-A kernel: amdgpu 0000:03:00.0: [drm] *ERROR* dpcd_set_link_settings:1122: core_link_write_dpcd (DP_LANE_COUNT_SET) failed
2026-07-21T11:07:31.381551+02:00 HOST-REDACTED-A kernel: amdgpu 0000:03:00.0: [drm] *ERROR* dpcd_set_link_settings:1150: core_link_write_dpcd (DP_LINK_BW_SET) failed
2026-07-21T11:07:32.401616+02:00 HOST-REDACTED-A kernel: amdgpu 0000:03:00.0: [drm] *ERROR* dpcd_set_link_settings:1117: core_link_write_dpcd (DP_DOWNSPREAD_CTRL) failed
2026-07-21T11:07:32.402359+02:00 HOST-REDACTED-A systemd[1]: Requested transaction contradicts existing jobs: Transaction for rtkit-daemon.service/start is destructive (reboot.target has 'start' job queued, but 'stop' is included in transaction).
2026-07-21T11:07:32.403717+02:00 HOST-REDACTED-A systemd[1]: Requested transaction contradicts existing jobs: Transaction for rtkit-daemon.service/start is destructive (home.mount has 'stop' job queued, but 'start' is included in transaction).
2026-07-21T11:07:32.405047+02:00 HOST-REDACTED-A systemd[1]: Requested transaction contradicts existing jobs: Transaction for rtkit-daemon.service/start is destructive (home.mount has 'stop' job queued, but 'start' is included in transaction).
2026-07-21T11:07:32.443562+02:00 HOST-REDACTED-A kernel: amdgpu 0000:03:00.0: [drm] *ERROR* dpcd_set_link_settings:1122: core_link_write_dpcd (DP_LANE_COUNT_SET) failed
2026-07-21T11:07:32.485550+02:00 HOST-REDACTED-A kernel: amdgpu 0000:03:00.0: [drm] *ERROR* dpcd_set_link_settings:1150: core_link_write_dpcd (DP_LINK_BW_SET) failed
2026-07-21T11:07:32.950551+02:00 HOST-REDACTED-A kernel: amdgpu 0000:03:00.0: [drm] enabling link 1 failed: 15
2026-07-21T11:07:33.042880+02:00 HOST-REDACTED-A gamescope-session[2348]: [gamescope] [Info]  drm: Connector DP-2 -> AOC - AG352UCG6
2026-07-21T11:07:33.042880+02:00 HOST-REDACTED-A gamescope-session[2348]: [gamescope] [Info]  drm: [colorimetry]: EDID with colorimetry detected. Using it
2026-07-21T11:07:33.042880+02:00 HOST-REDACTED-A gamescope-session[2348]: [gamescope] [Info]  drm: [colorimetry]: r 0.639648 0.330078
2026-07-21T11:07:33.042880+02:00 HOST-REDACTED-A gamescope-session[2348]: [gamescope] [Info]  drm: [colorimetry]: g 0.299805 0.599609
2026-07-21T11:07:33.042880+02:00 HOST-REDACTED-A gamescope-session[2348]: [gamescope] [Info]  drm: [colorimetry]: b 0.150391 0.059570
2026-07-21T11:07:33.042880+02:00 HOST-REDACTED-A gamescope-session[2348]: [gamescope] [Info]  drm: [colorimetry]: w 0.312500 0.329102
2026-07-21T11:07:33.052656+02:00 HOST-REDACTED-A gamescope-session[2348]: [gamescope] [Error] xwm: waylandres but no win
2026-07-21T11:07:33.052656+02:00 HOST-REDACTED-A gamescope-session[2348]: [gamescope] [Error] xwm: waylandres but no win
2026-07-21T11:07:33.052656+02:00 HOST-REDACTED-A gamescope-session[2348]: [gamescope] [Error] xwm: X11 I/O error! This is fatal. Aborting...
2026-07-21T11:07:33.043457+02:00 HOST-REDACTED-A systemd[1]: Finished Tell Plymouth To Jump To initramfs.
2026-07-21T11:07:33.139329+02:00 HOST-REDACTED-A systemd-coredump[67418]: Process 2348 (gamescope-wl) of user 1000 terminated abnormally with signal 6/ABRT, processing...
2026-07-21T11:07:33.144436+02:00 HOST-REDACTED-A core_handler[67419]: Minidump generated at /var/lib/steamos-log-submitter/pending/minidump/.staging-1784624853-gamescope-xwm-2348-None.dmp
2026-07-21T11:07:33.223055+02:00 HOST-REDACTED-A gamescope-session[67349]: (EE) failed to read Wayland events: Broken pipe
2026-07-21T11:07:33.223201+02:00 HOST-REDACTED-A gamescope-session[67347]: (EE) failed to read Wayland events: Broken pipe
2026-07-21T11:07:33.230416+02:00 HOST-REDACTED-A systemd[2088]: gamescope-session.service: Main process exited, code=dumped, status=6/ABRT
2026-07-21T11:07:33.251245+02:00 HOST-REDACTED-A drm_janitor[67422]: open() failed: Permission denied
2026-07-21T11:07:33.260021+02:00 HOST-REDACTED-A systemd[2088]: gamescope-session.service: Failed with result 'core-dump'.
2026-07-21T11:07:33.260156+02:00 HOST-REDACTED-A systemd[2088]: Stopped Gamescope Session.
2026-07-21T11:07:33.260235+02:00 HOST-REDACTED-A systemd[2088]: gamescope-session.service: Consumed 1min 49.810s CPU time, 299.7M memory peak.
2026-07-21T11:07:33.260331+02:00 HOST-REDACTED-A systemd[2088]: Stopped target Session services which should run early before the graphical session is brought up.
2026-07-21T11:07:33.261859+02:00 HOST-REDACTED-A USER-REDACTED[67426]: Gamescope Session Ended - Cleanup Complete
2026-07-21T11:07:33.262133+02:00 HOST-REDACTED-A systemd[1]: session-2.scope: Deactivated successfully.
2026-07-21T11:07:33.262229+02:00 HOST-REDACTED-A systemd[1]: Stopped Session 2 of User USER-REDACTED.
2026-07-21T11:07:33.262519+02:00 HOST-REDACTED-A systemd[1]: Stopping User Manager for UID 1000...
2026-07-21T11:07:33.262721+02:00 HOST-REDACTED-A systemd-logind[1802]: Removed session 2.
2026-07-21T11:07:33.263019+02:00 HOST-REDACTED-A systemd[2088]: Activating special unit Exit the Session...
2026-07-21T11:07:33.263896+02:00 HOST-REDACTED-A systemd[2088]: Removed slice Slice /app/dbus-:1.1-org.freedesktop.portal.IBus.
2026-07-21T11:07:33.263944+02:00 HOST-REDACTED-A systemd[2088]: Stopped target Main User Target.
2026-07-21T11:07:33.263985+02:00 HOST-REDACTED-A systemd[2088]: Stopped target Sound Card.
2026-07-21T11:07:33.264054+02:00 HOST-REDACTED-A systemd[2088]: Closed Socket to launch DrKonqi for a systemd-coredump crash.
2026-07-21T11:07:33.264144+02:00 HOST-REDACTED-A systemd[2088]: Stopping Consumer Electronics Control (CEC) Daemon...
2026-07-21T11:07:33.264193+02:00 HOST-REDACTED-A systemd[2088]: Stopping dbus-:1.36-org.a11y.atspi.Registry@0.service...
2026-07-21T11:07:33.264258+02:00 HOST-REDACTED-A systemd[2088]: Stopping Service for enabling and controlling dmem cgroup limits for boosting foreground games, user-level...
2026-07-21T11:07:33.264447+02:00 HOST-REDACTED-A systemd[2088]: Stopping Elastic Agent (unprivileged)...
2026-07-21T11:07:33.264521+02:00 HOST-REDACTED-A systemd[2088]: Stopping PipeWire filter chain daemon...
2026-07-21T11:07:33.264705+02:00 HOST-REDACTED-A systemd[2088]: Stopping gamemoded...
2026-07-21T11:07:33.264861+02:00 HOST-REDACTED-A systemd[2088]: Stopping PipeWire PulseAudio...
2026-07-21T11:07:33.264936+02:00 HOST-REDACTED-A rigsignal-agent[2149]: 2026-07-21T09:07:33.264920Z  INFO rigsignal_agent: SIGTERM received — shutting down
2026-07-21T11:07:33.264935+02:00 HOST-REDACTED-A systemd[2088]: Stopping RigSignal metrics agent (user install)...
2026-07-21T11:07:33.265123+02:00 HOST-REDACTED-A steamos-manager[2231]: 2026-07-21T09:07:33.264969Z  INFO steamos_manager::daemon: Got SIGTERM, shutting down
2026-07-21T11:07:33.265123+02:00 HOST-REDACTED-A steamos-manager[2231]: 2026-07-21T09:07:33.264984Z  INFO steamos_manager::daemon: Shutting down
2026-07-21T11:07:33.265123+02:00 HOST-REDACTED-A steamos-manager[2231]: 2026-07-21T09:07:33.264995Z  INFO steamos_manager: Shutting down udev-monitor
2026-07-21T11:07:33.265123+02:00 HOST-REDACTED-A steamos-manager[2231]: 2026-07-21T09:07:33.265035Z  INFO steamos_manager: Shutting down cecd-listener
2026-07-21T11:07:33.265123+02:00 HOST-REDACTED-A steamos-manager[2231]: 2026-07-21T09:07:33.265052Z  INFO steamos_manager: Shutting down tdp-manager
2026-07-21T11:07:33.265123+02:00 HOST-REDACTED-A steamos-manager[2231]: 2026-07-21T09:07:33.265099Z  INFO steamos_manager: Shutting down session-manager
2026-07-21T11:07:33.265123+02:00 HOST-REDACTED-A steamos-manager[2231]: 2026-07-21T09:07:33.265105Z  INFO steamos_manager: Shutting down job-manager
2026-07-21T11:07:33.265002+02:00 HOST-REDACTED-A systemd[2088]: Stopping SteamOS Manager Daemon...
2026-07-21T11:07:33.265320+02:00 HOST-REDACTED-A rigsignal-agent[2149]: 2026-07-21T09:07:33.265129Z  INFO rigsignal_agent: Shipping session summary (644s, 644 ticks)
2026-07-21T11:07:33.265334+02:00 HOST-REDACTED-A steamos-manager[2231]: 2026-07-21T09:07:33.265125Z  INFO steamos_manager: Shutting down signal-relay
2026-07-21T11:07:33.265102+02:00 HOST-REDACTED-A systemd[2088]: Stopping [systemd-run] /<USER-REDACTED>/streammon.sh enp14s0 /<USER-REDACTED>/streammon-ab-slotA.log...
2026-07-21T11:07:33.265407+02:00 HOST-REDACTED-A rigsignal-agent[2149]: 2026-07-21T09:07:33.265400Z  INFO rigsignal_agent: RigSignal agent stopped after 3349 ticks
2026-07-21T11:07:33.265862+02:00 HOST-REDACTED-A systemd[2088]: Stopped gamemoded.
2026-07-21T11:07:33.266120+02:00 HOST-REDACTED-A systemd[2088]: Stopped PipeWire filter chain daemon.
2026-07-21T11:07:33.266451+02:00 HOST-REDACTED-A systemd[2088]: Stopped Service for enabling and controlling dmem cgroup limits for boosting foreground games, user-level.
2026-07-21T11:07:33.266743+02:00 HOST-REDACTED-A systemd[2088]: Stopped RigSignal metrics agent (user install).
2026-07-21T11:07:33.266821+02:00 HOST-REDACTED-A systemd[2088]: rigsignal-agent.service: Consumed 14.225s CPU time, 60.1M memory peak.
2026-07-21T11:07:33.267076+02:00 HOST-REDACTED-A systemd[2088]: Stopped Consumer Electronics Control (CEC) Daemon.
2026-07-21T11:07:33.267304+02:00 HOST-REDACTED-A systemd[2088]: Stopped PipeWire PulseAudio.
2026-07-21T11:07:33.267341+02:00 HOST-REDACTED-A systemd[2088]: pipewire-pulse.service: Consumed 15.856s CPU time, 35.8M memory peak.
2026-07-21T11:07:33.267555+02:00 HOST-REDACTED-A systemd[2088]: Stopped dbus-:1.36-org.a11y.atspi.Registry@0.service.
2026-07-21T11:07:33.267749+02:00 HOST-REDACTED-A systemd[2088]: Stopped [systemd-run] /<USER-REDACTED>/streammon.sh enp14s0 /<USER-REDACTED>/streammon-ab-slotA.log.
2026-07-21T11:07:33.267780+02:00 HOST-REDACTED-A systemd[2088]: streammon-ab.service: Consumed 58.087s CPU time, 6.3M memory peak.
2026-07-21T11:07:33.268168+02:00 HOST-REDACTED-A systemd[2088]: Removed slice Slice /app/dbus-:1.36-org.a11y.atspi.Registry.
2026-07-21T11:07:33.268248+02:00 HOST-REDACTED-A systemd[2088]: Stopping Multimedia Service Session Manager...
2026-07-21T11:07:33.273672+02:00 HOST-REDACTED-A systemd[2088]: Stopped Multimedia Service Session Manager.
2026-07-21T11:07:33.273728+02:00 HOST-REDACTED-A systemd[2088]: wireplumber.service: Consumed 14.229s CPU time, 89.2M memory peak.
2026-07-21T11:07:33.273917+02:00 HOST-REDACTED-A systemd[2088]: Stopping PipeWire Multimedia Service...
2026-07-21T11:07:33.274665+02:00 HOST-REDACTED-A systemd[2088]: Stopped PipeWire Multimedia Service.
2026-07-21T11:07:33.274724+02:00 HOST-REDACTED-A systemd[2088]: pipewire.service: Consumed 6.987s CPU time, 47.4M memory peak.
2026-07-21T11:07:33.286193+02:00 HOST-REDACTED-A steamos-manager[2231]: 2026-07-21T09:07:33.286185Z  INFO steamos_manager: Shutting down screenreader-setup
2026-07-21T11:07:33.287637+02:00 HOST-REDACTED-A systemd[2088]: Stopped SteamOS Manager Daemon.
2026-07-21T11:07:33.481396+02:00 HOST-REDACTED-A systemd[2088]: Stopped Elastic Agent (unprivileged).
2026-07-21T11:07:33.481476+02:00 HOST-REDACTED-A systemd[2088]: elastic-agent.service: Consumed 1min 50.869s CPU time, 1.3G memory peak.
2026-07-21T11:07:33.481611+02:00 HOST-REDACTED-A systemd[2088]: Stopped target Basic System.
2026-07-21T11:07:33.481658+02:00 HOST-REDACTED-A systemd[2088]: Stopped target Paths.
2026-07-21T11:07:33.481729+02:00 HOST-REDACTED-A systemd[2088]: Stopped Submitting pending crash events (file monitor).
2026-07-21T11:07:33.481762+02:00 HOST-REDACTED-A systemd[2088]: Stopped target Sockets.
2026-07-21T11:07:33.481801+02:00 HOST-REDACTED-A systemd[2088]: Stopped target Timers.
2026-07-21T11:07:33.481840+02:00 HOST-REDACTED-A systemd[2088]: Stopped Hourly RigSignal spool retention.
2026-07-21T11:07:33.481906+02:00 HOST-REDACTED-A systemd[2088]: Closed HDMI CEC volume and mute control.
2026-07-21T11:07:33.481970+02:00 HOST-REDACTED-A systemd[2088]: Closed GnuPG network certificate management daemon.
2026-07-21T11:07:33.482028+02:00 HOST-REDACTED-A systemd[2088]: Closed GnuPG cryptographic agent and passphrase cache (access for web browsers).
2026-07-21T11:07:33.482087+02:00 HOST-REDACTED-A systemd[2088]: Closed GnuPG cryptographic agent and passphrase cache (restricted).
2026-07-21T11:07:33.482145+02:00 HOST-REDACTED-A systemd[2088]: Closed GnuPG cryptographic agent (ssh-agent emulation).
2026-07-21T11:07:33.482200+02:00 HOST-REDACTED-A systemd[2088]: Closed GnuPG cryptographic agent and passphrase cache.
2026-07-21T11:07:33.482255+02:00 HOST-REDACTED-A systemd[2088]: Closed GnuPG public key management service.
2026-07-21T11:07:33.482310+02:00 HOST-REDACTED-A systemd[2088]: Closed p11-kit server.
2026-07-21T11:07:33.482365+02:00 HOST-REDACTED-A systemd[2088]: Closed PipeWire PulseAudio.
2026-07-21T11:07:33.482422+02:00 HOST-REDACTED-A systemd[2088]: Closed PipeWire Multimedia System Sockets.
2026-07-21T11:07:33.482525+02:00 HOST-REDACTED-A dbus-broker[2143]: Dispatched 8387 messages @ 2(±4)μs / message.
2026-07-21T11:07:33.482964+02:00 HOST-REDACTED-A systemd[2088]: Stopping D-Bus User Message Bus...
2026-07-21T11:07:33.483134+02:00 HOST-REDACTED-A systemd[2088]: Stopped D-Bus User Message Bus.
2026-07-21T11:07:33.483356+02:00 HOST-REDACTED-A systemd[2088]: Removed slice User Core Session Slice.
2026-07-21T11:07:33.483361+02:00 HOST-REDACTED-A systemd[2088]: session.slice: Consumed 2min 27.694s CPU time, 505.3M memory peak.
2026-07-21T11:07:33.483446+02:00 HOST-REDACTED-A systemd[2088]: Closed D-Bus User Message Bus Socket.
2026-07-21T11:07:33.483515+02:00 HOST-REDACTED-A systemd[2088]: Removed slice User Application Slice.
2026-07-21T11:07:33.483519+02:00 HOST-REDACTED-A systemd[2088]: app.slice: Consumed 3h 12min 31.738s CPU time, 37.3G memory peak.
2026-07-21T11:07:33.483537+02:00 HOST-REDACTED-A systemd[2088]: Reached target Shutdown.
2026-07-21T11:07:33.483585+02:00 HOST-REDACTED-A systemd[2088]: Finished Exit the Session.
2026-07-21T11:07:33.483597+02:00 HOST-REDACTED-A systemd[2088]: Reached target Exit the Session.
2026-07-21T11:07:33.508932+02:00 HOST-REDACTED-A (sd-pam)[2094]: pam_unix(systemd-user:session): session closed for user USER-REDACTED
2026-07-21T11:07:33.509359+02:00 HOST-REDACTED-A systemd[1]: user@1000.service: Deactivated successfully.
2026-07-21T11:07:33.509513+02:00 HOST-REDACTED-A systemd[1]: Stopped User Manager for UID 1000.
2026-07-21T11:07:33.509631+02:00 HOST-REDACTED-A systemd[1]: user@1000.service: Consumed 3h 14min 59.665s CPU time, 37.8G memory peak.
2026-07-21T11:07:33.583785+02:00 HOST-REDACTED-A systemd-logind[1802]: Removed session 1.
2026-07-21T11:07:33.584235+02:00 HOST-REDACTED-A systemd[1]: Stopping Permit User Sessions...
2026-07-21T11:07:33.584662+02:00 HOST-REDACTED-A systemd[1]: Stopping User Runtime Directory /run/user/1000...
2026-07-21T11:07:33.612160+02:00 HOST-REDACTED-A systemd[1]: systemd-user-sessions.service: Deactivated successfully.
2026-07-21T11:07:33.612238+02:00 HOST-REDACTED-A systemd[1]: Stopped Permit User Sessions.
2026-07-21T11:07:33.613045+02:00 HOST-REDACTED-A systemd[1]: run-user-1000.mount: Deactivated successfully.
2026-07-21T11:07:33.613065+02:00 HOST-REDACTED-A systemd[1]: Unmounted /run/user/1000.
2026-07-21T11:07:33.613398+02:00 HOST-REDACTED-A systemd[1]: user-runtime-dir@1000.service: Deactivated successfully.
2026-07-21T11:07:33.613466+02:00 HOST-REDACTED-A systemd[1]: Stopped User Runtime Directory /run/user/1000.
2026-07-21T11:07:33.613993+02:00 HOST-REDACTED-A systemd[1]: Removed slice User Slice of UID 1000.
2026-07-21T11:07:33.614046+02:00 HOST-REDACTED-A systemd[1]: user-1000.slice: Consumed 3h 15min 449ms CPU time, 37.8G memory peak.
2026-07-21T11:07:33.614076+02:00 HOST-REDACTED-A systemd[1]: Stopped target Network.
2026-07-21T11:07:33.614134+02:00 HOST-REDACTED-A systemd[1]: Stopped target Remote File Systems.
2026-07-21T11:07:33.614229+02:00 HOST-REDACTED-A NetworkManager[2059]: <info>  [1784624853.6142] caught SIGTERM, shutting down normally.
2026-07-21T11:07:33.614238+02:00 HOST-REDACTED-A systemd[1]: Stopping Network Manager...
2026-07-21T11:07:33.614260+02:00 HOST-REDACTED-A systemd[1]: steamos-create-homedir.service: Deactivated successfully.
2026-07-21T11:07:33.614314+02:00 HOST-REDACTED-A systemd[1]: Stopped Create UID 1000 homedir on first boot/after factory reset.
2026-07-21T11:07:33.614414+02:00 HOST-REDACTED-A systemd[1]: Stopping User Login Management...
2026-07-21T11:07:33.614490+02:00 HOST-REDACTED-A systemd[1]: Stopping Network Name Resolution...
2026-07-21T11:07:33.614794+02:00 HOST-REDACTED-A NetworkManager[2059]: <info>  [1784624853.6147] dhcp4 (enp14s0): canceled DHCP transaction
2026-07-21T11:07:33.614799+02:00 HOST-REDACTED-A NetworkManager[2059]: <info>  [1784624853.6147] dhcp4 (enp14s0): activation: beginning transaction (timeout in 45 seconds)
2026-07-21T11:07:33.614802+02:00 HOST-REDACTED-A NetworkManager[2059]: <info>  [1784624853.6148] dhcp4 (enp14s0): state changed no lease
2026-07-21T11:07:33.614862+02:00 HOST-REDACTED-A NetworkManager[2059]: <info>  [1784624853.6148] manager: NetworkManager state is now CONNECTED_SITE
2026-07-21T11:07:33.616611+02:00 HOST-REDACTED-A systemd[1]: Requested transaction contradicts existing jobs: Transaction for NetworkManager-dispatcher.service/start is destructive (systemd-growfs@home.service has 'stop' job queued, but 'start' is included in transaction).
2026-07-21T11:07:33.637451+02:00 HOST-REDACTED-A systemd[1]: systemd-resolved.service: Deactivated successfully.
2026-07-21T11:07:33.637550+02:00 HOST-REDACTED-A systemd[1]: Stopped Network Name Resolution.
2026-07-21T11:07:33.638602+02:00 HOST-REDACTED-A systemd[1]: systemd-sysctl.service: Deactivated successfully.
2026-07-21T11:07:33.638646+02:00 HOST-REDACTED-A systemd[1]: Stopped Apply Kernel Variables.
2026-07-21T11:07:33.638709+02:00 HOST-REDACTED-A systemd[1]: systemd-coredump.socket: Deactivated successfully.
2026-07-21T11:07:33.638742+02:00 HOST-REDACTED-A systemd[1]: Closed Process Core Dump Socket.
2026-07-21T11:07:33.638777+02:00 HOST-REDACTED-A systemd[1]: systemd-modules-load.service: Deactivated successfully.
2026-07-21T11:07:33.638811+02:00 HOST-REDACTED-A systemd[1]: Stopped Load Kernel Modules.
2026-07-21T11:07:33.645581+02:00 HOST-REDACTED-A NetworkManager[2059]: <info>  [1784624853.6455] exiting (success)
2026-07-21T11:07:33.658856+02:00 HOST-REDACTED-A systemd[1]: systemd-logind.service: Deactivated successfully.
2026-07-21T11:07:33.658952+02:00 HOST-REDACTED-A systemd[1]: Stopped User Login Management.
2026-07-21T11:07:33.673779+02:00 HOST-REDACTED-A systemd[1]: NetworkManager.service: Deactivated successfully.
2026-07-21T11:07:33.673889+02:00 HOST-REDACTED-A systemd[1]: Stopped Network Manager.
2026-07-21T11:07:33.674145+02:00 HOST-REDACTED-A systemd[1]: Stopped target Preparation for Network.
2026-07-21T11:07:33.674212+02:00 HOST-REDACTED-A systemd[1]: Stopping firewalld - dynamic firewall daemon...
2026-07-21T11:07:33.700731+02:00 HOST-REDACTED-A systemd[1]: firewalld.service: Deactivated successfully.
2026-07-21T11:07:33.700828+02:00 HOST-REDACTED-A systemd[1]: Stopped firewalld - dynamic firewall daemon.
2026-07-21T11:07:33.700905+02:00 HOST-REDACTED-A systemd[1]: firewalld.service: Consumed 246ms CPU time, 68.7M memory peak.
2026-07-21T11:07:33.701031+02:00 HOST-REDACTED-A systemd[1]: Stopping Authorization Manager...
2026-07-21T11:07:33.705293+02:00 HOST-REDACTED-A systemd[1]: polkit.service: Deactivated successfully.
2026-07-21T11:07:33.705364+02:00 HOST-REDACTED-A systemd[1]: Stopped Authorization Manager.
2026-07-21T11:07:33.705867+02:00 HOST-REDACTED-A systemd[1]: Stopped target Basic System.
2026-07-21T11:07:33.705931+02:00 HOST-REDACTED-A systemd[1]: Stopped target Path Units.
2026-07-21T11:07:33.705962+02:00 HOST-REDACTED-A systemd[1]: systemd-ask-password-wall.path: Deactivated successfully.
2026-07-21T11:07:33.707555+02:00 HOST-REDACTED-A systemd[1]: Stopped Forward Password Requests to Wall Directory Watch.
2026-07-21T11:07:33.707599+02:00 HOST-REDACTED-A systemd[1]: Stopped target Slice Units.
2026-07-21T11:07:33.707695+02:00 HOST-REDACTED-A systemd[1]: Removed slice User and Session Slice.
2026-07-21T11:07:33.707723+02:00 HOST-REDACTED-A systemd[1]: user.slice: Consumed 3h 15min 449ms CPU time, 37.8G memory peak.
2026-07-21T11:07:33.707742+02:00 HOST-REDACTED-A systemd[1]: Stopped target Socket Units.
2026-07-21T11:07:33.707783+02:00 HOST-REDACTED-A systemd[1]: cups.socket: Deactivated successfully.
2026-07-21T11:07:33.707819+02:00 HOST-REDACTED-A systemd[1]: Closed CUPS Scheduler.
2026-07-21T11:07:33.707861+02:00 HOST-REDACTED-A systemd[1]: dirmngr@etc-pacman.d-gnupg.socket: Deactivated successfully.
2026-07-21T11:07:33.707891+02:00 HOST-REDACTED-A systemd[1]: Closed GnuPG network certificate management daemon for /etc/pacman.d/gnupg.
2026-07-21T11:07:33.707985+02:00 HOST-REDACTED-A systemd[1]: Removed slice Slice /system/dirmngr.
2026-07-21T11:07:33.708022+02:00 HOST-REDACTED-A systemd[1]: gpg-agent-browser@etc-pacman.d-gnupg.socket: Deactivated successfully.
2026-07-21T11:07:33.708054+02:00 HOST-REDACTED-A systemd[1]: Closed GnuPG cryptographic agent and passphrase cache (access for web browsers) for /etc/pacman.d/gnupg.
2026-07-21T11:07:33.708152+02:00 HOST-REDACTED-A systemd[1]: Removed slice Slice /system/gpg-agent-browser.
2026-07-21T11:07:33.708188+02:00 HOST-REDACTED-A systemd[1]: gpg-agent-extra@etc-pacman.d-gnupg.socket: Deactivated successfully.
2026-07-21T11:07:33.708218+02:00 HOST-REDACTED-A systemd[1]: Closed GnuPG cryptographic agent and passphrase cache (restricted) for /etc/pacman.d/gnupg.
2026-07-21T11:07:33.708308+02:00 HOST-REDACTED-A systemd[1]: Removed slice Slice /system/gpg-agent-extra.
2026-07-21T11:07:33.708343+02:00 HOST-REDACTED-A systemd[1]: gpg-agent-ssh@etc-pacman.d-gnupg.socket: Deactivated successfully.
2026-07-21T11:07:33.708372+02:00 HOST-REDACTED-A systemd[1]: Closed GnuPG cryptographic agent (ssh-agent emulation) for /etc/pacman.d/gnupg.
2026-07-21T11:07:33.708458+02:00 HOST-REDACTED-A systemd[1]: Removed slice Slice /system/gpg-agent-ssh.
2026-07-21T11:07:33.708494+02:00 HOST-REDACTED-A systemd[1]: gpg-agent@etc-pacman.d-gnupg.socket: Deactivated successfully.
2026-07-21T11:07:33.708522+02:00 HOST-REDACTED-A systemd[1]: Closed GnuPG cryptographic agent and passphrase cache for /etc/pacman.d/gnupg.
2026-07-21T11:07:33.708619+02:00 HOST-REDACTED-A systemd[1]: Removed slice Slice /system/gpg-agent.
2026-07-21T11:07:33.708653+02:00 HOST-REDACTED-A systemd[1]: keyboxd@etc-pacman.d-gnupg.socket: Deactivated successfully.
2026-07-21T11:07:33.708681+02:00 HOST-REDACTED-A systemd[1]: Closed GnuPG public key management service for /etc/pacman.d/gnupg.
2026-07-21T11:07:33.708767+02:00 HOST-REDACTED-A systemd[1]: Removed slice Slice /system/keyboxd.
2026-07-21T11:07:33.708799+02:00 HOST-REDACTED-A systemd[1]: sshd-unix-local.socket: Deactivated successfully.
2026-07-21T11:07:33.708825+02:00 HOST-REDACTED-A systemd[1]: Closed OpenSSH Server Socket (systemd-ssh-generator, AF_UNIX Local).
2026-07-21T11:07:33.708879+02:00 HOST-REDACTED-A systemd[1]: steam-web-debug-portforward.socket: Deactivated successfully.
2026-07-21T11:07:33.708954+02:00 HOST-REDACTED-A systemd[1]: Closed steam-web-debug-portforward.socket.
2026-07-21T11:07:33.708995+02:00 HOST-REDACTED-A systemd[1]: systemd-hostnamed.socket: Deactivated successfully.
2026-07-21T11:07:33.709022+02:00 HOST-REDACTED-A systemd[1]: Closed Hostname Service Socket.
2026-07-21T11:07:33.709059+02:00 HOST-REDACTED-A systemd[1]: systemd-importd.socket: Deactivated successfully.
2026-07-21T11:07:33.709084+02:00 HOST-REDACTED-A systemd[1]: Closed Disk Image Download Service Socket.
2026-07-21T11:07:33.709120+02:00 HOST-REDACTED-A systemd[1]: systemd-tmpfiles-setup.service: Deactivated successfully.
2026-07-21T11:07:33.709158+02:00 HOST-REDACTED-A systemd[1]: Stopped Create System Files and Directories.
2026-07-21T11:07:33.709208+02:00 HOST-REDACTED-A systemd[1]: Stopped target Local File Systems.
2026-07-21T11:07:33.709240+02:00 HOST-REDACTED-A systemd[1]: efi.automount: Deactivated successfully.
2026-07-21T11:07:33.709279+02:00 HOST-REDACTED-A systemd[1]: Unset automount efi.automount.
2026-07-21T11:07:33.709306+02:00 HOST-REDACTED-A systemd[1]: esp.automount: Deactivated successfully.
2026-07-21T11:07:33.709332+02:00 HOST-REDACTED-A systemd[1]: Unset automount esp.automount.
2026-07-21T11:07:33.709637+02:00 HOST-REDACTED-A systemd[1]: Unmounting SteamOS Offload - /nix...
2026-07-21T11:07:33.709940+02:00 HOST-REDACTED-A systemd[1]: Unmounting SteamOS Offload - /opt...
2026-07-21T11:07:33.710222+02:00 HOST-REDACTED-A systemd[1]: Unmounting SteamOS Offload - /root...
2026-07-21T11:07:33.710492+02:00 HOST-REDACTED-A systemd[1]: Unmounting SteamOS Offload - /srv...
2026-07-21T11:07:33.710743+02:00 HOST-REDACTED-A systemd[1]: Unmounting Temporary Directory /tmp...
2026-07-21T11:07:33.711016+02:00 HOST-REDACTED-A systemd[1]: Unmounting SteamOS Offload - /var/cache/pacman...
2026-07-21T11:07:33.734684+02:00 HOST-REDACTED-A systemd[1]: Unmounting SteamOS Offload - /var/lib/docker...
2026-07-21T11:07:33.735108+02:00 HOST-REDACTED-A systemd[1]: Unmounting SteamOS Offload - /var/lib/flatpak...
2026-07-21T11:07:33.735441+02:00 HOST-REDACTED-A systemd[1]: Unmounting SteamOS Offload - /var/lib/steamos-log-submitter...
2026-07-21T11:07:33.735750+02:00 HOST-REDACTED-A systemd[1]: Unmounting SteamOS Offload - /var/lib/systemd/coredump...
2026-07-21T11:07:33.736027+02:00 HOST-REDACTED-A systemd[1]: Unmounting Linux Games SSD Partition...
2026-07-21T11:07:33.736287+02:00 HOST-REDACTED-A systemd[1]: Unmounting SteamOS Offload - /var/tmp...
2026-07-21T11:07:33.736310+02:00 HOST-REDACTED-A systemd[1]: systemd-growfs@home.service: Deactivated successfully.
2026-07-21T11:07:33.736406+02:00 HOST-REDACTED-A systemd[1]: Stopped Grow File System on /home.
2026-07-21T11:07:33.736571+02:00 HOST-REDACTED-A systemd[1]: Removed slice Slice /system/systemd-growfs.
2026-07-21T11:07:33.737023+02:00 HOST-REDACTED-A systemd[1]: Stopping Flush Journal to Persistent Storage...
2026-07-21T11:07:33.737050+02:00 HOST-REDACTED-A systemd[1]: systemd-repart.service: Deactivated successfully.
2026-07-21T11:07:33.737124+02:00 HOST-REDACTED-A systemd[1]: Stopped Repartition Root Disk.
2026-07-21T11:07:33.740205+02:00 HOST-REDACTED-A systemd[1]: nix.mount: Deactivated successfully.
2026-07-21T11:07:33.740293+02:00 HOST-REDACTED-A systemd[1]: Unmounted SteamOS Offload - /nix.
2026-07-21T11:07:33.740475+02:00 HOST-REDACTED-A systemd[1]: opt.mount: Deactivated successfully.
2026-07-21T11:07:33.740546+02:00 HOST-REDACTED-A systemd[1]: Unmounted SteamOS Offload - /opt.
