2026-07-20T22:40:57.666424+02:00 HOST-REDACTED-A gamescope-session[20269]: [gamescope] [Error] pipewire: warning: out of buffers
2026-07-20T22:40:57.708103+02:00 HOST-REDACTED-A gamescope-session[20269]: [gamescope] [Error] pipewire: warning: out of buffers
2026-07-20T22:40:57.749760+02:00 HOST-REDACTED-A gamescope-session[20269]: [gamescope] [Error] pipewire: warning: out of buffers
2026-07-20T22:40:57.791430+02:00 HOST-REDACTED-A gamescope-session[20269]: [gamescope] [Error] pipewire: warning: out of buffers
2026-07-20T22:40:57.833130+02:00 HOST-REDACTED-A gamescope-session[20269]: [gamescope] [Error] pipewire: warning: out of buffers
2026-07-20T22:40:57.874756+02:00 HOST-REDACTED-A gamescope-session[20269]: [gamescope] [Error] pipewire: warning: out of buffers
2026-07-20T22:40:57.916460+02:00 HOST-REDACTED-A gamescope-session[20269]: [gamescope] [Error] pipewire: warning: out of buffers
2026-07-20T22:40:57.958086+02:00 HOST-REDACTED-A gamescope-session[20269]: [gamescope] [Error] pipewire: warning: out of buffers
2026-07-20T22:40:57.999760+02:00 HOST-REDACTED-A gamescope-session[20269]: [gamescope] [Error] pipewire: warning: out of buffers
2026-07-20T22:40:58.041432+02:00 HOST-REDACTED-A gamescope-session[20269]: [gamescope] [Error] pipewire: warning: out of buffers
2026-07-20T22:40:58.083095+02:00 HOST-REDACTED-A gamescope-session[20269]: [gamescope] [Error] pipewire: warning: out of buffers
2026-07-20T22:40:58.124762+02:00 HOST-REDACTED-A gamescope-session[20269]: [gamescope] [Error] pipewire: warning: out of buffers
2026-07-20T22:40:58.166428+02:00 HOST-REDACTED-A gamescope-session[20269]: [gamescope] [Error] pipewire: warning: out of buffers
2026-07-20T22:40:58.208139+02:00 HOST-REDACTED-A gamescope-session[20269]: [gamescope] [Error] pipewire: warning: out of buffers
2026-07-20T22:40:58.249756+02:00 HOST-REDACTED-A gamescope-session[20269]: [gamescope] [Error] pipewire: warning: out of buffers
2026-07-20T22:40:58.291433+02:00 HOST-REDACTED-A gamescope-session[20269]: [gamescope] [Error] pipewire: warning: out of buffers
2026-07-20T22:40:58.333112+02:00 HOST-REDACTED-A gamescope-session[20269]: [gamescope] [Error] pipewire: warning: out of buffers
2026-07-20T22:40:58.374813+02:00 HOST-REDACTED-A gamescope-session[20269]: [gamescope] [Error] pipewire: warning: out of buffers
2026-07-20T22:40:58.416425+02:00 HOST-REDACTED-A gamescope-session[20269]: [gamescope] [Error] pipewire: warning: out of buffers
2026-07-20T22:40:58.458102+02:00 HOST-REDACTED-A gamescope-session[20269]: [gamescope] [Error] pipewire: warning: out of buffers
2026-07-20T22:40:58.499802+02:00 HOST-REDACTED-A gamescope-session[20269]: [gamescope] [Error] pipewire: warning: out of buffers
2026-07-20T22:40:58.541436+02:00 HOST-REDACTED-A gamescope-session[20269]: [gamescope] [Error] pipewire: warning: out of buffers
2026-07-20T22:40:58.583097+02:00 HOST-REDACTED-A gamescope-session[20269]: [gamescope] [Error] pipewire: warning: out of buffers
2026-07-20T22:40:58.624764+02:00 HOST-REDACTED-A gamescope-session[20269]: [gamescope] [Error] pipewire: warning: out of buffers
2026-07-20T22:40:58.666432+02:00 HOST-REDACTED-A gamescope-session[20269]: [gamescope] [Error] pipewire: warning: out of buffers
2026-07-20T22:40:58.708099+02:00 HOST-REDACTED-A gamescope-session[20269]: [gamescope] [Error] pipewire: warning: out of buffers
2026-07-20T22:40:58.749769+02:00 HOST-REDACTED-A gamescope-session[20269]: [gamescope] [Error] pipewire: warning: out of buffers
2026-07-20T22:40:58.791436+02:00 HOST-REDACTED-A gamescope-session[20269]: [gamescope] [Error] pipewire: warning: out of buffers
2026-07-20T22:40:58.833108+02:00 HOST-REDACTED-A gamescope-session[20269]: [gamescope] [Error] pipewire: warning: out of buffers
2026-07-20T22:40:58.874769+02:00 HOST-REDACTED-A gamescope-session[20269]: [gamescope] [Error] pipewire: warning: out of buffers
2026-07-20T22:40:58.916431+02:00 HOST-REDACTED-A gamescope-session[20269]: [gamescope] [Error] pipewire: warning: out of buffers
2026-07-20T22:40:58.958103+02:00 HOST-REDACTED-A gamescope-session[20269]: [gamescope] [Error] pipewire: warning: out of buffers
2026-07-20T22:40:58.959548+02:00 HOST-REDACTED-A steam[20412]: CLIENT: Got video sequence 16912, expected 16911, sending lost data notification
2026-07-20T22:40:58.999765+02:00 HOST-REDACTED-A gamescope-session[20269]: [gamescope] [Error] pipewire: warning: out of buffers
2026-07-20T22:40:59.041483+02:00 HOST-REDACTED-A gamescope-session[20269]: [gamescope] [Error] pipewire: warning: out of buffers
2026-07-20T22:40:59.060272+02:00 HOST-REDACTED-A steam[20412]: CLIENT: Didn't get keyframe, resending lost data notification
2026-07-20T22:40:59.083108+02:00 HOST-REDACTED-A gamescope-session[20269]: [gamescope] [Error] pipewire: warning: out of buffers
2026-07-20T22:40:59.124767+02:00 HOST-REDACTED-A gamescope-session[20269]: [gamescope] [Error] pipewire: warning: out of buffers
2026-07-20T22:40:59.161012+02:00 HOST-REDACTED-A steam[20412]: CLIENT: Didn't get keyframe, resending lost data notification
2026-07-20T22:40:59.166439+02:00 HOST-REDACTED-A gamescope-session[20269]: [gamescope] [Error] pipewire: warning: out of buffers
2026-07-20T22:40:59.208106+02:00 HOST-REDACTED-A gamescope-session[20269]: [gamescope] [Error] pipewire: warning: out of buffers
2026-07-20T22:40:59.249762+02:00 HOST-REDACTED-A gamescope-session[20269]: [gamescope] [Error] pipewire: warning: out of buffers
2026-07-20T22:40:59.261731+02:00 HOST-REDACTED-A steam[20412]: CLIENT: Didn't get keyframe, resending lost data notification
2026-07-20T22:40:59.261777+02:00 HOST-REDACTED-A steam[20412]: CLIENT: Marking frame 16912 complete with status k_EStreamFrameResultDroppedReset
2026-07-20T22:40:59.261777+02:00 HOST-REDACTED-A steam[20412]: CLIENT: Marking frame 16913 complete with status k_EStreamFrameResultDroppedReset
2026-07-20T22:40:59.261777+02:00 HOST-REDACTED-A steam[20412]: CLIENT: Marking frame 16915 complete with status k_EStreamFrameResultDroppedReset
2026-07-20T22:40:59.261777+02:00 HOST-REDACTED-A steam[20412]: CLIENT: Marking frame 16916 complete with status k_EStreamFrameResultDroppedReset
2026-07-20T22:40:59.261777+02:00 HOST-REDACTED-A steam[20412]: CLIENT: Marking frame 16917 complete with status k_EStreamFrameResultDroppedReset
2026-07-20T22:40:59.261777+02:00 HOST-REDACTED-A steam[20412]: CLIENT: Marking frame 16918 complete with status k_EStreamFrameResultDroppedReset
2026-07-20T22:40:59.261777+02:00 HOST-REDACTED-A steam[20412]: CLIENT: Marking frame 16919 complete with status k_EStreamFrameResultDroppedReset
2026-07-20T22:40:59.261777+02:00 HOST-REDACTED-A steam[20412]: CLIENT: Marking frame 16920 complete with status k_EStreamFrameResultDroppedReset
2026-07-20T22:40:59.261777+02:00 HOST-REDACTED-A steam[20412]: CLIENT: Marking frame 16921 complete with status k_EStreamFrameResultDroppedReset
2026-07-20T22:40:59.261777+02:00 HOST-REDACTED-A steam[20412]: CLIENT: Marking frame 16922 complete with status k_EStreamFrameResultDroppedReset
2026-07-20T22:40:59.261777+02:00 HOST-REDACTED-A steam[20412]: CLIENT: Marking frame 16923 complete with status k_EStreamFrameResultDroppedReset
2026-07-20T22:40:59.261777+02:00 HOST-REDACTED-A steam[20412]: CLIENT: Marking frame 16924 complete with status k_EStreamFrameResultDroppedReset
2026-07-20T22:40:59.261777+02:00 HOST-REDACTED-A steam[20412]: CLIENT: Marking frame 16925 complete with status k_EStreamFrameResultDroppedReset
2026-07-20T22:40:59.261902+02:00 HOST-REDACTED-A steam[20412]: CLIENT: Marking frame 16927 complete with status k_EStreamFrameResultDroppedReset
2026-07-20T22:40:59.261902+02:00 HOST-REDACTED-A steam[20412]: CLIENT: Marking frame 16928 complete with status k_EStreamFrameResultDroppedReset
2026-07-20T22:40:59.261902+02:00 HOST-REDACTED-A steam[20412]: CLIENT: Marking frame 16929 complete with status k_EStreamFrameResultDroppedReset
2026-07-20T22:40:59.261902+02:00 HOST-REDACTED-A steam[20412]: CLIENT: Marking frame 16930 complete with status k_EStreamFrameResultDroppedReset
2026-07-20T22:40:59.261902+02:00 HOST-REDACTED-A steam[20412]: CLIENT: Marking frame 16931 complete with status k_EStreamFrameResultDroppedReset
2026-07-20T22:40:59.261902+02:00 HOST-REDACTED-A steam[20412]: CLIENT: Marking frame 16932 complete with status k_EStreamFrameResultDroppedReset
2026-07-20T22:40:59.261902+02:00 HOST-REDACTED-A steam[20412]: CLIENT: Marking frame 16933 complete with status k_EStreamFrameResultDroppedReset
2026-07-20T22:40:59.261902+02:00 HOST-REDACTED-A steam[20412]: CLIENT: Marking frame 16934 complete with status k_EStreamFrameResultDroppedReset
2026-07-20T22:40:59.261902+02:00 HOST-REDACTED-A steam[20412]: CLIENT: Marking frame 16935 complete with status k_EStreamFrameResultDroppedReset
2026-07-20T22:40:59.261902+02:00 HOST-REDACTED-A steam[20412]: CLIENT: Marking frame 16936 complete with status k_EStreamFrameResultDroppedReset
2026-07-20T22:40:59.261902+02:00 HOST-REDACTED-A steam[20412]: CLIENT: Marking frame 16937 complete with status k_EStreamFrameResultDroppedReset
2026-07-20T22:40:59.261902+02:00 HOST-REDACTED-A steam[20412]: CLIENT: Marking frame 16939 complete with status k_EStreamFrameResultDroppedReset
2026-07-20T22:40:59.261902+02:00 HOST-REDACTED-A steam[20412]: CLIENT: Marking frame 16940 complete with status k_EStreamFrameResultDroppedReset
2026-07-20T22:40:59.261902+02:00 HOST-REDACTED-A steam[20412]: CLIENT: Marking frame 16941 complete with status k_EStreamFrameResultDroppedReset
2026-07-20T22:40:59.261902+02:00 HOST-REDACTED-A steam[20412]: CLIENT: Marking frame 16942 complete with status k_EStreamFrameResultDroppedReset
2026-07-20T22:40:59.261902+02:00 HOST-REDACTED-A steam[20412]: CLIENT: Marking frame 16943 complete with status k_EStreamFrameResultDroppedReset
2026-07-20T22:40:59.261902+02:00 HOST-REDACTED-A steam[20412]: CLIENT: Marking frame 16944 complete with status k_EStreamFrameResultDroppedReset
2026-07-20T22:40:59.291434+02:00 HOST-REDACTED-A gamescope-session[20269]: [gamescope] [Error] pipewire: warning: out of buffers
2026-07-20T22:40:59.312221+02:00 HOST-REDACTED-A steam[20412]: CLIENT: Marking frame 16945 complete with status k_EStreamFrameResultDroppedReset
2026-07-20T22:40:59.312221+02:00 HOST-REDACTED-A steam[20412]: CLIENT: Marking frame 16946 complete with status k_EStreamFrameResultDroppedReset
2026-07-20T22:40:59.312221+02:00 HOST-REDACTED-A steam[20412]: CLIENT: Marking frame 16947 complete with status k_EStreamFrameResultDroppedReset
2026-07-20T22:40:59.312221+02:00 HOST-REDACTED-A steam[20412]: CLIENT: Marking frame 16948 complete with status k_EStreamFrameResultDroppedReset
2026-07-20T22:40:59.312221+02:00 HOST-REDACTED-A steam[20412]: CLIENT: Marking frame 16949 complete with status k_EStreamFrameResultDroppedReset
2026-07-20T22:40:59.333103+02:00 HOST-REDACTED-A gamescope-session[20269]: [gamescope] [Error] pipewire: warning: out of buffers
2026-07-20T22:40:59.374770+02:00 HOST-REDACTED-A gamescope-session[20269]: [gamescope] [Error] pipewire: warning: out of buffers
2026-07-20T22:40:59.416435+02:00 HOST-REDACTED-A gamescope-session[20269]: [gamescope] [Error] pipewire: warning: out of buffers
2026-07-20T22:40:59.458116+02:00 HOST-REDACTED-A gamescope-session[20269]: [gamescope] [Error] pipewire: warning: out of buffers
2026-07-20T22:40:59.499774+02:00 HOST-REDACTED-A gamescope-session[20269]: [gamescope] [Error] pipewire: warning: out of buffers
2026-07-20T22:40:59.541439+02:00 HOST-REDACTED-A gamescope-session[20269]: [gamescope] [Error] pipewire: warning: out of buffers
2026-07-20T22:40:59.583142+02:00 HOST-REDACTED-A gamescope-session[20269]: [gamescope] [Error] pipewire: warning: out of buffers
2026-07-20T22:40:59.624778+02:00 HOST-REDACTED-A gamescope-session[20269]: [gamescope] [Error] pipewire: warning: out of buffers
2026-07-20T22:40:59.666443+02:00 HOST-REDACTED-A gamescope-session[20269]: [gamescope] [Error] pipewire: warning: out of buffers
2026-07-20T22:40:59.708118+02:00 HOST-REDACTED-A gamescope-session[20269]: [gamescope] [Error] pipewire: warning: out of buffers
2026-07-20T22:40:59.749783+02:00 HOST-REDACTED-A gamescope-session[20269]: [gamescope] [Error] pipewire: warning: out of buffers
2026-07-20T22:40:59.791442+02:00 HOST-REDACTED-A gamescope-session[20269]: [gamescope] [Error] pipewire: warning: out of buffers
2026-07-20T22:40:59.833109+02:00 HOST-REDACTED-A gamescope-session[20269]: [gamescope] [Error] pipewire: warning: out of buffers
2026-07-20T22:40:59.874801+02:00 HOST-REDACTED-A gamescope-session[20269]: [gamescope] [Error] pipewire: warning: out of buffers
2026-07-20T22:40:59.916443+02:00 HOST-REDACTED-A gamescope-session[20269]: [gamescope] [Error] pipewire: warning: out of buffers
2026-07-20T22:40:59.958138+02:00 HOST-REDACTED-A gamescope-session[20269]: [gamescope] [Error] pipewire: warning: out of buffers
2026-07-20T22:40:59.999775+02:00 HOST-REDACTED-A gamescope-session[20269]: [gamescope] [Error] pipewire: warning: out of buffers
2026-07-20T22:41:00.041444+02:00 HOST-REDACTED-A gamescope-session[20269]: [gamescope] [Error] pipewire: warning: out of buffers
2026-07-20T22:41:00.083114+02:00 HOST-REDACTED-A gamescope-session[20269]: [gamescope] [Error] pipewire: warning: out of buffers
2026-07-20T22:41:00.124783+02:00 HOST-REDACTED-A gamescope-session[20269]: [gamescope] [Error] pipewire: warning: out of buffers
2026-07-20T22:41:00.166466+02:00 HOST-REDACTED-A gamescope-session[20269]: [gamescope] [Error] pipewire: warning: out of buffers
2026-07-20T22:41:00.208125+02:00 HOST-REDACTED-A gamescope-session[20269]: [gamescope] [Error] pipewire: warning: out of buffers
2026-07-20T22:41:00.249774+02:00 HOST-REDACTED-A gamescope-session[20269]: [gamescope] [Error] pipewire: warning: out of buffers
2026-07-20T22:41:00.291446+02:00 HOST-REDACTED-A gamescope-session[20269]: [gamescope] [Error] pipewire: warning: out of buffers
2026-07-20T22:41:00.333112+02:00 HOST-REDACTED-A gamescope-session[20269]: [gamescope] [Error] pipewire: warning: out of buffers
2026-07-20T22:41:00.374779+02:00 HOST-REDACTED-A gamescope-session[20269]: [gamescope] [Error] pipewire: warning: out of buffers
2026-07-20T22:41:00.416445+02:00 HOST-REDACTED-A gamescope-session[20269]: [gamescope] [Error] pipewire: warning: out of buffers
2026-07-20T22:41:00.458145+02:00 HOST-REDACTED-A gamescope-session[20269]: [gamescope] [Error] pipewire: warning: out of buffers
2026-07-20T22:41:00.499774+02:00 HOST-REDACTED-A gamescope-session[20269]: [gamescope] [Error] pipewire: warning: out of buffers
2026-07-20T22:41:00.541450+02:00 HOST-REDACTED-A gamescope-session[20269]: [gamescope] [Error] pipewire: warning: out of buffers
2026-07-20T22:41:00.583121+02:00 HOST-REDACTED-A gamescope-session[20269]: [gamescope] [Error] pipewire: warning: out of buffers
2026-07-20T22:41:00.624784+02:00 HOST-REDACTED-A gamescope-session[20269]: [gamescope] [Error] pipewire: warning: out of buffers
2026-07-20T22:41:00.666445+02:00 HOST-REDACTED-A gamescope-session[20269]: [gamescope] [Error] pipewire: warning: out of buffers
2026-07-20T22:41:00.708116+02:00 HOST-REDACTED-A gamescope-session[20269]: [gamescope] [Error] pipewire: warning: out of buffers
2026-07-20T22:41:00.749811+02:00 HOST-REDACTED-A gamescope-session[20269]: [gamescope] [Error] pipewire: warning: out of buffers
2026-07-20T22:41:00.791448+02:00 HOST-REDACTED-A gamescope-session[20269]: [gamescope] [Error] pipewire: warning: out of buffers
2026-07-20T22:41:00.833121+02:00 HOST-REDACTED-A gamescope-session[20269]: [gamescope] [Error] pipewire: warning: out of buffers
2026-07-20T22:41:00.874786+02:00 HOST-REDACTED-A gamescope-session[20269]: [gamescope] [Error] pipewire: warning: out of buffers
2026-07-20T22:41:00.916449+02:00 HOST-REDACTED-A gamescope-session[20269]: [gamescope] [Error] pipewire: warning: out of buffers
2026-07-20T22:41:00.958113+02:00 HOST-REDACTED-A gamescope-session[20269]: [gamescope] [Error] pipewire: warning: out of buffers
2026-07-20T22:41:00.999786+02:00 HOST-REDACTED-A gamescope-session[20269]: [gamescope] [Error] pipewire: warning: out of buffers
2026-07-20T22:41:01.041458+02:00 HOST-REDACTED-A gamescope-session[20269]: [gamescope] [Error] pipewire: warning: out of buffers
2026-07-20T22:41:01.083116+02:00 HOST-REDACTED-A gamescope-session[20269]: [gamescope] [Error] pipewire: warning: out of buffers
2026-07-20T22:41:01.124790+02:00 HOST-REDACTED-A gamescope-session[20269]: [gamescope] [Error] pipewire: warning: out of buffers
2026-07-20T22:41:01.166455+02:00 HOST-REDACTED-A gamescope-session[20269]: [gamescope] [Error] pipewire: warning: out of buffers
2026-07-20T22:41:01.208124+02:00 HOST-REDACTED-A gamescope-session[20269]: [gamescope] [Error] pipewire: warning: out of buffers
2026-07-20T22:41:01.249781+02:00 HOST-REDACTED-A gamescope-session[20269]: [gamescope] [Error] pipewire: warning: out of buffers
2026-07-20T22:41:01.291455+02:00 HOST-REDACTED-A gamescope-session[20269]: [gamescope] [Error] pipewire: warning: out of buffers
2026-07-20T22:41:01.333148+02:00 HOST-REDACTED-A gamescope-session[20269]: [gamescope] [Error] pipewire: warning: out of buffers
2026-07-20T22:41:01.374786+02:00 HOST-REDACTED-A gamescope-session[20269]: [gamescope] [Error] pipewire: warning: out of buffers
2026-07-20T22:41:01.416446+02:00 HOST-REDACTED-A gamescope-session[20269]: [gamescope] [Error] pipewire: warning: out of buffers
2026-07-20T22:41:01.458123+02:00 HOST-REDACTED-A gamescope-session[20269]: [gamescope] [Error] pipewire: warning: out of buffers
2026-07-20T22:41:01.499787+02:00 HOST-REDACTED-A gamescope-session[20269]: [gamescope] [Error] pipewire: warning: out of buffers
2026-07-20T22:41:01.541458+02:00 HOST-REDACTED-A gamescope-session[20269]: [gamescope] [Error] pipewire: warning: out of buffers
2026-07-20T22:41:01.583122+02:00 HOST-REDACTED-A gamescope-session[20269]: [gamescope] [Error] pipewire: warning: out of buffers
2026-07-20T22:41:01.624822+02:00 HOST-REDACTED-A gamescope-session[20269]: [gamescope] [Error] pipewire: warning: out of buffers
2026-07-20T22:41:01.666461+02:00 HOST-REDACTED-A gamescope-session[20269]: [gamescope] [Error] pipewire: warning: out of buffers
2026-07-20T22:41:01.708122+02:00 HOST-REDACTED-A gamescope-session[20269]: [gamescope] [Error] pipewire: warning: out of buffers
2026-07-20T22:41:01.749796+02:00 HOST-REDACTED-A gamescope-session[20269]: [gamescope] [Error] pipewire: warning: out of buffers
2026-07-20T22:41:01.791459+02:00 HOST-REDACTED-A gamescope-session[20269]: [gamescope] [Error] pipewire: warning: out of buffers
2026-07-20T22:41:01.833122+02:00 HOST-REDACTED-A gamescope-session[20269]: [gamescope] [Error] pipewire: warning: out of buffers
2026-07-20T22:41:01.874795+02:00 HOST-REDACTED-A gamescope-session[20269]: [gamescope] [Error] pipewire: warning: out of buffers
2026-07-20T22:41:01.916488+02:00 HOST-REDACTED-A gamescope-session[20269]: [gamescope] [Error] pipewire: warning: out of buffers
2026-07-20T22:41:01.958133+02:00 HOST-REDACTED-A gamescope-session[20269]: [gamescope] [Error] pipewire: warning: out of buffers
2026-07-20T22:41:01.999791+02:00 HOST-REDACTED-A gamescope-session[20269]: [gamescope] [Error] pipewire: warning: out of buffers
2026-07-20T22:41:02.041463+02:00 HOST-REDACTED-A gamescope-session[20269]: [gamescope] [Error] pipewire: warning: out of buffers
2026-07-20T22:41:02.083135+02:00 HOST-REDACTED-A gamescope-session[20269]: [gamescope] [Error] pipewire: warning: out of buffers
2026-07-20T22:41:02.124835+02:00 HOST-REDACTED-A gamescope-session[20269]: [gamescope] [Error] pipewire: warning: out of buffers
2026-07-20T22:41:02.166466+02:00 HOST-REDACTED-A gamescope-session[20269]: [gamescope] [Error] pipewire: warning: out of buffers
2026-07-20T22:41:02.208156+02:00 HOST-REDACTED-A gamescope-session[20269]: [gamescope] [Error] pipewire: warning: out of buffers
2026-07-20T22:41:02.249798+02:00 HOST-REDACTED-A gamescope-session[20269]: [gamescope] [Error] pipewire: warning: out of buffers
2026-07-20T22:41:02.291460+02:00 HOST-REDACTED-A gamescope-session[20269]: [gamescope] [Error] pipewire: warning: out of buffers
2026-07-20T22:41:02.333135+02:00 HOST-REDACTED-A gamescope-session[20269]: [gamescope] [Error] pipewire: warning: out of buffers
2026-07-20T22:41:02.374796+02:00 HOST-REDACTED-A gamescope-session[20269]: [gamescope] [Error] pipewire: warning: out of buffers
2026-07-20T22:41:02.416466+02:00 HOST-REDACTED-A gamescope-session[20269]: [gamescope] [Error] pipewire: warning: out of buffers
2026-07-20T22:41:02.458131+02:00 HOST-REDACTED-A gamescope-session[20269]: [gamescope] [Error] pipewire: warning: out of buffers
2026-07-20T22:41:02.499829+02:00 HOST-REDACTED-A gamescope-session[20269]: [gamescope] [Error] pipewire: warning: out of buffers
2026-07-20T22:41:02.541469+02:00 HOST-REDACTED-A gamescope-session[20269]: [gamescope] [Error] pipewire: warning: out of buffers
2026-07-20T22:41:02.583132+02:00 HOST-REDACTED-A gamescope-session[20269]: [gamescope] [Error] pipewire: warning: out of buffers
2026-07-20T22:41:02.624804+02:00 HOST-REDACTED-A gamescope-session[20269]: [gamescope] [Error] pipewire: warning: out of buffers
2026-07-20T22:41:02.666465+02:00 HOST-REDACTED-A gamescope-session[20269]: [gamescope] [Error] pipewire: warning: out of buffers
2026-07-20T22:41:02.708135+02:00 HOST-REDACTED-A gamescope-session[20269]: [gamescope] [Error] pipewire: warning: out of buffers
2026-07-20T22:41:02.749802+02:00 HOST-REDACTED-A gamescope-session[20269]: [gamescope] [Error] pipewire: warning: out of buffers
2026-07-20T22:41:02.791478+02:00 HOST-REDACTED-A gamescope-session[20269]: [gamescope] [Error] pipewire: warning: out of buffers
2026-07-20T22:41:02.833143+02:00 HOST-REDACTED-A gamescope-session[20269]: [gamescope] [Error] pipewire: warning: out of buffers
2026-07-20T22:41:02.874798+02:00 HOST-REDACTED-A gamescope-session[20269]: [gamescope] [Error] pipewire: warning: out of buffers
2026-07-20T22:41:02.916472+02:00 HOST-REDACTED-A gamescope-session[20269]: [gamescope] [Error] pipewire: warning: out of buffers
2026-07-20T22:41:02.958142+02:00 HOST-REDACTED-A gamescope-session[20269]: [gamescope] [Error] pipewire: warning: out of buffers
2026-07-20T22:41:02.999805+02:00 HOST-REDACTED-A gamescope-session[20269]: [gamescope] [Error] pipewire: warning: out of buffers
2026-07-20T22:41:03.041471+02:00 HOST-REDACTED-A gamescope-session[20269]: [gamescope] [Error] pipewire: warning: out of buffers
2026-07-20T22:41:03.083169+02:00 HOST-REDACTED-A gamescope-session[20269]: [gamescope] [Error] pipewire: warning: out of buffers
2026-07-20T22:41:03.124812+02:00 HOST-REDACTED-A gamescope-session[20269]: [gamescope] [Error] pipewire: warning: out of buffers
2026-07-20T22:41:03.166471+02:00 HOST-REDACTED-A gamescope-session[20269]: [gamescope] [Error] pipewire: warning: out of buffers
2026-07-20T22:41:03.208141+02:00 HOST-REDACTED-A gamescope-session[20269]: [gamescope] [Error] pipewire: warning: out of buffers
2026-07-20T22:41:03.249811+02:00 HOST-REDACTED-A gamescope-session[20269]: [gamescope] [Error] pipewire: warning: out of buffers
2026-07-20T22:41:03.291476+02:00 HOST-REDACTED-A gamescope-session[20269]: [gamescope] [Error] pipewire: warning: out of buffers
2026-07-20T22:41:03.333137+02:00 HOST-REDACTED-A gamescope-session[20269]: [gamescope] [Error] pipewire: warning: out of buffers
2026-07-20T22:41:03.374832+02:00 HOST-REDACTED-A gamescope-session[20269]: [gamescope] [Error] pipewire: warning: out of buffers
2026-07-20T22:41:03.416471+02:00 HOST-REDACTED-A gamescope-session[20269]: [gamescope] [Error] pipewire: warning: out of buffers
2026-07-20T22:41:03.458184+02:00 HOST-REDACTED-A gamescope-session[20269]: [gamescope] [Error] pipewire: warning: out of buffers
2026-07-20T22:41:05.120991+02:00 HOST-REDACTED-A gamescope-session[20269]: [gamescope] [Error] xwm: waylandres but no win
2026-07-20T22:41:05.122960+02:00 HOST-REDACTED-A steam[20412]: [Gamescope WSI] Destroying swapchain: 0x7fcc4c1fea90
2026-07-20T22:41:05.123354+02:00 HOST-REDACTED-A steam[20412]: [Gamescope WSI] Destroyed swapchain: 0x7fcc4c1fea90
2026-07-20T22:41:05.149313+02:00 HOST-REDACTED-A steam[20412]: Adding window 31457426 (4) for process 96914 and gameID 2420110
2026-07-20T22:41:05.149370+02:00 HOST-REDACTED-A steam[20412]: GameScope focus changed to Steam
2026-07-20T22:41:05.149384+02:00 HOST-REDACTED-A steam[20412]: Window title set to Steam Big Picture Mode
2026-07-20T22:41:05.149457+02:00 HOST-REDACTED-A steam[20412]: Changing record window: 0x2400035 (37748789)
2026-07-20T22:41:05.149467+02:00 HOST-REDACTED-A steam[20412]: Video capture state changed
2026-07-20T22:41:05.149473+02:00 HOST-REDACTED-A steam[20412]: SynchronizeClientState(): setting capture size 3440x1440
2026-07-20T22:41:05.149495+02:00 HOST-REDACTED-A steam[20412]: SynchronizeClientState(): setting title to Steam Big Picture Mode
2026-07-20T22:41:05.149507+02:00 HOST-REDACTED-A steam[20412]: SynchronizeClientState(): setting icon 128x128
2026-07-20T22:41:05.149656+02:00 HOST-REDACTED-A steam[20412]: SynchronizeClientState(): setting cursor visible
2026-07-20T22:41:05.149667+02:00 HOST-REDACTED-A steam[20412]: SynchronizeClientState(): setting cursor to 46
2026-07-20T22:41:05.149675+02:00 HOST-REDACTED-A steam[20412]: SynchronizeClientState(): setting activity to k_EStreamActivityDesktop: Steam Controller Configs - Desktop
2026-07-20T22:41:05.150974+02:00 HOST-REDACTED-A steam[20412]: "SessionStats"
2026-07-20T22:41:05.150974+02:00 HOST-REDACTED-A steam[20412]: {
2026-07-20T22:41:05.150991+02:00 HOST-REDACTED-A steam[20412]:         "GameNameID"                "Horizon Forbidden West™ Complete Edition"
2026-07-20T22:41:05.150991+02:00 HOST-REDACTED-A steam[20412]:         "appid"                "2420110"
2026-07-20T22:41:05.150991+02:00 HOST-REDACTED-A steam[20412]:         "TimeSubmitted"                "1784580065"
2026-07-20T22:41:05.150991+02:00 HOST-REDACTED-A steam[20412]:         "ResolutionX"                "2560"
2026-07-20T22:41:05.150991+02:00 HOST-REDACTED-A steam[20412]:         "ResolutionY"                "1440"
2026-07-20T22:41:05.150991+02:00 HOST-REDACTED-A steam[20412]:         "CaptureDescriptionID"                "Desktop PipeWire NV12 DMABUF + VAAPI HEVC"
2026-07-20T22:41:05.150991+02:00 HOST-REDACTED-A steam[20412]:         "DecoderDescriptionID"                "VAAPI DRM hardware decoding"
2026-07-20T22:41:05.150991+02:00 HOST-REDACTED-A steam[20412]:         "BandwidthLimit"                "150000"
2026-07-20T22:41:05.151045+02:00 HOST-REDACTED-A steam[20412]:         "FramerateLimit"                "120"
2026-07-20T22:41:05.151045+02:00 HOST-REDACTED-A steam[20412]:         "Transport"                "1"
2026-07-20T22:41:05.151045+02:00 HOST-REDACTED-A steam[20412]:         "SlowGamePercent"                "0"
2026-07-20T22:41:05.151045+02:00 HOST-REDACTED-A steam[20412]:         "SlowCapturePercent"                "0"
2026-07-20T22:41:05.151045+02:00 HOST-REDACTED-A steam[20412]:         "SlowConvertPercent"                "0"
2026-07-20T22:41:05.151045+02:00 HOST-REDACTED-A steam[20412]:         "SlowEncodePercent"                "0"
2026-07-20T22:41:05.151045+02:00 HOST-REDACTED-A steam[20412]:         "SlowNetworkPercent"                "0"
2026-07-20T22:41:05.151045+02:00 HOST-REDACTED-A steam[20412]:         "SlowDecodePercent"                "0"
2026-07-20T22:41:05.151045+02:00 HOST-REDACTED-A steam[20412]:         "SlowDisplayPercent"                "0"
2026-07-20T22:41:05.151045+02:00 HOST-REDACTED-A steam[20412]:         "AvgClientBitrate"                "34.6884384155273438"
2026-07-20T22:41:05.151045+02:00 HOST-REDACTED-A steam[20412]:         "StdDevClientBitrate"                "23.5188217163085938"
2026-07-20T22:41:05.151045+02:00 HOST-REDACTED-A steam[20412]:         "AvgServerBitrate"                "163575.046875"
2026-07-20T22:41:05.151045+02:00 HOST-REDACTED-A steam[20412]:         "StdDevServerBitrate"                "639015.875"
2026-07-20T22:41:05.151045+02:00 HOST-REDACTED-A steam[20412]:         "AvgLinkBandwidth"                "2309389.25"
2026-07-20T22:41:05.151045+02:00 HOST-REDACTED-A steam[20412]:         "AvgPingMS"                "0.192213535308837891"
2026-07-20T22:41:05.151045+02:00 HOST-REDACTED-A steam[20412]:         "StdDevPingMS"                "0.068788871169090271"
2026-07-20T22:41:05.151045+02:00 HOST-REDACTED-A steam[20412]:         "AvgCaptureMS"                "6.75009005135507323e-06"
2026-07-20T22:41:05.151045+02:00 HOST-REDACTED-A steam[20412]:         "StdDevCaptureMS"                "0.00303560378961265087"
2026-07-20T22:41:05.151045+02:00 HOST-REDACTED-A steam[20412]:         "AvgConvertMS"                "1.56656897068023682"
2026-07-20T22:41:05.151045+02:00 HOST-REDACTED-A steam[20412]:         "StdDevConvertMS"                "2.71337723731994629"
2026-07-20T22:41:05.151045+02:00 HOST-REDACTED-A steam[20412]:         "AvgEncodeMS"                "6.32782830507494509e-05"
2026-07-20T22:41:05.151045+02:00 HOST-REDACTED-A steam[20412]:         "StdDevEncodeMS"                "0.0275157541036605835"
2026-07-20T22:41:05.151045+02:00 HOST-REDACTED-A steam[20412]:         "AvgNetworkMS"                "0.617328345775604248"
2026-07-20T22:41:05.151045+02:00 HOST-REDACTED-A steam[20412]:         "StdDevNetworkMS"                "0.518009424209594727"
2026-07-20T22:41:05.151045+02:00 HOST-REDACTED-A steam[20412]:         "AvgDecodeMS"                "0.231708124279975891"
2026-07-20T22:41:05.151186+02:00 HOST-REDACTED-A steam[20412]:         "StdDevDecodeMS"                "0.177554383873939514"
2026-07-20T22:41:05.151186+02:00 HOST-REDACTED-A steam[20412]:         "AvgDisplayMS"                "21.6665592193603516"
2026-07-20T22:41:05.151186+02:00 HOST-REDACTED-A steam[20412]:         "StdDevDisplayMS"                "9019.419921875"
2026-07-20T22:41:05.151186+02:00 HOST-REDACTED-A steam[20412]:         "AvgFrameMS"                "20.7877635955810547"
2026-07-20T22:41:05.151186+02:00 HOST-REDACTED-A steam[20412]:         "StdDevFrameMS"                "3.22286844253540039"
2026-07-20T22:41:05.151186+02:00 HOST-REDACTED-A steam[20412]:         "AvgFPS"                "115.6910400390625"
2026-07-20T22:41:05.151186+02:00 HOST-REDACTED-A steam[20412]:         "StdDevFPS"                "18.8010044097900391"
2026-07-20T22:41:05.151186+02:00 HOST-REDACTED-A steam[20412]:         "BigPicture"                "1"
2026-07-20T22:41:05.151186+02:00 HOST-REDACTED-A steam[20412]:         "KeyboardMouseInput"                "0"
2026-07-20T22:41:05.151186+02:00 HOST-REDACTED-A steam[20412]:         "SteamControllerInput"                "0"
2026-07-20T22:41:05.151186+02:00 HOST-REDACTED-A steam[20412]:         "TouchControllerInput"                "0"
2026-07-20T22:41:05.151186+02:00 HOST-REDACTED-A steam[20412]:         "GameControllerInput"                "1"
2026-07-20T22:41:05.151186+02:00 HOST-REDACTED-A steam[20412]:         "XBox360ControllerInput"                "0"
2026-07-20T22:41:05.151186+02:00 HOST-REDACTED-A steam[20412]:         "XBoxOneControllerInput"                "1"
2026-07-20T22:41:05.151186+02:00 HOST-REDACTED-A steam[20412]:         "PS3ControllerInput"                "0"
2026-07-20T22:41:05.151186+02:00 HOST-REDACTED-A steam[20412]:         "PS4ControllerInput"                "0"
2026-07-20T22:41:05.151186+02:00 HOST-REDACTED-A steam[20412]:         "PS5ControllerInput"                "0"
2026-07-20T22:41:05.151186+02:00 HOST-REDACTED-A steam[20412]:         "OtherControllerInput"                "0"
2026-07-20T22:41:05.151186+02:00 HOST-REDACTED-A steam[20412]:         "GameControllerVID"                "1118"
2026-07-20T22:41:05.151186+02:00 HOST-REDACTED-A steam[20412]:         "GameControllerPID"                "765"
2026-07-20T22:41:05.151186+02:00 HOST-REDACTED-A steam[20412]:         "WasSpectating"                "0"
2026-07-20T22:41:05.151186+02:00 HOST-REDACTED-A steam[20412]:         "RemotePlayTogether"                "0"
2026-07-20T22:41:05.151186+02:00 HOST-REDACTED-A steam[20412]: }
2026-07-20T22:41:05.166601+02:00 HOST-REDACTED-A steam[20412]: CGameStreamVideoStageVAAPI: Reinitializing 3440x1440 at 150000 Kbit/s and 120.00 FPS with quality 1
2026-07-20T22:41:05.167295+02:00 HOST-REDACTED-A steam[20412]: ffmpeg verbose: libva: VA-API version 1.22.0
2026-07-20T22:41:05.167312+02:00 HOST-REDACTED-A steam[20412]: ffmpeg verbose: libva: Trying to open /usr/lib32/dri/radeonsi_drv_video.so
2026-07-20T22:41:05.167321+02:00 HOST-REDACTED-A steam[20412]: ffmpeg verbose: libva: Found init function __vaDriverInit_1_22
2026-07-20T22:41:05.169393+02:00 HOST-REDACTED-A steam[20412]: ffmpeg verbose: libva: va_openDriver() returns 0
2026-07-20T22:41:05.169403+02:00 HOST-REDACTED-A steam[20412]: ffmpeg verbose: Initialised VAAPI connection: version 1.22
2026-07-20T22:41:05.169415+02:00 HOST-REDACTED-A steam[20412]: ffmpeg verbose: VAAPI driver: Mesa Gallium driver 26.1.2 for AMD Ryzen 7 9800X3D 8-Core Processor (radeonsi, raphael_mendocino, ACO, DRM 3.64, 6.16.12-drmexec7-valve24.5-1-neptune-616-drm-exec-gf253f5da553e).
2026-07-20T22:41:05.169423+02:00 HOST-REDACTED-A steam[20412]: ffmpeg verbose: Driver not found in known nonstandard list, using standard behaviour.
2026-07-20T22:41:05.169861+02:00 HOST-REDACTED-A steam[20412]: ffmpeg verbose: Input surface format is nv12.
2026-07-20T22:41:05.169867+02:00 HOST-REDACTED-A steam[20412]: ffmpeg verbose: Using VAAPI profile VAProfileHEVCMain (17).
2026-07-20T22:41:05.169873+02:00 HOST-REDACTED-A steam[20412]: ffmpeg verbose: Using VAAPI entrypoint VAEntrypointEncSlice (6).
2026-07-20T22:41:05.169878+02:00 HOST-REDACTED-A steam[20412]: ffmpeg verbose: Using VAAPI render target format YUV420 (0x1).
2026-07-20T22:41:05.169884+02:00 HOST-REDACTED-A steam[20412]: ffmpeg verbose: Using CTU size 32x32, min CB size 16x16.
2026-07-20T22:41:05.169889+02:00 HOST-REDACTED-A steam[20412]: ffmpeg verbose: RC mode: VBR.
2026-07-20T22:41:05.169895+02:00 HOST-REDACTED-A steam[20412]: ffmpeg verbose: Block Level bitrate control: OFF.
2026-07-20T22:41:05.169901+02:00 HOST-REDACTED-A steam[20412]: ffmpeg verbose: RC target: 83% of 180000000 bps over 1000 ms.
2026-07-20T22:41:05.169907+02:00 HOST-REDACTED-A steam[20412]: ffmpeg verbose: RC buffer: 180000000 bits, initial fullness 135000000 bits.
2026-07-20T22:41:05.169907+02:00 HOST-REDACTED-A steam[20412]: ffmpeg verbose: RC framerate: 120/1 (120.00 fps).
2026-07-20T22:41:05.169918+02:00 HOST-REDACTED-A steam[20412]: ffmpeg verbose: Using intra and P-frames (supported references: 1 / 0).
2026-07-20T22:41:05.169918+02:00 HOST-REDACTED-A steam[20412]: ffmpeg verbose: All wanted packed headers available (wanted 0xd, found 0x1f).
2026-07-20T22:41:05.170408+02:00 HOST-REDACTED-A steam[20412]: ffmpeg verbose: Using level 6.2.
2026-07-20T22:41:05.170414+02:00 HOST-REDACTED-A steam[20412]: Video Encoder Changed
2026-07-20T22:41:05.171997+02:00 HOST-REDACTED-A steam[20412]: >>> Capture resolution set to 3440x1440
2026-07-20T22:41:05.204427+02:00 HOST-REDACTED-A steam[20412]: CLIENT: Got control packet k_EStreamControlSetCaptureSize
2026-07-20T22:41:05.204451+02:00 HOST-REDACTED-A steam[20412]: CLIENT: Got control packet k_EStreamControlSetTitle
2026-07-20T22:41:05.204451+02:00 HOST-REDACTED-A steam[20412]: CLIENT: ffmpeg verbose: Trying to use DRM render node for device 0.
2026-07-20T22:41:05.204451+02:00 HOST-REDACTED-A steam[20412]: CLIENT: ffmpeg verbose: libva: VA-API version 1.22.0
2026-07-20T22:41:05.204451+02:00 HOST-REDACTED-A steam[20412]: CLIENT: ffmpeg verbose: libva: Trying to open /usr/lib/dri/radeonsi_drv_video.so
2026-07-20T22:41:05.204451+02:00 HOST-REDACTED-A steam[20412]: CLIENT: ffmpeg verbose: libva: Found init function __vaDriverInit_1_22
2026-07-20T22:41:05.204487+02:00 HOST-REDACTED-A steam[20412]: CLIENT: ffmpeg verbose: libva: va_openDriver() returns 0
2026-07-20T22:41:05.204487+02:00 HOST-REDACTED-A steam[20412]: CLIENT: ffmpeg verbose: Initialised VAAPI connection: version 1.22
2026-07-20T22:41:05.204487+02:00 HOST-REDACTED-A steam[20412]: CLIENT: ffmpeg verbose: VAAPI driver: Mesa Gallium driver 26.1.2 for AMD Radeon RX 9060 XT (radeonsi, gfx1200, ACO, DRM 3.64, 6.16.12-drmexec7-valve24.5-1-neptune-616-drm-exec-gf253f5da553e).
2026-07-20T22:41:05.204487+02:00 HOST-REDACTED-A steam[20412]: CLIENT: ffmpeg verbose: Driver not found in known nonstandard list, using standard behaviour.
2026-07-20T22:41:05.204487+02:00 HOST-REDACTED-A steam[20412]: CLIENT: VAAPI DRM hardware decoding
2026-07-20T22:41:05.204487+02:00 HOST-REDACTED-A steam[20412]: CLIENT: Texture rect: 3456x1440 at 0,0
2026-07-20T22:41:05.204521+02:00 HOST-REDACTED-A steam[20412]: CLIENT: Video rect: 3840x2160 at 0,0
2026-07-20T22:41:05.204521+02:00 HOST-REDACTED-A steam[20412]: CLIENT: Video size: 3456x1440, output size: 3840x2160, overlay size: 3840x2160
2026-07-20T22:41:05.204521+02:00 HOST-REDACTED-A steam[20412]: CLIENT: Texture rect: 3456x1440 at 0,0
2026-07-20T22:41:05.204521+02:00 HOST-REDACTED-A steam[20412]: CLIENT: Video rect: 3840x1600 at 0,280
2026-07-20T22:41:05.204521+02:00 HOST-REDACTED-A steam[20412]: CLIENT: Texture rect: 3456x1440 at 0,0
2026-07-20T22:41:05.204521+02:00 HOST-REDACTED-A steam[20412]: CLIENT: Video rect: 3840x1600 at 0,280
2026-07-20T22:41:05.225141+02:00 HOST-REDACTED-A gamescope-session[20269]: [gamescope] [Error] pipewire: warning: out of buffers
2026-07-20T22:41:05.255194+02:00 HOST-REDACTED-A steam[20412]: CLIENT: Video size: 3456x1440, output size: 3840x2160, overlay size: 3840x2160
2026-07-20T22:41:05.255219+02:00 HOST-REDACTED-A steam[20412]: CLIENT: Texture rect: 3456x1440 at 0,0
2026-07-20T22:41:05.255219+02:00 HOST-REDACTED-A steam[20412]: CLIENT: Video rect: 3840x1600 at 0,280
2026-07-20T22:41:05.255219+02:00 HOST-REDACTED-A steam[20412]: CLIENT: Texture rect: 3456x1440 at 0,0
2026-07-20T22:41:05.255219+02:00 HOST-REDACTED-A steam[20412]: CLIENT: Video rect: 3840x1600 at 0,280
2026-07-20T22:41:05.255248+02:00 HOST-REDACTED-A steam[20412]: GameScope focus changed to Steam
2026-07-20T22:41:05.305710+02:00 HOST-REDACTED-A steam[20412]: CLIENT: Got control packet k_EStreamControlSetIcon
2026-07-20T22:41:05.305731+02:00 HOST-REDACTED-A steam[20412]: CLIENT: Got control packet k_EStreamControlSetCursor
2026-07-20T22:41:05.305731+02:00 HOST-REDACTED-A steam[20412]: CLIENT: Got control packet k_EStreamControlSetActivity
2026-07-20T22:41:05.305731+02:00 HOST-REDACTED-A steam[20412]: CLIENT: Got control packet k_EStreamControlControllerConfigMsg
2026-07-20T22:41:05.305731+02:00 HOST-REDACTED-A steam[20412]: CLIENT: Got control packet k_EStreamControlSetCursorImage
2026-07-20T22:41:05.527739+02:00 HOST-REDACTED-A steam[20412]: gamemodeauto: dlopen failed - libgamemode.so: cannot open shared object file: No such file or directory
2026-07-20T22:41:05.534214+02:00 HOST-REDACTED-A steam[20412]: gamemodeauto: dlopen failed - libgamemode.so: cannot open shared object file: No such file or directory
2026-07-20T22:41:05.538072+02:00 HOST-REDACTED-A steam[20412]: gamemodeauto: dlopen failed - libgamemode.so: cannot open shared object file: No such file or directory
2026-07-20T22:41:05.558470+02:00 HOST-REDACTED-A steam[20412]: GameScope focus changed to Steam
2026-07-20T22:41:05.629640+02:00 HOST-REDACTED-A steam[20412]: gamemodeauto: dlopen failed - libgamemode.so: cannot open shared object file: No such file or directory
2026-07-20T22:41:05.630241+02:00 HOST-REDACTED-A steam[20412]: gamemodeauto: dlopen failed - libgamemode.so: cannot open shared object file: No such file or directory
2026-07-20T22:41:05.637666+02:00 HOST-REDACTED-A steam[20412]: gamemodeauto: dlopen failed - libgamemode.so: cannot open shared object file: No such file or directory
2026-07-20T22:41:05.658523+02:00 HOST-REDACTED-A steam[20412]: GameScope focus changed to Steam
2026-07-20T22:41:05.682261+02:00 HOST-REDACTED-A steam[20412]: gamemodeauto: dlopen failed - libgamemode.so: cannot open shared object file: No such file or directory
2026-07-20T22:41:05.709120+02:00 HOST-REDACTED-A steam[20412]: GameScope focus changed to Steam
2026-07-20T22:41:05.759749+02:00 HOST-REDACTED-A steam[20412]: gamemodeauto: dlopen failed - libgamemode.so: cannot open shared object file: No such file or directory
2026-07-20T22:41:05.759766+02:00 HOST-REDACTED-A steam[20412]: pid 96803 != 96802, skipping destruction (fork without exec?)
2026-07-20T22:41:05.838633+02:00 HOST-REDACTED-A systemd[2063]: app-steam-app2420110-96668.scope: Consumed 5h 2min 4.351s CPU time, 13.3G memory peak.
2026-07-20T22:41:06.009212+02:00 HOST-REDACTED-A pkexec[177204]: USER-REDACTED: Error executing command as another user: Not authorized [USER=root] [TTY=unknown] [CWD=/<USER-REDACTED>] [COMMAND=/usr/lib/gamemode/procsysctl split_lock_mitigate 0]
2026-07-20T22:41:06.009342+02:00 HOST-REDACTED-A gamemoded[2120]: Rem
2026-07-20T22:41:06.009342+02:00 HOST-REDACTED-A gamemoded[177204]: Error executing command as another user: Not authorized
2026-07-20T22:41:06.009342+02:00 HOST-REDACTED-A gamemoded[177204]: This incident has been reported.
2026-07-20T22:41:06.009508+02:00 HOST-REDACTED-A gamemoded[2120]: ERROR: External process failed with exit code 127
2026-07-20T22:41:06.009508+02:00 HOST-REDACTED-A gamemoded[2120]: ERROR: Output was:
2026-07-20T22:41:06.009508+02:00 HOST-REDACTED-A gamemoded[2120]: ERROR: Failed to update split_lock_mitigate
2026-07-20T22:41:06.009529+02:00 HOST-REDACTED-A gamemoded[2120]: ERROR: Could not inspect tasks for client [96674]! Skipping ioprio optimisation.
2026-07-20T22:41:06.009529+02:00 HOST-REDACTED-A gamemoded[2120]: ERROR: Unable to find executable for PID 96674: No such file or directory
2026-07-20T22:41:06.072864+02:00 HOST-REDACTED-A mangoapp[20350]: [2026-07-20 22:41:06.072] [MANGOHUD] [error] [overlay_params.cpp:758] Unknown option 'nis_steam_sharpness'
2026-07-20T22:41:06.074340+02:00 HOST-REDACTED-A mangoapp[20350]: [2026-07-20 22:41:06.074] [MANGOHUD] [error] [overlay_params.cpp:758] Unknown option 'nis_steam_sharpness'
2026-07-20T22:41:06.112347+02:00 HOST-REDACTED-A steam[20412]: Game Recording - game stopped [gameid=2420110]
2026-07-20T22:41:06.112347+02:00 HOST-REDACTED-A steam[20412]: Removing process 96925 for gameID 2420110
2026-07-20T22:41:06.112381+02:00 HOST-REDACTED-A steam[20412]: Removing process 96914 for gameID 2420110
2026-07-20T22:41:06.112381+02:00 HOST-REDACTED-A steam[20412]: Removing window 31457426 for process 96914 and gameID 2420110
2026-07-20T22:41:06.112381+02:00 HOST-REDACTED-A steam[20412]: Removing window 2160439840 for process 96914 and gameID 2420110
2026-07-20T22:41:06.112381+02:00 HOST-REDACTED-A steam[20412]: Removing window 31457349 for process 96914 and gameID 2420110
2026-07-20T22:41:06.112405+02:00 HOST-REDACTED-A steam[20412]: Removing window 44040195 for process 96914 and gameID 2420110
2026-07-20T22:41:06.112405+02:00 HOST-REDACTED-A steam[20412]: Removing window 44040194 for process 96914 and gameID 2420110
2026-07-20T22:41:06.112405+02:00 HOST-REDACTED-A steam[20412]: Removing window 44040193 for process 96914 and gameID 2420110
2026-07-20T22:41:06.112422+02:00 HOST-REDACTED-A steam[20412]: Removing process 96907 for gameID 2420110
2026-07-20T22:41:06.112428+02:00 HOST-REDACTED-A steam[20412]: Removing window 29360131 for process 96907 and gameID 2420110
2026-07-20T22:41:06.112433+02:00 HOST-REDACTED-A steam[20412]: Removing window 29360130 for process 96907 and gameID 2420110
2026-07-20T22:41:06.112439+02:00 HOST-REDACTED-A steam[20412]: Removing window 29360129 for process 96907 and gameID 2420110
2026-07-20T22:41:06.112451+02:00 HOST-REDACTED-A steam[20412]: Removing process 96905 for gameID 2420110
2026-07-20T22:41:06.112456+02:00 HOST-REDACTED-A steam[20412]: Removing window 20971522 for process 96905 and gameID 2420110
2026-07-20T22:41:06.112465+02:00 HOST-REDACTED-A steam[20412]: Removing window 20971521 for process 96905 and gameID 2420110
2026-07-20T22:41:06.112473+02:00 HOST-REDACTED-A steam[20412]: Removing process 96895 for gameID 2420110
2026-07-20T22:41:06.112482+02:00 HOST-REDACTED-A steam[20412]: Removing process 96833 for gameID 2420110
2026-07-20T22:41:06.112492+02:00 HOST-REDACTED-A steam[20412]: Removing process 96825 for gameID 2420110
2026-07-20T22:41:06.112499+02:00 HOST-REDACTED-A steam[20412]: Removing process 96820 for gameID 2420110
2026-07-20T22:41:06.112508+02:00 HOST-REDACTED-A steam[20412]: Removing process 96810 for gameID 2420110
2026-07-20T22:41:06.112516+02:00 HOST-REDACTED-A steam[20412]: Removing process 96807 for gameID 2420110
2026-07-20T22:41:06.112528+02:00 HOST-REDACTED-A steam[20412]: Removing process 96805 for gameID 2420110
2026-07-20T22:41:06.112542+02:00 HOST-REDACTED-A steam[20412]: Removing process 96802 for gameID 2420110
2026-07-20T22:41:06.112554+02:00 HOST-REDACTED-A steam[20412]: Removing process 96801 for gameID 2420110
2026-07-20T22:41:06.112560+02:00 HOST-REDACTED-A steam[20412]: Removing window 23068675 for process 96801 and gameID 2420110
2026-07-20T22:41:06.112566+02:00 HOST-REDACTED-A steam[20412]: Removing window 23068674 for process 96801 and gameID 2420110
2026-07-20T22:41:06.112566+02:00 HOST-REDACTED-A steam[20412]: Removing window 23068673 for process 96801 and gameID 2420110
2026-07-20T22:41:06.112594+02:00 HOST-REDACTED-A steam[20412]: Removing process 96800 for gameID 2420110
2026-07-20T22:41:06.112594+02:00 HOST-REDACTED-A steam[20412]: Removing process 96780 for gameID 2420110
2026-07-20T22:41:06.112605+02:00 HOST-REDACTED-A steam[20412]: Removing process 96675 for gameID 2420110
2026-07-20T22:41:06.112646+02:00 HOST-REDACTED-A steam[20412]: Removing process 96674 for gameID 2420110
2026-07-20T22:41:06.112676+02:00 HOST-REDACTED-A steam[20412]: Removing process 96668 for gameID 2420110
2026-07-20T22:41:06.150927+02:00 HOST-REDACTED-A gamescope-session[20269]: [gamescope] [Error] pipewire: warning: out of buffers
2026-07-20T22:41:06.193039+02:00 HOST-REDACTED-A gamescope-session[20269]: [gamescope] [Error] pipewire: warning: out of buffers
2026-07-20T22:41:06.194825+02:00 HOST-REDACTED-A mangoapp[20350]: [2026-07-20 22:41:06.194] [MANGOHUD] [error] [overlay_params.cpp:758] Unknown option 'nis_steam_sharpness'
2026-07-20T22:41:06.213746+02:00 HOST-REDACTED-A steam[20412]: Encoding complete
2026-07-20T22:41:06.215081+02:00 HOST-REDACTED-A steam[20412]: CDesktopCapturePipeWire: PipeWire stream state changed to paused
2026-07-20T22:41:06.215143+02:00 HOST-REDACTED-A steam[20412]: CDesktopCapturePipeWire: PipeWire stream state changed to unconnected
2026-07-20T22:41:06.215302+02:00 HOST-REDACTED-A gamescope-session[20269]: [gamescope] [Info]  pipewire: stream state changed: paused
2026-07-20T22:41:06.264747+02:00 HOST-REDACTED-A steam[20412]: >>> Stopped desktop stream
2026-07-20T22:41:06.286430+02:00 HOST-REDACTED-A steam[20412]: PulseAudio: Context connection terminated
2026-07-20T22:41:06.289711+02:00 HOST-REDACTED-A steam[20412]: PipeWire: Unloading null sink
2026-07-20T22:41:06.289731+02:00 HOST-REDACTED-A steam[20412]: PipeWire: Setting default.configured.audio.sink to {"name":"alsa_loopback_device.alsa_output.usb-SteelSeries_Arctis_Pro_Wireless-00.stereo-game"}
2026-07-20T22:41:06.289893+02:00 HOST-REDACTED-A steam[20412]: PipeWire: Deinitializing streaming
2026-07-20T22:41:06.416697+02:00 HOST-REDACTED-A systemd[2063]: steam-launcher.service: Got notification message from PID 177221, but reception is disabled
2026-07-20T22:41:06.421072+02:00 HOST-REDACTED-A systemd[2063]: steam-launcher.service: Got notification message from PID 177228, but reception is disabled
2026-07-20T22:41:06.520891+02:00 HOST-REDACTED-A rigsignal-agent[2123]: 2026-07-20T20:41:06.520878Z  INFO rigsignal_agent: Game exited: Horizon Forbidden West™ Complete Edition
2026-07-20T22:41:06.520995+02:00 HOST-REDACTED-A rigsignal-agent[2123]: 2026-07-20T20:41:06.520919Z  INFO rigsignal_agent: Shipping session summary on game exit (4819s, 4820 ticks)
2026-07-20T22:41:11.521291+02:00 HOST-REDACTED-A rigsignal-agent[2123]: 2026-07-20T20:41:11.521274Z  INFO rigsignal_agent::session: No game detected — idle polling
2026-07-20T22:41:43.521068+02:00 HOST-REDACTED-A rigsignal-agent[2123]: 2026-07-20T20:41:43.521032Z  INFO rigsignal_agent::session: No game detected — idle polling
2026-07-20T22:42:15.521642+02:00 HOST-REDACTED-A rigsignal-agent[2123]: 2026-07-20T20:42:15.521626Z  INFO rigsignal_agent::session: No game detected — idle polling
2026-07-20T22:42:49.521174+02:00 HOST-REDACTED-A rigsignal-agent[2123]: 2026-07-20T20:42:49.521155Z  INFO rigsignal_agent::session: No game detected — idle polling
2026-07-20T22:43:24.520969+02:00 HOST-REDACTED-A rigsignal-agent[2123]: 2026-07-20T20:43:24.520906Z  INFO rigsignal_agent::session: No game detected — idle polling
2026-07-20T22:43:58.520572+02:00 HOST-REDACTED-A rigsignal-agent[2123]: 2026-07-20T20:43:58.520540Z  INFO rigsignal_agent::session: No game detected — idle polling
2026-07-20T22:44:31.521285+02:00 HOST-REDACTED-A rigsignal-agent[2123]: 2026-07-20T20:44:31.521253Z  INFO rigsignal_agent::session: No game detected — idle polling
2026-07-20T22:44:50.379311+02:00 HOST-REDACTED-A sshd-session[180796]: Received disconnect from IP-REDACTED port 46496:11: disconnected by user
2026-07-20T22:44:50.379378+02:00 HOST-REDACTED-A sshd-session[180796]: Disconnected from user USER-REDACTED IP-REDACTED port 46496
2026-07-20T22:44:50.379601+02:00 HOST-REDACTED-A sshd-session[101555]: Received disconnect from IP-REDACTED port 54548:11: disconnected by user
2026-07-20T22:44:50.379640+02:00 HOST-REDACTED-A sshd-session[101555]: Disconnected from user USER-REDACTED IP-REDACTED port 54548
2026-07-20T22:44:50.783934+02:00 HOST-REDACTED-A sshd-session[180814]: Received disconnect from IP-REDACTED port 46510:11: disconnected by user
2026-07-20T22:44:50.783991+02:00 HOST-REDACTED-A sshd-session[180814]: Disconnected from user USER-REDACTED IP-REDACTED port 46510
2026-07-20T22:44:50.991011+02:00 HOST-REDACTED-A sshd-session[180827]: Received disconnect from IP-REDACTED port 46518:11: disconnected by user
2026-07-20T22:44:50.991075+02:00 HOST-REDACTED-A sshd-session[180827]: Disconnected from user USER-REDACTED IP-REDACTED port 46518
2026-07-20T22:45:05.520549+02:00 HOST-REDACTED-A rigsignal-agent[2123]: 2026-07-20T20:45:05.520518Z  INFO rigsignal_agent::session: No game detected — idle polling
2026-07-20T22:45:39.520368+02:00 HOST-REDACTED-A rigsignal-agent[2123]: 2026-07-20T20:45:39.520351Z  INFO rigsignal_agent::session: No game detected — idle polling
2026-07-20T22:46:13.521005+02:00 HOST-REDACTED-A rigsignal-agent[2123]: 2026-07-20T20:46:13.520939Z  INFO rigsignal_agent::session: No game detected — idle polling
2026-07-20T22:46:45.520519+02:00 HOST-REDACTED-A rigsignal-agent[2123]: 2026-07-20T20:46:45.520489Z  INFO rigsignal_agent::session: No game detected — idle polling
2026-07-20T22:47:18.521251+02:00 HOST-REDACTED-A rigsignal-agent[2123]: 2026-07-20T20:47:18.521218Z  INFO rigsignal_agent::session: No game detected — idle polling
2026-07-20T22:47:49.521295+02:00 HOST-REDACTED-A rigsignal-agent[2123]: 2026-07-20T20:47:49.521226Z  INFO rigsignal_agent::session: No game detected — idle polling
2026-07-20T22:48:22.520600+02:00 HOST-REDACTED-A rigsignal-agent[2123]: 2026-07-20T20:48:22.520568Z  INFO rigsignal_agent::session: No game detected — idle polling
2026-07-20T22:48:55.521478+02:00 HOST-REDACTED-A rigsignal-agent[2123]: 2026-07-20T20:48:55.521446Z  INFO rigsignal_agent::session: No game detected — idle polling
2026-07-20T22:49:28.521341+02:00 HOST-REDACTED-A rigsignal-agent[2123]: 2026-07-20T20:49:28.521278Z  INFO rigsignal_agent::session: No game detected — idle polling
2026-07-20T22:50:01.520925+02:00 HOST-REDACTED-A rigsignal-agent[2123]: 2026-07-20T20:50:01.520893Z  INFO rigsignal_agent::session: No game detected — idle polling
2026-07-20T22:50:34.520473+02:00 HOST-REDACTED-A rigsignal-agent[2123]: 2026-07-20T20:50:34.520441Z  INFO rigsignal_agent::session: No game detected — idle polling
2026-07-20T22:51:08.520749+02:00 HOST-REDACTED-A rigsignal-agent[2123]: 2026-07-20T20:51:08.520685Z  INFO rigsignal_agent::session: No game detected — idle polling
2026-07-20T22:51:42.520829+02:00 HOST-REDACTED-A rigsignal-agent[2123]: 2026-07-20T20:51:42.520810Z  INFO rigsignal_agent::session: No game detected — idle polling
2026-07-20T22:52:16.521012+02:00 HOST-REDACTED-A rigsignal-agent[2123]: 2026-07-20T20:52:16.520946Z  INFO rigsignal_agent::session: No game detected — idle polling
2026-07-20T22:52:50.521397+02:00 HOST-REDACTED-A rigsignal-agent[2123]: 2026-07-20T20:52:50.521365Z  INFO rigsignal_agent::session: No game detected — idle polling
2026-07-20T22:53:23.520149+02:00 HOST-REDACTED-A rigsignal-agent[2123]: 2026-07-20T20:53:23.520118Z  INFO rigsignal_agent::session: No game detected — idle polling
2026-07-20T22:53:52.311122+02:00 HOST-REDACTED-A systemd[2063]: Started app-steam-app0-181276.scope.
2026-07-20T22:53:52.517397+02:00 HOST-REDACTED-A steam[20412]: i386-linux-gnu-capsule-capture-libs: warning: Dependencies of /usr/lib32/libMangoHud.so not found, ignoring: Missing dependencies: Could not find "libxkbcommon.so.0" in LD_LIBRARY_PATH "/<USER-REDACTED>/.local/share/Steam/ubuntu12_32:/<USER-REDACTED>/.local/share/Steam/ubuntu12_32/panorama:/usr/lib32:/usr/lib/perf:/usr/lib", ld.so.cache, DT_RUNPATH or fallback /lib/i386-linux-gnu:/usr/lib/i386-linux-gnu:/usr/i686-pc-linux-gnu/lib:/lib32:/usr/lib32:/lib:/usr/lib
2026-07-20T22:53:52.673560+02:00 HOST-REDACTED-A steam[20412]: ntsync: up and running.
2026-07-20T22:53:53.746918+02:00 HOST-REDACTED-A steam[20412]: ATTENTION: default value of option vk_xwayland_wait_ready overridden by environment.
2026-07-20T22:53:53.747617+02:00 HOST-REDACTED-A steam[20412]: ATTENTION: default value of option vk_xwayland_wait_ready overridden by environment.
2026-07-20T22:53:53.748404+02:00 HOST-REDACTED-A steam[20412]: [Gamescope WSI] No application info given.
2026-07-20T22:53:53.748419+02:00 HOST-REDACTED-A steam[20412]: [Gamescope WSI] Executable name: explorer.exe
2026-07-20T22:53:53.751538+02:00 HOST-REDACTED-A steam[20412]: WARNING: radv is not a conformant Vulkan implementation, testing use only.
2026-07-20T22:53:53.891314+02:00 HOST-REDACTED-A steam[20412]: ATTENTION: default value of option vk_xwayland_wait_ready overridden by environment.
2026-07-20T22:53:53.891314+02:00 HOST-REDACTED-A steam[20412]: ATTENTION: default value of option vk_wsi_force_swapchain_to_current_extent overridden by environment.
2026-07-20T22:53:53.891874+02:00 HOST-REDACTED-A steam[20412]: ATTENTION: default value of option vk_xwayland_wait_ready overridden by environment.
2026-07-20T22:53:53.891883+02:00 HOST-REDACTED-A steam[20412]: ATTENTION: default value of option vk_wsi_force_swapchain_to_current_extent overridden by environment.
2026-07-20T22:53:53.892517+02:00 HOST-REDACTED-A steam[20412]: [Gamescope WSI] Application info:
2026-07-20T22:53:53.892526+02:00 HOST-REDACTED-A steam[20412]:   pApplicationName: xalia.exe
2026-07-20T22:53:53.892526+02:00 HOST-REDACTED-A steam[20412]:   applicationVersion: 0
2026-07-20T22:53:53.892526+02:00 HOST-REDACTED-A steam[20412]:   pEngineName: DXVK
2026-07-20T22:53:53.892549+02:00 HOST-REDACTED-A steam[20412]:   engineVersion: 12582912
2026-07-20T22:53:53.892549+02:00 HOST-REDACTED-A steam[20412]:   apiVersion: 4206592
2026-07-20T22:53:53.892549+02:00 HOST-REDACTED-A steam[20412]: [Gamescope WSI] Executable name: xalia.exe
2026-07-20T22:53:53.895369+02:00 HOST-REDACTED-A steam[20412]: WARNING: radv is not a conformant Vulkan implementation, testing use only.
2026-07-20T22:53:53.897582+02:00 HOST-REDACTED-A steam[20412]: ATTENTION: default value of option vk_xwayland_wait_ready overridden by environment.
2026-07-20T22:53:53.897590+02:00 HOST-REDACTED-A steam[20412]: ATTENTION: default value of option vk_wsi_force_swapchain_to_current_extent overridden by environment.
2026-07-20T22:53:53.898120+02:00 HOST-REDACTED-A steam[20412]: ATTENTION: default value of option vk_xwayland_wait_ready overridden by environment.
2026-07-20T22:53:53.898128+02:00 HOST-REDACTED-A steam[20412]: ATTENTION: default value of option vk_wsi_force_swapchain_to_current_extent overridden by environment.
2026-07-20T22:53:53.898720+02:00 HOST-REDACTED-A steam[20412]: [Gamescope WSI] No application info given.
2026-07-20T22:53:53.899188+02:00 HOST-REDACTED-A steam[20412]: WARNING: radv is not a conformant Vulkan implementation, testing use only.
2026-07-20T22:53:54.243502+02:00 HOST-REDACTED-A systemd[2063]: app-steam-app0-181276.scope: Consumed 1.280s CPU time, 249.6M memory peak.
2026-07-20T22:53:54.704810+02:00 HOST-REDACTED-A gamescope-session[20269]: [gamescope] [Info]  wlserver: Updating mode for xwayland server #1: 3840x2160@120
2026-07-20T22:53:54.707501+02:00 HOST-REDACTED-A steam[20412]: chdir "/var/mnt/LinuxGames/SteamLibrary/steamapps/common/Far Cry 6"
2026-07-20T22:53:54.709364+02:00 HOST-REDACTED-A steam[20412]: ERROR: ld.so: object '/<USER-REDACTED>/.local/share/Steam/ubuntu12_32/gameoverlayrenderer.so' from LD_PRELOAD cannot be preloaded (wrong ELF class: ELFCLASS32): ignored.
2026-07-20T22:53:54.722547+02:00 HOST-REDACTED-A steam[20412]: ERROR: ld.so: object '/<USER-REDACTED>/.local/share/Steam/ubuntu12_32/gameoverlayrenderer.so' from LD_PRELOAD cannot be preloaded (wrong ELF class: ELFCLASS32): ignored.
2026-07-20T22:53:54.724341+02:00 HOST-REDACTED-A steam[20412]: ERROR: ld.so: object '/<USER-REDACTED>/.local/share/Steam/ubuntu12_32/gameoverlayrenderer.so' from LD_PRELOAD cannot be preloaded (wrong ELF class: ELFCLASS32): ignored.
2026-07-20T22:53:54.735136+02:00 HOST-REDACTED-A pkexec[181492]: USER-REDACTED: Error executing command as another user: Not authorized [USER=root] [TTY=unknown] [CWD=/<USER-REDACTED>] [COMMAND=/usr/lib/gamemode/cpugovctl set performance]
2026-07-20T22:53:54.735277+02:00 HOST-REDACTED-A gamemoded[181492]: Error executing command as another user: Not authorized
2026-07-20T22:53:54.735277+02:00 HOST-REDACTED-A gamemoded[181492]: This incident has been reported.
2026-07-20T22:53:54.735444+02:00 HOST-REDACTED-A gamemoded[2120]: ERROR: External process failed with exit code 127
2026-07-20T22:53:54.735444+02:00 HOST-REDACTED-A gamemoded[2120]: ERROR: Output was:
2026-07-20T22:53:54.735444+02:00 HOST-REDACTED-A gamemoded[2120]: ERROR: Failed to update cpu governor policy
2026-07-20T22:53:54.735550+02:00 HOST-REDACTED-A gamemoded[2120]: ERROR: Failed to call Inhibit on org.freedesktop.ScreenSaver: No route to host
2026-07-20T22:53:54.735550+02:00 HOST-REDACTED-A gamemoded[2120]:         org.freedesktop.DBus.Error.ServiceUnknown
2026-07-20T22:53:54.735550+02:00 HOST-REDACTED-A gamemoded[2120]:         The name is not activatable
2026-07-20T22:53:54.735580+02:00 HOST-REDACTED-A gamemoded[2120]: ERROR: Skipping ioprio on client [181491,181491]: ioprio was (0) but we expected (4)
2026-07-20T22:53:54.735855+02:00 HOST-REDACTED-A steam[20412]: ERROR: ld.so: object '/<USER-REDACTED>/.local/share/Steam/ubuntu12_32/gameoverlayrenderer.so' from LD_PRELOAD cannot be preloaded (wrong ELF class: ELFCLASS32): ignored.
2026-07-20T22:53:54.737359+02:00 HOST-REDACTED-A gamemoded[2120]: ERROR: Addition requested for already known client 181491 [/usr/bin/env].
2026-07-20T22:53:54.737382+02:00 HOST-REDACTED-A steam[20412]: gamemodeauto:
2026-07-20T22:53:54.758661+02:00 HOST-REDACTED-A steam[20412]: Game Recording - would start recording game 2369390, but recording for this game is disabled
2026-07-20T22:53:54.758758+02:00 HOST-REDACTED-A steam[20412]: Adding process 181491 for gameID 2369390
2026-07-20T22:53:54.759151+02:00 HOST-REDACTED-A systemd[2063]: Started app-steam-app2369390-181491.scope.
2026-07-20T22:53:54.759643+02:00 HOST-REDACTED-A steam[20412]: ERROR: ld.so: object '/<USER-REDACTED>/.local/share/Steam/ubuntu12_64/gameoverlayrenderer.so' from LD_PRELOAD cannot be preloaded (wrong ELF class: ELFCLASS64): ignored.
2026-07-20T22:53:54.761768+02:00 HOST-REDACTED-A gamemoded[2120]: ERROR: Addition requested for already known client 181491 [/usr/bin/env].
2026-07-20T22:53:54.761790+02:00 HOST-REDACTED-A steam[20412]: gamemodeauto:
2026-07-20T22:53:54.762046+02:00 HOST-REDACTED-A steam[20412]: ERROR: ld.so: object '/<USER-REDACTED>/.local/share/Steam/ubuntu12_32/gameoverlayrenderer.so' from LD_PRELOAD cannot be preloaded (wrong ELF class: ELFCLASS32): ignored.
2026-07-20T22:53:54.763860+02:00 HOST-REDACTED-A steam[20412]: Clearing capture only gameID
2026-07-20T22:53:54.764324+02:00 HOST-REDACTED-A steam[20412]: Streaming initialized and listening on port 27031
2026-07-20T22:53:54.764562+02:00 HOST-REDACTED-A steam[20412]: GameScope focus changed to Steam
2026-07-20T22:53:54.767625+02:00 HOST-REDACTED-A gamemoded[2120]: ERROR: Skipping ioprio on client [181497,181497]: ioprio was (0) but we expected (4)
2026-07-20T22:53:54.768277+02:00 HOST-REDACTED-A steam[20412]: ERROR: ld.so: object '/<USER-REDACTED>/.local/share/Steam/ubuntu12_32/gameoverlayrenderer.so' from LD_PRELOAD cannot be preloaded (wrong ELF class: ELFCLASS32): ignored.
2026-07-20T22:53:54.773522+02:00 HOST-REDACTED-A gamemoded[2120]: ERROR: Skipping ioprio on client [181499,181499]: ioprio was (0) but we expected (4)
2026-07-20T22:53:54.868172+02:00 HOST-REDACTED-A systemd[2063]: steam-launcher.service: Got notification message from PID 181529, but reception is disabled
2026-07-20T22:53:54.872244+02:00 HOST-REDACTED-A systemd[2063]: steam-launcher.service: Got notification message from PID 181534, but reception is disabled
2026-07-20T22:53:54.922736+02:00 HOST-REDACTED-A steam[20412]: Adding process 181497 for gameID 2369390
2026-07-20T22:53:54.922854+02:00 HOST-REDACTED-A steam[20412]: Adding process 181499 for gameID 2369390
2026-07-20T22:53:54.934451+02:00 HOST-REDACTED-A steam[20412]: i386-linux-gnu-capsule-capture-libs: warning: Dependencies of /usr/lib32/libMangoHud.so not found, ignoring: Missing dependencies: Could not find "libxkbcommon.so.0" in LD_LIBRARY_PATH "/usr/lib32:/usr/lib/perf:/usr/lib:/var/mnt/LinuxGames/SteamLibrary/steamapps/common/Far Cry 6", ld.so.cache, DT_RUNPATH or fallback /lib/i386-linux-gnu:/usr/lib/i386-linux-gnu:/usr/i686-pc-linux-gnu/lib:/lib32:/usr/lib32:/lib:/usr/lib
2026-07-20T22:53:54.998973+02:00 HOST-REDACTED-A gamemoded[2120]: ERROR: Skipping ioprio on client [181572,181572]: ioprio was (0) but we expected (4)
2026-07-20T22:53:54.999887+02:00 HOST-REDACTED-A gamemoded[2120]: ERROR: Skipping ioprio on client [181573,181573]: ioprio was (0) but we expected (4)
2026-07-20T22:53:55.024156+02:00 HOST-REDACTED-A steam[20412]: gamemodeauto: dlopen failed - libgamemode.so: cannot open shared object file: No such file or directory
2026-07-20T22:53:55.025683+02:00 HOST-REDACTED-A steam[20412]: gamemodeauto: dlopen failed - libgamemode.so: cannot open shared object file: No such file or directory
2026-07-20T22:53:55.065514+02:00 HOST-REDACTED-A steam[20412]: ProtonFixes[181600] INFO: Running protonfixes on "GE-Proton11-1", build at 2026-06-24 02:01:00+00:00.
2026-07-20T22:53:55.065545+02:00 HOST-REDACTED-A steam[20412]: ProtonFixes[181600] INFO: Running checks
2026-07-20T22:53:55.065568+02:00 HOST-REDACTED-A steam[20412]: ProtonFixes[181600] INFO: All checks successful
2026-07-20T22:53:55.065853+02:00 HOST-REDACTED-A steam[20412]: ProtonFixes[181600] INFO: Using early stage global defaults for "Far Cry 6" (2369390)
2026-07-20T22:53:55.065893+02:00 HOST-REDACTED-A steam[20412]: ProtonFixes[181600] INFO: No early stage global protonfix found for "Far Cry 6" (2369390)
2026-07-20T22:53:55.074656+02:00 HOST-REDACTED-A steam[20412]: Adding process 181600 for gameID 2369390
2026-07-20T22:53:55.084250+02:00 HOST-REDACTED-A steam[20412]: ProtonFixes[181600] INFO: Running protonfixes on "GE-Proton11-1", build at 2026-06-24 02:01:00+00:00.
2026-07-20T22:53:55.084264+02:00 HOST-REDACTED-A steam[20412]: ProtonFixes[181600] INFO: Running checks
2026-07-20T22:53:55.084286+02:00 HOST-REDACTED-A steam[20412]: ProtonFixes[181600] INFO: All checks successful
2026-07-20T22:53:55.084304+02:00 HOST-REDACTED-A steam[20412]: ProtonFixes[181600] INFO: Using main stage global defaults for "Far Cry 6" (2369390)
2026-07-20T22:53:55.084346+02:00 HOST-REDACTED-A steam[20412]: ProtonFixes[181600] INFO: No main stage global protonfix found for "Far Cry 6" (2369390)
2026-07-20T22:53:55.127983+02:00 HOST-REDACTED-A steam[20412]: GameScope focus changed to Steam
2026-07-20T22:53:55.339516+02:00 HOST-REDACTED-A steam[20412]: gamemodeauto: dlopen failed - libgamemode.so: cannot open shared object file: No such file or directory
2026-07-20T22:53:55.339541+02:00 HOST-REDACTED-A steam[20412]: gamemodeauto: dlopen failed - libgamemode.so: cannot open shared object file: No such file or directory
2026-07-20T22:53:55.345117+02:00 HOST-REDACTED-A steam[20412]: gamemodeauto: dlopen failed - libgamemode.so: cannot open shared object file: No such file or directory
2026-07-20T22:53:55.346711+02:00 HOST-REDACTED-A steam[20412]: gamemodeauto: dlopen failed - libgamemode.so: cannot open shared object file: No such file or directory
2026-07-20T22:53:55.351861+02:00 HOST-REDACTED-A steam[20412]: gamemodeauto: dlopen failed - libgamemode.so: cannot open shared object file: No such file or directory
2026-07-20T22:53:55.352008+02:00 HOST-REDACTED-A steam[20412]: ntsync: up and running.
2026-07-20T22:53:55.378936+02:00 HOST-REDACTED-A steam[20412]: gamemodeauto: dlopen failed - libgamemode.so: cannot open shared object file: No such file or directory
2026-07-20T22:53:55.382433+02:00 HOST-REDACTED-A steam[20412]: Adding process 181605 for gameID 2369390
2026-07-20T22:53:55.382574+02:00 HOST-REDACTED-A steam[20412]: Adding process 181606 for gameID 2369390
2026-07-20T22:53:55.394046+02:00 HOST-REDACTED-A steam[20412]: gamemodeauto: dlopen failed - libgamemode.so: cannot open shared object file: No such file or directory
2026-07-20T22:53:55.409447+02:00 HOST-REDACTED-A steam[20412]: gamemodeauto: dlopen failed - libgamemode.so: cannot open shared object file: No such file or directory
2026-07-20T22:53:55.423750+02:00 HOST-REDACTED-A steam[20412]: gamemodeauto: dlopen failed - libgamemode.so: cannot open shared object file: No such file or directory
2026-07-20T22:53:55.432916+02:00 HOST-REDACTED-A steam[20412]: Adding process 181607 for gameID 2369390
2026-07-20T22:53:55.436287+02:00 HOST-REDACTED-A steam[20412]: gamemodeauto: dlopen failed - libgamemode.so: cannot open shared object file: No such file or directory
2026-07-20T22:53:55.483302+02:00 HOST-REDACTED-A steam[20412]: Adding process 181610 for gameID 2369390
2026-07-20T22:53:55.483445+02:00 HOST-REDACTED-A steam[20412]: Adding process 181612 for gameID 2369390
2026-07-20T22:53:55.520555+02:00 HOST-REDACTED-A rigsignal-agent[2123]: 2026-07-20T20:53:55.520544Z  INFO rigsignal_agent::session: Game detected: Far Cry 6 (source=Steam, app_id=Some(2369390), pid=181600, api="vulkan", label="far-cry-6-20260720-2")
2026-07-20T22:53:55.520698+02:00 HOST-REDACTED-A rigsignal-agent[2123]: 2026-07-20T20:53:55.520569Z  INFO rigsignal_agent: Game detected: Far Cry 6 (pid 181600, all_pids=[181491, 181497, 181576, 181600, 181606, 181608, 181610, 181612, 181615, 181625, 181630])
2026-07-20T22:53:55.533908+02:00 HOST-REDACTED-A steam[20412]: Adding process 181615 for gameID 2369390
2026-07-20T22:53:55.534056+02:00 HOST-REDACTED-A steam[20412]: Adding process 181625 for gameID 2369390
2026-07-20T22:53:55.581214+02:00 HOST-REDACTED-A steam[20412]: gamemodeauto: dlopen failed - libgamemode.so: cannot open shared object file: No such file or directory
2026-07-20T22:53:55.584429+02:00 HOST-REDACTED-A steam[20412]: Adding process 181630 for gameID 2369390
2026-07-20T22:53:55.634869+02:00 HOST-REDACTED-A steam[20412]: Adding process 181638 for gameID 2369390
2026-07-20T22:53:56.682334+02:00 HOST-REDACTED-A steam[20412]: gamemodeauto: dlopen failed - libgamemode.so: cannot open shared object file: No such file or directory
2026-07-20T22:53:56.711002+02:00 HOST-REDACTED-A steam[20412]: gamemodeauto: dlopen failed - libgamemode.so: cannot open shared object file: No such file or directory
2026-07-20T22:53:56.745554+02:00 HOST-REDACTED-A steam[20412]: ATTENTION: default value of option vk_xwayland_wait_ready overridden by environment.
2026-07-20T22:53:56.746296+02:00 HOST-REDACTED-A steam[20412]: ATTENTION: default value of option vk_xwayland_wait_ready overridden by environment.
2026-07-20T22:53:56.747197+02:00 HOST-REDACTED-A steam[20412]: [Gamescope WSI] No application info given.
2026-07-20T22:53:56.747206+02:00 HOST-REDACTED-A steam[20412]: [Gamescope WSI] Executable name: explorer.exe
2026-07-20T22:53:56.750655+02:00 HOST-REDACTED-A steam[20412]: WARNING: radv is not a conformant Vulkan implementation, testing use only.
2026-07-20T22:53:56.832214+02:00 HOST-REDACTED-A steam[20412]: gamemodeauto: dlopen failed - libgamemode.so: cannot open shared object file: No such file or directory
2026-07-20T22:53:56.841956+02:00 HOST-REDACTED-A steam[20412]: Adding process 181685 for gameID 2369390
2026-07-20T22:53:56.842168+02:00 HOST-REDACTED-A steam[20412]: GameScope focus changed to Steam
2026-07-20T22:53:56.847399+02:00 HOST-REDACTED-A steam[20412]: gamemodeauto: dlopen failed - libgamemode.so: cannot open shared object file: No such file or directory
2026-07-20T22:53:56.875357+02:00 HOST-REDACTED-A steam[20412]: gamemodeauto: dlopen failed - libgamemode.so: cannot open shared object file: No such file or directory
2026-07-20T22:53:56.892629+02:00 HOST-REDACTED-A steam[20412]: Adding process 181695 for gameID 2369390
2026-07-20T22:53:56.892778+02:00 HOST-REDACTED-A steam[20412]: Adding process 181697 for gameID 2369390
2026-07-20T22:53:56.892974+02:00 HOST-REDACTED-A steam[20412]: Adding window 23068673 (4) for process 181606 and gameID 2369390
2026-07-20T22:53:56.902219+02:00 HOST-REDACTED-A steam[20412]: gamemodeauto: dlopen failed - libgamemode.so: cannot open shared object file: No such file or directory
2026-07-20T22:53:56.930160+02:00 HOST-REDACTED-A steam[20412]: ATTENTION: default value of option vk_xwayland_wait_ready overridden by environment.
2026-07-20T22:53:56.930160+02:00 HOST-REDACTED-A steam[20412]: ATTENTION: default value of option vk_wsi_force_swapchain_to_current_extent overridden by environment.
2026-07-20T22:53:56.930782+02:00 HOST-REDACTED-A steam[20412]: ATTENTION: default value of option vk_xwayland_wait_ready overridden by environment.
2026-07-20T22:53:56.930794+02:00 HOST-REDACTED-A steam[20412]: ATTENTION: default value of option vk_wsi_force_swapchain_to_current_extent overridden by environment.
2026-07-20T22:53:56.931557+02:00 HOST-REDACTED-A steam[20412]: [Gamescope WSI] Application info:
2026-07-20T22:53:56.931564+02:00 HOST-REDACTED-A steam[20412]:   pApplicationName: xalia.exe
2026-07-20T22:53:56.931564+02:00 HOST-REDACTED-A steam[20412]:   applicationVersion: 0
2026-07-20T22:53:56.931564+02:00 HOST-REDACTED-A steam[20412]:   pEngineName: DXVK
2026-07-20T22:53:56.931580+02:00 HOST-REDACTED-A steam[20412]:   engineVersion: 12582912
2026-07-20T22:53:56.931580+02:00 HOST-REDACTED-A steam[20412]:   apiVersion: 4206592
2026-07-20T22:53:56.931580+02:00 HOST-REDACTED-A steam[20412]: [Gamescope WSI] Executable name: xalia.exe
2026-07-20T22:53:56.934802+02:00 HOST-REDACTED-A steam[20412]: WARNING: radv is not a conformant Vulkan implementation, testing use only.
2026-07-20T22:53:56.942256+02:00 HOST-REDACTED-A steam[20412]: ATTENTION: default value of option vk_xwayland_wait_ready overridden by environment.
2026-07-20T22:53:56.942286+02:00 HOST-REDACTED-A steam[20412]: ATTENTION: default value of option vk_wsi_force_swapchain_to_current_extent overridden by environment.
2026-07-20T22:53:56.942803+02:00 HOST-REDACTED-A steam[20412]: ATTENTION: default value of option vk_xwayland_wait_ready overridden by environment.
2026-07-20T22:53:56.942809+02:00 HOST-REDACTED-A steam[20412]: ATTENTION: default value of option vk_wsi_force_swapchain_to_current_extent overridden by environment.
2026-07-20T22:53:56.943452+02:00 HOST-REDACTED-A steam[20412]: [Gamescope WSI] No application info given.
2026-07-20T22:53:56.944003+02:00 HOST-REDACTED-A steam[20412]: WARNING: radv is not a conformant Vulkan implementation, testing use only.
2026-07-20T22:53:56.946071+02:00 HOST-REDACTED-A steam[20412]: Adding process 181704 for gameID 2369390
2026-07-20T22:53:56.946379+02:00 HOST-REDACTED-A steam[20412]: Adding window 23068674 (4) for process 181606 and gameID 2369390
2026-07-20T22:53:56.946423+02:00 HOST-REDACTED-A steam[20412]: Adding window 23068675 (4) for process 181606 and gameID 2369390
2026-07-20T22:53:56.946467+02:00 HOST-REDACTED-A steam[20412]: Adding window 20971521 (4) for process 181695 and gameID 2369390
2026-07-20T22:53:56.946501+02:00 HOST-REDACTED-A steam[20412]: Adding window 20971522 (4) for process 181695 and gameID 2369390
2026-07-20T22:53:56.946547+02:00 HOST-REDACTED-A steam[20412]: GameScope focus changed to Steam
2026-07-20T22:53:57.071511+02:00 HOST-REDACTED-A steam[20412]: gamemodeauto: dlopen failed - libgamemode.so: cannot open shared object file: No such file or directory
2026-07-20T22:53:57.097973+02:00 HOST-REDACTED-A steam[20412]: Adding process 181723 for gameID 2369390
2026-07-20T22:53:57.199511+02:00 HOST-REDACTED-A steam[20412]: Adding window 27262977 (4) for process 181697 and gameID 2369390
2026-07-20T22:53:57.199544+02:00 HOST-REDACTED-A steam[20412]: Adding window 27262978 (4) for process 181697 and gameID 2369390
2026-07-20T22:53:57.199567+02:00 HOST-REDACTED-A steam[20412]: Adding window 27262979 (4) for process 181697 and gameID 2369390
2026-07-20T22:53:57.199591+02:00 HOST-REDACTED-A steam[20412]: GameScope focus changed to Steam
2026-07-20T22:53:57.503535+02:00 HOST-REDACTED-A steam[20412]: Streaming started to HOST-REDACTED-B at IP-REDACTED:34106, audio channels = 6, MTU = 1468
2026-07-20T22:53:57.503535+02:00 HOST-REDACTED-A steam[20412]: Streaming quality: k_EStreamQualityBeautiful
2026-07-20T22:53:57.503535+02:00 HOST-REDACTED-A steam[20412]: Streaming bitrate: 150 Mbit/s
2026-07-20T22:53:57.503535+02:00 HOST-REDACTED-A steam[20412]: Device form factor: computer
2026-07-20T22:53:57.503642+02:00 HOST-REDACTED-A steam[20412]: Maximum capture: 3840x2160 119.00 FPS
2026-07-20T22:53:57.503642+02:00 HOST-REDACTED-A steam[20412]: Video Streaming: enabled
2026-07-20T22:53:57.503642+02:00 HOST-REDACTED-A steam[20412]: Audio Streaming: enabled
2026-07-20T22:53:57.503642+02:00 HOST-REDACTED-A steam[20412]: Input Streaming: enabled
2026-07-20T22:53:57.503642+02:00 HOST-REDACTED-A steam[20412]: =====================================================================
2026-07-20T22:53:57.503642+02:00 HOST-REDACTED-A steam[20412]: Game: Far Cry 6 (2369390)
2026-07-20T22:53:57.503642+02:00 HOST-REDACTED-A steam[20412]: Setting target bitrate to 150000 Kbit/s, burst bitrate is 750000 Kbit/s
2026-07-20T22:53:57.503726+02:00 HOST-REDACTED-A steam[20412]: Creating new audio encoder for codec 3
2026-07-20T22:53:57.503896+02:00 HOST-REDACTED-A steam[20412]: Encoder audio init succeeded, now have 1 encoder(s)
2026-07-20T22:53:57.505178+02:00 HOST-REDACTED-A steam[20412]: Streamed game has created a window
2026-07-20T22:53:57.505189+02:00 HOST-REDACTED-A steam[20412]: Bringing streamed game to foreground - failed
2026-07-20T22:53:57.505197+02:00 HOST-REDACTED-A steam[20412]: PipeWire: Initializing streaming
2026-07-20T22:53:57.505959+02:00 HOST-REDACTED-A steam[20412]: PipeWire: Loading null sink for streaming
2026-07-20T22:53:57.505981+02:00 HOST-REDACTED-A steam[20412]: PipeWire: Setting default.configured.audio.sink to {"name":"steam-streaming-playback"}
2026-07-20T22:53:57.506177+02:00 HOST-REDACTED-A steam[20412]: PipeWire: Got default sink '{"name":"alsa_loopback_device.alsa_output.usb-SteelSeries_Arctis_Pro_Wireless-00.stereo-game"}'
2026-07-20T22:53:57.506399+02:00 HOST-REDACTED-A steam[20412]: >>> Starting desktop stream
2026-07-20T22:53:57.506463+02:00 HOST-REDACTED-A steam[20412]: SynchronizeClientState(): setting capture size 3440x1440
2026-07-20T22:53:57.506483+02:00 HOST-REDACTED-A steam[20412]: SynchronizeClientState(): setting title to Steam Big Picture Mode
2026-07-20T22:53:57.506492+02:00 HOST-REDACTED-A steam[20412]: SynchronizeClientState(): setting icon 128x128
2026-07-20T22:53:57.506540+02:00 HOST-REDACTED-A steam[20412]: CDesktopCapturePipeWire: PipeWire stream state changed to connecting
2026-07-20T22:53:57.506666+02:00 HOST-REDACTED-A steam[20412]: SynchronizeClientState(): setting cursor to 46
2026-07-20T22:53:57.506722+02:00 HOST-REDACTED-A steam[20412]: SynchronizeClientState(): setting activity to k_EStreamActivityIdle:
2026-07-20T22:53:57.507058+02:00 HOST-REDACTED-A steam[20412]: CDesktopCapturePipeWire: PipeWire stream state changed to paused
2026-07-20T22:53:57.508137+02:00 HOST-REDACTED-A steam[20412]: Recording system audio
2026-07-20T22:53:57.510502+02:00 HOST-REDACTED-A steam[20412]: PulseAudio: Sink alsa_output.usb-SteelSeries_Arctis_Pro_Wireless-00.mono-chat is default
2026-07-20T22:53:57.510697+02:00 HOST-REDACTED-A steam[20412]: PulseAudio: Adding sink[5408] alsa_output.usb-SteelSeries_Arctis_Pro_Wireless-00.mono-chat with priority 3, monitor is alsa_output.usb-SteelSeries_Arctis_Pro_Wireless-00.mono-chat.monitor
2026-07-20T22:53:57.510727+02:00 HOST-REDACTED-A steam[20412]: PulseAudio: Adding sink[5409] alsa_output.usb-SteelSeries_Arctis_Pro_Wireless-00.stereo-game with priority 1, monitor is alsa_output.usb-SteelSeries_Arctis_Pro_Wireless-00.stereo-game.monitor
2026-07-20T22:53:57.510753+02:00 HOST-REDACTED-A steam[20412]: PulseAudio: Adding sink[5413] alsa_output.usb-Generic_USB_Audio-00.HiFi__SPDIF__sink with priority 1, monitor is alsa_output.usb-Generic_USB_Audio-00.HiFi__SPDIF__sink.monitor
2026-07-20T22:53:57.510777+02:00 HOST-REDACTED-A steam[20412]: PulseAudio: Adding sink[5414] alsa_output.usb-Generic_USB_Audio-00.HiFi__Headphones__sink with priority 1, monitor is alsa_output.usb-Generic_USB_Audio-00.HiFi__Headphones__sink.monitor
2026-07-20T22:53:57.510804+02:00 HOST-REDACTED-A steam[20412]: PulseAudio: Adding sink[5415] alsa_output.usb-Generic_USB_Audio-00.HiFi__Speaker__sink with priority 1, monitor is alsa_output.usb-Generic_USB_Audio-00.HiFi__Speaker__sink.monitor
2026-07-20T22:53:57.510828+02:00 HOST-REDACTED-A steam[20412]: PulseAudio: Adding sink[5492] alsa_output.pci-0000_03_00.1.hdmi-stereo-extra1 with priority 1, monitor is alsa_output.pci-0000_03_00.1.hdmi-stereo-extra1.monitor
2026-07-20T22:53:57.510841+02:00 HOST-REDACTED-A steam[20412]: PulseAudio: Adding sink[23913] steam-streaming-playback with priority 1, monitor is steam-streaming-playback.monitor
2026-07-20T22:53:57.510850+02:00 HOST-REDACTED-A steam[20412]: PulseAudio: Recording on device alsa_output.usb-SteelSeries_Arctis_Pro_Wireless-00.mono-chat.monitor
2026-07-20T22:53:57.510886+02:00 HOST-REDACTED-A steam[20412]: Audio mix: start=44303575743, returned=0
2026-07-20T22:53:57.510886+02:00 HOST-REDACTED-A steam[20412]: Audio source [System Pulse]: init=0, adjustment=0, through=0, last_start=0, mixed=0, drop_before=0, drop_after=0
2026-07-20T22:53:57.521048+02:00 HOST-REDACTED-A steam[20412]: CDesktopCapturePipeWire: PipeWire stream format changed (size: 3440x1440, format 23, stride 3440, size 7430400, dmabuf: 1)
2026-07-20T22:53:57.522302+02:00 HOST-REDACTED-A steam[20412]: CDesktopCapturePipeWire: PipeWire stream state changed to streaming
2026-07-20T22:53:57.522360+02:00 HOST-REDACTED-A gamescope-session[20269]: [gamescope] [Info]  pipewire: stream state changed: streaming
2026-07-20T22:53:57.541066+02:00 HOST-REDACTED-A steam[20412]: PulseAudio: Connected to device alsa_output.usb-SteelSeries_Arctis_Pro_Wireless-00.mono-chat.monitor (5408, not suspended).
2026-07-20T22:53:57.541094+02:00 HOST-REDACTED-A steam[20412]: PulseAudio: Using sample spec 's16le 6ch 48000Hz', channel map 'front-left,front-left-of-center,front-center,front-right,front-right-of-center,rear-center'.
2026-07-20T22:53:57.541094+02:00 HOST-REDACTED-A steam[20412]: PulseAudio: server info updated, refreshing
2026-07-20T22:53:57.541126+02:00 HOST-REDACTED-A steam[20412]: PulseAudio: Sink steam-streaming-playback is default
2026-07-20T22:53:57.548024+02:00 HOST-REDACTED-A steam[20412]: CLIENT: Got control packet k_EStreamControlSetQoS
2026-07-20T22:53:57.548053+02:00 HOST-REDACTED-A steam[20412]: CLIENT: Got control packet k_EStreamControlSetTargetBitrate
2026-07-20T22:53:57.548053+02:00 HOST-REDACTED-A steam[20412]: CLIENT: Starting audio stream: frequency=48000, channels=6
2026-07-20T22:53:57.548053+02:00 HOST-REDACTED-A steam[20412]: CLIENT: Opened audio device: format=2, channels=6, frequency=48000
2026-07-20T22:53:57.548053+02:00 HOST-REDACTED-A steam[20412]: CLIENT: Initialized audio decoder: codec=3, sample rate=48000, channels=6
2026-07-20T22:53:57.548053+02:00 HOST-REDACTED-A steam[20412]: CLIENT: Got control packet k_EStreamControlStartAudioData
2026-07-20T22:53:57.548053+02:00 HOST-REDACTED-A steam[20412]: CLIENT: Got control packet k_EStreamControlSetSpectatorMode
2026-07-20T22:53:57.548053+02:00 HOST-REDACTED-A steam[20412]: CLIENT: Got control packet k_EStreamControlSetCaptureSize
2026-07-20T22:53:57.548053+02:00 HOST-REDACTED-A steam[20412]: CLIENT: Got control packet k_EStreamControlSetTitle
2026-07-20T22:53:57.552901+02:00 HOST-REDACTED-A steam[20412]: PulseAudio: Adding sink[5408] alsa_output.usb-SteelSeries_Arctis_Pro_Wireless-00.mono-chat with priority 1, monitor is alsa_output.usb-SteelSeries_Arctis_Pro_Wireless-00.mono-chat.monitor
2026-07-20T22:53:57.552938+02:00 HOST-REDACTED-A steam[20412]: PulseAudio: Adding sink[5409] alsa_output.usb-SteelSeries_Arctis_Pro_Wireless-00.stereo-game with priority 1, monitor is alsa_output.usb-SteelSeries_Arctis_Pro_Wireless-00.stereo-game.monitor
2026-07-20T22:53:57.552968+02:00 HOST-REDACTED-A steam[20412]: PulseAudio: Adding sink[5413] alsa_output.usb-Generic_USB_Audio-00.HiFi__SPDIF__sink with priority 1, monitor is alsa_output.usb-Generic_USB_Audio-00.HiFi__SPDIF__sink.monitor
2026-07-20T22:53:57.552997+02:00 HOST-REDACTED-A steam[20412]: PulseAudio: Adding sink[5414] alsa_output.usb-Generic_USB_Audio-00.HiFi__Headphones__sink with priority 1, monitor is alsa_output.usb-Generic_USB_Audio-00.HiFi__Headphones__sink.monitor
2026-07-20T22:53:57.553025+02:00 HOST-REDACTED-A steam[20412]: PulseAudio: Adding sink[5415] alsa_output.usb-Generic_USB_Audio-00.HiFi__Speaker__sink with priority 1, monitor is alsa_output.usb-Generic_USB_Audio-00.HiFi__Speaker__sink.monitor
2026-07-20T22:53:57.553054+02:00 HOST-REDACTED-A steam[20412]: PulseAudio: Adding sink[5492] alsa_output.pci-0000_03_00.1.hdmi-stereo-extra1 with priority 1, monitor is alsa_output.pci-0000_03_00.1.hdmi-stereo-extra1.monitor
2026-07-20T22:53:57.553072+02:00 HOST-REDACTED-A steam[20412]: PulseAudio: Adding sink[23913] steam-streaming-playback with priority 3, monitor is steam-streaming-playback.monitor
2026-07-20T22:53:57.553096+02:00 HOST-REDACTED-A steam[20412]: PulseAudio: Clearing previous record stream
2026-07-20T22:53:57.553096+02:00 HOST-REDACTED-A steam[20412]: PulseAudio: Recording on device steam-streaming-playback.monitor
2026-07-20T22:53:57.583306+02:00 HOST-REDACTED-A steam[20412]: PulseAudio: Connected to device steam-streaming-playback.monitor (23913, not suspended).
2026-07-20T22:53:57.583336+02:00 HOST-REDACTED-A steam[20412]: PulseAudio: Using sample spec 's16le 6ch 48000Hz', channel map 'front-left,front-left-of-center,front-center,front-right,front-right-of-center,rear-center'.
2026-07-20T22:53:57.603799+02:00 HOST-REDACTED-A steam[20412]: >>> Switching video stream from NONE to Desktop_MovieStream
2026-07-20T22:53:57.603991+02:00 HOST-REDACTED-A steam[20412]: CDesktopCapturePipeWire: Couldn't import dmabuf: Function not implemented
2026-07-20T22:53:57.604010+02:00 HOST-REDACTED-A steam[20412]: CDesktopCapturePipeWire: Failed to mmap memory: Invalid argument
2026-07-20T22:53:57.604018+02:00 HOST-REDACTED-A steam[20412]: CDesktopCapturePipeWire: Couldn't get image data
2026-07-20T22:53:57.604024+02:00 HOST-REDACTED-A steam[20412]: CDesktopCapturePipeWire: Couldn't import dmabuf: Function not implemented
2026-07-20T22:53:57.604029+02:00 HOST-REDACTED-A steam[20412]: CDesktopCapturePipeWire: Failed to mmap memory: Invalid argument
2026-07-20T22:53:57.604036+02:00 HOST-REDACTED-A steam[20412]: CDesktopCapturePipeWire: Couldn't get image data
2026-07-20T22:53:57.604041+02:00 HOST-REDACTED-A steam[20412]: CDesktopCapturePipeWire: Couldn't import dmabuf: Function not implemented
2026-07-20T22:53:57.604067+02:00 HOST-REDACTED-A steam[20412]: CDesktopCapturePipeWire: Failed to mmap memory: Invalid argument
2026-07-20T22:53:57.604067+02:00 HOST-REDACTED-A steam[20412]: CDesktopCapturePipeWire: Couldn't get image data
2026-07-20T22:53:57.604172+02:00 HOST-REDACTED-A steam[20412]: CDesktopCapturePipeWire: PipeWire stream state changed to paused
2026-07-20T22:53:57.604194+02:00 HOST-REDACTED-A gamescope-session[20269]: [gamescope] [Info]  pipewire: stream state changed: paused
2026-07-20T22:53:57.604204+02:00 HOST-REDACTED-A steam[20412]: CDesktopCapturePipeWire: PipeWire stream format changed (size: 3440x1440, format 23, stride 3440, size 7430400, dmabuf: 0)
2026-07-20T22:53:57.605833+02:00 HOST-REDACTED-A steam[20412]: CDesktopCapturePipeWire: PipeWire stream state changed to streaming
2026-07-20T22:53:57.605891+02:00 HOST-REDACTED-A gamescope-session[20269]: [gamescope] [Info]  pipewire: stream state changed: streaming
2026-07-20T22:53:57.622403+02:00 HOST-REDACTED-A steam[20412]: Building new pipeline
2026-07-20T22:53:57.622448+02:00 HOST-REDACTED-A steam[20412]: Trying to create an encoder for streaming: [hardware_enabled=true][hardware_suppressed=false]
2026-07-20T22:53:57.622459+02:00 HOST-REDACTED-A steam[20412]: Allowed Codecs: 5,4
2026-07-20T22:53:57.623024+02:00 HOST-REDACTED-A steam[20412]: Created encoder VAAPI for codec 5
2026-07-20T22:53:57.623037+02:00 HOST-REDACTED-A steam[20412]: CGameStreamVideoStageVAAPI: Reinitializing 3440x1440 at 150000 Kbit/s and 120.00 FPS with quality 1
2026-07-20T22:53:57.623911+02:00 HOST-REDACTED-A steam[20412]: ffmpeg verbose: libva: VA-API version 1.22.0
2026-07-20T22:53:57.623922+02:00 HOST-REDACTED-A steam[20412]: ffmpeg verbose: libva: Trying to open /usr/lib32/dri/radeonsi_drv_video.so
2026-07-20T22:53:57.623931+02:00 HOST-REDACTED-A steam[20412]: ffmpeg verbose: libva: Found init function __vaDriverInit_1_22
2026-07-20T22:53:57.626089+02:00 HOST-REDACTED-A steam[20412]: ffmpeg verbose: libva: va_openDriver() returns 0
2026-07-20T22:53:57.626098+02:00 HOST-REDACTED-A steam[20412]: ffmpeg verbose: Initialised VAAPI connection: version 1.22
2026-07-20T22:53:57.626112+02:00 HOST-REDACTED-A steam[20412]: ffmpeg verbose: VAAPI driver: Mesa Gallium driver 26.1.2 for AMD Ryzen 7 9800X3D 8-Core Processor (radeonsi, raphael_mendocino, ACO, DRM 3.64, 6.16.12-drmexec7-valve24.5-1-neptune-616-drm-exec-gf253f5da553e).
2026-07-20T22:53:57.626122+02:00 HOST-REDACTED-A steam[20412]: ffmpeg verbose: Driver not found in known nonstandard list, using standard behaviour.
2026-07-20T22:53:57.627024+02:00 HOST-REDACTED-A steam[20412]: ffmpeg verbose: Input surface format is nv12.
2026-07-20T22:53:57.627033+02:00 HOST-REDACTED-A steam[20412]: ffmpeg verbose: Using VAAPI profile VAProfileHEVCMain (17).
2026-07-20T22:53:57.627057+02:00 HOST-REDACTED-A steam[20412]: ffmpeg verbose: Using VAAPI entrypoint VAEntrypointEncSlice (6).
2026-07-20T22:53:57.627070+02:00 HOST-REDACTED-A steam[20412]: ffmpeg verbose: Using VAAPI render target format YUV420 (0x1).
2026-07-20T22:53:57.627078+02:00 HOST-REDACTED-A steam[20412]: ffmpeg verbose: Using CTU size 32x32, min CB size 16x16.
2026-07-20T22:53:57.627087+02:00 HOST-REDACTED-A steam[20412]: ffmpeg verbose: RC mode: VBR.
2026-07-20T22:53:57.627087+02:00 HOST-REDACTED-A steam[20412]: ffmpeg verbose: Block Level bitrate control: OFF.
2026-07-20T22:53:57.627111+02:00 HOST-REDACTED-A steam[20412]: ffmpeg verbose: RC target: 83% of 180000000 bps over 1000 ms.
2026-07-20T22:53:57.627111+02:00 HOST-REDACTED-A steam[20412]: ffmpeg verbose: RC buffer: 180000000 bits, initial fullness 135000000 bits.
2026-07-20T22:53:57.627111+02:00 HOST-REDACTED-A steam[20412]: ffmpeg verbose: RC framerate: 120/1 (120.00 fps).
2026-07-20T22:53:57.627111+02:00 HOST-REDACTED-A steam[20412]: ffmpeg verbose: Using intra and P-frames (supported references: 1 / 0).
2026-07-20T22:53:57.627143+02:00 HOST-REDACTED-A steam[20412]: ffmpeg verbose: All wanted packed headers available (wanted 0xd, found 0x1f).
2026-07-20T22:53:57.627673+02:00 HOST-REDACTED-A steam[20412]: ffmpeg verbose: Using level 6.2.
2026-07-20T22:53:57.627681+02:00 HOST-REDACTED-A steam[20412]: Video Encoder Changed
2026-07-20T22:53:57.629214+02:00 HOST-REDACTED-A steam[20412]: >>> Capture method set to Desktop PipeWire NV12 + VAAPI HEVC
2026-07-20T22:53:57.630463+02:00 HOST-REDACTED-A steam[20412]: >>> Capture resolution set to 3440x1440
2026-07-20T22:53:57.630472+02:00 HOST-REDACTED-A steam[20412]: >>> Capture colorspace set to BT.601 limited range
2026-07-20T22:53:57.641737+02:00 HOST-REDACTED-A steam[20412]: CDesktopCapturePipeWire: PipeWire stream state changed to paused
2026-07-20T22:53:57.641768+02:00 HOST-REDACTED-A gamescope-session[20269]: [gamescope] [Info]  pipewire: stream state changed: paused
2026-07-20T22:53:57.641961+02:00 HOST-REDACTED-A steam[20412]: CDesktopCapturePipeWire: PipeWire stream format changed (size: 3440x1440, format 23, stride 3440, size 7430400, dmabuf: 1)
2026-07-20T22:53:57.644349+02:00 HOST-REDACTED-A steam[20412]: CDesktopCapturePipeWire: PipeWire stream state changed to streaming
2026-07-20T22:53:57.644400+02:00 HOST-REDACTED-A gamescope-session[20269]: [gamescope] [Info]  pipewire: stream state changed: streaming
2026-07-20T22:53:57.648702+02:00 HOST-REDACTED-A steam[20412]: CLIENT: Got control packet k_EStreamControlSetIcon
2026-07-20T22:53:57.648715+02:00 HOST-REDACTED-A steam[20412]: CLIENT: Got control packet k_EStreamControlSetCursor
2026-07-20T22:53:57.648715+02:00 HOST-REDACTED-A steam[20412]: CLIENT: Got control packet k_EStreamControlSetActivity
2026-07-20T22:53:57.648715+02:00 HOST-REDACTED-A steam[20412]: CLIENT: Got control packet k_EStreamControlSetCursorImage
2026-07-20T22:53:57.648735+02:00 HOST-REDACTED-A steam[20412]: CLIENT: Got control packet k_EStreamControlStartVideoData
2026-07-20T22:53:57.659448+02:00 HOST-REDACTED-A steam[20412]: >>> Capture method set to Desktop PipeWire NV12 DMABUF + VAAPI HEVC
2026-07-20T22:53:57.700363+02:00 HOST-REDACTED-A steam[20412]: >>> Client video decoder set to VAAPI DRM hardware decoding
2026-07-20T22:53:57.700481+02:00 HOST-REDACTED-A steam[20412]: CLIENT: Got control packet k_EStreamControlVideoEncoderInfo
2026-07-20T22:53:57.700481+02:00 HOST-REDACTED-A steam[20412]: CLIENT: Got control packet k_EStreamControlSetCursorScale
2026-07-20T22:53:57.700481+02:00 HOST-REDACTED-A steam[20412]: CLIENT: ffmpeg verbose: Trying to use DRM render node for device 0.
2026-07-20T22:53:57.700481+02:00 HOST-REDACTED-A steam[20412]: CLIENT: ffmpeg verbose: libva: VA-API version 1.22.0
2026-07-20T22:53:57.700481+02:00 HOST-REDACTED-A steam[20412]: CLIENT: ffmpeg verbose: libva: Trying to open /usr/lib/dri/radeonsi_drv_video.so
2026-07-20T22:53:57.700481+02:00 HOST-REDACTED-A steam[20412]: CLIENT: ffmpeg verbose: libva: Found init function __vaDriverInit_1_22
2026-07-20T22:53:57.700481+02:00 HOST-REDACTED-A steam[20412]: CLIENT: ffmpeg verbose: libva: va_openDriver() returns 0
2026-07-20T22:53:57.700481+02:00 HOST-REDACTED-A steam[20412]: CLIENT: ffmpeg verbose: Initialised VAAPI connection: version 1.22
2026-07-20T22:53:57.700481+02:00 HOST-REDACTED-A steam[20412]: CLIENT: ffmpeg verbose: VAAPI driver: Mesa Gallium driver 26.1.2 for AMD Radeon RX 9060 XT (radeonsi, gfx1200, ACO, DRM 3.64, 6.16.12-drmexec7-valve24.5-1-neptune-616-drm-exec-gf253f5da553e).
2026-07-20T22:53:57.700481+02:00 HOST-REDACTED-A steam[20412]: CLIENT: ffmpeg verbose: Driver not found in known nonstandard list, using standard behaviour.
2026-07-20T22:53:57.700481+02:00 HOST-REDACTED-A steam[20412]: CLIENT: VAAPI DRM hardware decoding
2026-07-20T22:53:57.700481+02:00 HOST-REDACTED-A steam[20412]: CLIENT: Got control packet k_EStreamControlVideoEncoderInfo
2026-07-20T22:53:57.707598+02:00 HOST-REDACTED-A steam[20412]: CGameStreamVideoStageVAAPI: Reinitializing 3440x1440 at 150000 Kbit/s and 120.00 FPS with quality 1
2026-07-20T22:53:57.708262+02:00 HOST-REDACTED-A steam[20412]: ffmpeg verbose: libva: VA-API version 1.22.0
2026-07-20T22:53:57.708272+02:00 HOST-REDACTED-A steam[20412]: ffmpeg verbose: libva: Trying to open /usr/lib32/dri/radeonsi_drv_video.so
2026-07-20T22:53:57.708283+02:00 HOST-REDACTED-A steam[20412]: ffmpeg verbose: libva: Found init function __vaDriverInit_1_22
2026-07-20T22:53:57.710335+02:00 HOST-REDACTED-A steam[20412]: ffmpeg verbose: libva: va_openDriver() returns 0
2026-07-20T22:53:57.710341+02:00 HOST-REDACTED-A steam[20412]: ffmpeg verbose: Initialised VAAPI connection: version 1.22
2026-07-20T22:53:57.710353+02:00 HOST-REDACTED-A steam[20412]: ffmpeg verbose: VAAPI driver: Mesa Gallium driver 26.1.2 for AMD Ryzen 7 9800X3D 8-Core Processor (radeonsi, raphael_mendocino, ACO, DRM 3.64, 6.16.12-drmexec7-valve24.5-1-neptune-616-drm-exec-gf253f5da553e).
2026-07-20T22:53:57.710360+02:00 HOST-REDACTED-A steam[20412]: ffmpeg verbose: Driver not found in known nonstandard list, using standard behaviour.
2026-07-20T22:53:57.710766+02:00 HOST-REDACTED-A steam[20412]: ffmpeg verbose: Input surface format is nv12.
2026-07-20T22:53:57.710776+02:00 HOST-REDACTED-A steam[20412]: ffmpeg verbose: Using VAAPI profile VAProfileHEVCMain (17).
2026-07-20T22:53:57.710781+02:00 HOST-REDACTED-A steam[20412]: ffmpeg verbose: Using VAAPI entrypoint VAEntrypointEncSlice (6).
2026-07-20T22:53:57.710781+02:00 HOST-REDACTED-A steam[20412]: ffmpeg verbose: Using VAAPI render target format YUV420 (0x1).
2026-07-20T22:53:57.710781+02:00 HOST-REDACTED-A steam[20412]: ffmpeg verbose: Using CTU size 32x32, min CB size 16x16.
2026-07-20T22:53:57.710797+02:00 HOST-REDACTED-A steam[20412]: ffmpeg verbose: RC mode: VBR.
2026-07-20T22:53:57.710797+02:00 HOST-REDACTED-A steam[20412]: ffmpeg verbose: Block Level bitrate control: OFF.
2026-07-20T22:53:57.710797+02:00 HOST-REDACTED-A steam[20412]: ffmpeg verbose: RC target: 83% of 180000000 bps over 1000 ms.
2026-07-20T22:53:57.710819+02:00 HOST-REDACTED-A steam[20412]: ffmpeg verbose: RC buffer: 180000000 bits, initial fullness 135000000 bits.
2026-07-20T22:53:57.710819+02:00 HOST-REDACTED-A steam[20412]: ffmpeg verbose: RC framerate: 120/1 (120.00 fps).
2026-07-20T22:53:57.710819+02:00 HOST-REDACTED-A steam[20412]: ffmpeg verbose: Using intra and P-frames (supported references: 1 / 0).
2026-07-20T22:53:57.710819+02:00 HOST-REDACTED-A steam[20412]: ffmpeg verbose: All wanted packed headers available (wanted 0xd, found 0x1f).
2026-07-20T22:53:57.711296+02:00 HOST-REDACTED-A steam[20412]: ffmpeg verbose: Using level 6.2.
2026-07-20T22:53:57.711302+02:00 HOST-REDACTED-A steam[20412]: Video Encoder Changed
2026-07-20T22:53:57.777422+02:00 HOST-REDACTED-A steam[20412]: CLIENT: Texture rect: 3456x1440 at 0,0
2026-07-20T22:53:57.777445+02:00 HOST-REDACTED-A steam[20412]: CLIENT: Video rect: 3840x2160 at 0,0
2026-07-20T22:53:57.777445+02:00 HOST-REDACTED-A steam[20412]: CLIENT: Video size: 3456x1440, output size: 3840x2160, overlay size: 3840x2160
2026-07-20T22:53:57.777445+02:00 HOST-REDACTED-A steam[20412]: CLIENT: Texture rect: 3456x1440 at 0,0
2026-07-20T22:53:57.777445+02:00 HOST-REDACTED-A steam[20412]: CLIENT: Video rect: 3840x1600 at 0,280
2026-07-20T22:53:57.777445+02:00 HOST-REDACTED-A steam[20412]: CLIENT: Texture rect: 3456x1440 at 0,0
2026-07-20T22:53:57.777445+02:00 HOST-REDACTED-A steam[20412]: CLIENT: Video rect: 3840x1600 at 0,280
2026-07-20T22:53:57.777445+02:00 HOST-REDACTED-A steam[20412]: CLIENT: Video size: 3456x1440, output size: 3840x2160, overlay size: 3840x2160
2026-07-20T22:53:57.777488+02:00 HOST-REDACTED-A steam[20412]: CLIENT: Texture rect: 3456x1440 at 0,0
2026-07-20T22:53:57.777488+02:00 HOST-REDACTED-A steam[20412]: CLIENT: Video rect: 3840x1600 at 0,280
2026-07-20T22:53:57.777488+02:00 HOST-REDACTED-A steam[20412]: CLIENT: Texture rect: 3456x1440 at 0,0
2026-07-20T22:53:57.777488+02:00 HOST-REDACTED-A steam[20412]: CLIENT: Video rect: 3840x1600 at 0,280
2026-07-20T22:53:57.777488+02:00 HOST-REDACTED-A steam[20412]: CLIENT: Video size: 3456x1440, output size: 3840x2160, overlay size: 3840x2160
2026-07-20T22:53:57.777488+02:00 HOST-REDACTED-A steam[20412]: CLIENT: Texture rect: 3456x1440 at 0,0
2026-07-20T22:53:57.777488+02:00 HOST-REDACTED-A steam[20412]: CLIENT: Video rect: 3840x1600 at 0,280
2026-07-20T22:53:57.777488+02:00 HOST-REDACTED-A steam[20412]: CLIENT: Texture rect: 3456x1440 at 0,0
2026-07-20T22:53:57.777488+02:00 HOST-REDACTED-A steam[20412]: CLIENT: Video rect: 3840x1600 at 0,280
2026-07-20T22:53:57.928313+02:00 HOST-REDACTED-A steam[20412]: CLIENT: Sending HID device 045e/02fd/-1  Xbox One S Controller at sdl://2
2026-07-20T22:53:58.632326+02:00 HOST-REDACTED-A steam[20412]: CLIENT: SDL Mapping for 45e/2fd: 050018dc5e040000fd02000000006800,*,a:b0,b:b1,back:b4,dpdown:h0.4,dpleft:h0.8,dpright:h0.2,dpup:h0.1,guide:b5,leftshoulder:b9,leftstick:b7,lefttrigger:a4,leftx:a0,lefty:a1,rightshoulder:b10,rightstick:b8,righttrigger:a5,rightx:a2,righty:a3,start:b6,x:b2,y:b3,crc:dc18,platform:Linux,
2026-07-20T22:53:58.650558+02:00 HOST-REDACTED-A steam[20412]: gamemodeauto: dlopen failed - libgamemode.so: cannot open shared object file: No such file or directory
2026-07-20T22:53:58.682756+02:00 HOST-REDACTED-A steam[20412]: Adding process 181759 for gameID 2369390
2026-07-20T22:53:59.156687+02:00 HOST-REDACTED-A steam[20412]: CLIENT: Got control packet k_EStreamControlControllerConfigMsg
2026-07-20T22:53:59.156830+02:00 HOST-REDACTED-A steam[20412]: CLIENT: Got control packet k_EStreamControlControllerConfigMsg
2026-07-20T22:53:59.156830+02:00 HOST-REDACTED-A steam[20412]: CLIENT: Got control packet k_EStreamControlControllerConfigMsg
2026-07-20T22:53:59.156830+02:00 HOST-REDACTED-A steam[20412]: CLIENT: Got control packet k_EStreamControlControllerConfigMsg
2026-07-20T22:53:59.156830+02:00 HOST-REDACTED-A steam[20412]: CLIENT: Got control packet k_EStreamControlControllerConfigMsg
2026-07-20T22:53:59.156830+02:00 HOST-REDACTED-A steam[20412]: CLIENT: Got control packet k_EStreamControlControllerConfigMsg
2026-07-20T22:53:59.156830+02:00 HOST-REDACTED-A steam[20412]: CLIENT: Got control packet k_EStreamControlControllerConfigMsg
2026-07-20T22:53:59.156830+02:00 HOST-REDACTED-A steam[20412]: CLIENT: Got control packet k_EStreamControlControllerConfigMsg
2026-07-20T22:53:59.181375+02:00 HOST-REDACTED-A gamescope-session[20269]: [gamescope] [Error] wlserver: [libseat] [libseat/backend/logind.c:116] Could not stat path '/dev/input/event11'
2026-07-20T22:53:59.181375+02:00 HOST-REDACTED-A gamescope-session[20269]: [gamescope] [Error] wlserver: [backend/session/session.c:318] Failed to open device: '/dev/input/event11': No such file or directory
2026-07-20T22:53:59.220909+02:00 HOST-REDACTED-A steam[20412]: CLIENT: Got control packet k_EStreamControlControllerPersonalizationUpdate
2026-07-20T22:53:59.220930+02:00 HOST-REDACTED-A steam[20412]: CLIENT: Got control packet k_EStreamControlControllerConfigMsg
2026-07-20T22:53:59.272803+02:00 HOST-REDACTED-A steam[20412]: CLIENT: Got control packet k_EStreamControlControllerConfigMsg
2026-07-20T22:53:59.737903+02:00 HOST-REDACTED-A steam[20412]: ATTENTION: default value of option vk_xwayland_wait_ready overridden by environment.
2026-07-20T22:53:59.738597+02:00 HOST-REDACTED-A steam[20412]: ATTENTION: default value of option vk_xwayland_wait_ready overridden by environment.
2026-07-20T22:53:59.739416+02:00 HOST-REDACTED-A steam[20412]: [Gamescope WSI] Application info:
2026-07-20T22:53:59.739423+02:00 HOST-REDACTED-A steam[20412]:   pApplicationName: upc.exe
2026-07-20T22:53:59.739423+02:00 HOST-REDACTED-A steam[20412]:   applicationVersion: 1
2026-07-20T22:53:59.739423+02:00 HOST-REDACTED-A steam[20412]:   pEngineName: DXVK
2026-07-20T22:53:59.739423+02:00 HOST-REDACTED-A steam[20412]:   engineVersion: 12582912
2026-07-20T22:53:59.739450+02:00 HOST-REDACTED-A steam[20412]:   apiVersion: 4206592
2026-07-20T22:53:59.739450+02:00 HOST-REDACTED-A steam[20412]: [Gamescope WSI] Executable name: upc.exe
2026-07-20T22:53:59.742011+02:00 HOST-REDACTED-A steam[20412]: WARNING: radv is not a conformant Vulkan implementation, testing use only.
2026-07-20T22:53:59.744799+02:00 HOST-REDACTED-A steam[20412]: ATTENTION: default value of option vk_xwayland_wait_ready overridden by environment.
2026-07-20T22:53:59.744810+02:00 HOST-REDACTED-A steam[20412]: ATTENTION: default value of option vk_wsi_force_swapchain_to_current_extent overridden by environment.
2026-07-20T22:53:59.745434+02:00 HOST-REDACTED-A steam[20412]: ATTENTION: default value of option vk_xwayland_wait_ready overridden by environment.
2026-07-20T22:53:59.745445+02:00 HOST-REDACTED-A steam[20412]: ATTENTION: default value of option vk_wsi_force_swapchain_to_current_extent overridden by environment.
2026-07-20T22:53:59.746186+02:00 HOST-REDACTED-A steam[20412]: [Gamescope WSI] No application info given.
2026-07-20T22:53:59.746724+02:00 HOST-REDACTED-A steam[20412]: WARNING: radv is not a conformant Vulkan implementation, testing use only.
2026-07-20T22:53:59.760838+02:00 HOST-REDACTED-A steam[20412]: gamemodeauto: dlopen failed - libgamemode.so: cannot open shared object file: No such file or directory
2026-07-20T22:53:59.778335+02:00 HOST-REDACTED-A steam[20412]: Adding process 181777 for gameID 2369390
2026-07-20T22:53:59.801664+02:00 HOST-REDACTED-A steam[20412]: gamemodeauto: dlopen failed - libgamemode.so: cannot open shared object file: No such file or directory
2026-07-20T22:53:59.813761+02:00 HOST-REDACTED-A steam[20412]: gamemodeauto: dlopen failed - libgamemode.so: cannot open shared object file: No such file or directory
2026-07-20T22:53:59.828896+02:00 HOST-REDACTED-A steam[20412]: Adding process 181786 for gameID 2369390
2026-07-20T22:53:59.879408+02:00 HOST-REDACTED-A steam[20412]: Adding process 181790 for gameID 2369390
2026-07-20T22:54:00.448906+02:00 HOST-REDACTED-A steam[20412]: gamemodeauto: dlopen failed - libgamemode.so: cannot open shared object file: No such file or directory
2026-07-20T22:54:00.504661+02:00 HOST-REDACTED-A steam[20412]: gamemodeauto: dlopen failed - libgamemode.so: cannot open shared object file: No such file or directory
2026-07-20T22:54:00.886058+02:00 HOST-REDACTED-A steam[20412]: Adding window 44040193 (4) for process 181759 and gameID 2369390
2026-07-20T22:54:00.886058+02:00 HOST-REDACTED-A steam[20412]: Adding window 44040194 (4) for process 181759 and gameID 2369390
2026-07-20T22:54:00.886058+02:00 HOST-REDACTED-A steam[20412]: GameScope focus changed to Steam
2026-07-20T22:54:00.986731+02:00 HOST-REDACTED-A steam[20412]: Adding window 44040195 (4) for process 181759 and gameID 2369390
2026-07-20T22:54:00.986768+02:00 HOST-REDACTED-A steam[20412]: GameScope focus changed to Steam
2026-07-20T22:54:00.993806+02:00 HOST-REDACTED-A steam[20412]: gamemodeauto: dlopen failed - libgamemode.so: cannot open shared object file: No such file or directory
2026-07-20T22:54:01.037355+02:00 HOST-REDACTED-A steam[20412]: Adding process 181844 for gameID 2369390
2026-07-20T22:54:01.068092+02:00 HOST-REDACTED-A steam[20412]: ATTENTION: default value of option vk_xwayland_wait_ready overridden by environment.
2026-07-20T22:54:01.068123+02:00 HOST-REDACTED-A steam[20412]: ATTENTION: default value of option vk_wsi_force_swapchain_to_current_extent overridden by environment.
2026-07-20T22:54:01.068778+02:00 HOST-REDACTED-A steam[20412]: ATTENTION: default value of option vk_xwayland_wait_ready overridden by environment.
2026-07-20T22:54:01.068788+02:00 HOST-REDACTED-A steam[20412]: ATTENTION: default value of option vk_wsi_force_swapchain_to_current_extent overridden by environment.
2026-07-20T22:54:01.069608+02:00 HOST-REDACTED-A steam[20412]: [Gamescope WSI] No application info given.
2026-07-20T22:54:01.069608+02:00 HOST-REDACTED-A steam[20412]: [Gamescope WSI] Executable name: UplayWebCore.exe
2026-07-20T22:54:01.071990+02:00 HOST-REDACTED-A steam[20412]: WARNING: radv is not a conformant Vulkan implementation, testing use only.
2026-07-20T22:54:01.088148+02:00 HOST-REDACTED-A steam[20412]: Adding window 50331649 (4) for process 181844 and gameID 2369390
2026-07-20T22:54:01.088213+02:00 HOST-REDACTED-A steam[20412]: Adding window 50331650 (4) for process 181844 and gameID 2369390
2026-07-20T22:54:01.088248+02:00 HOST-REDACTED-A steam[20412]: GameScope focus changed to Steam
2026-07-20T22:54:01.137658+02:00 HOST-REDACTED-A steam[20412]: ATTENTION: default value of option vk_xwayland_wait_ready overridden by environment.
2026-07-20T22:54:01.137658+02:00 HOST-REDACTED-A steam[20412]: ATTENTION: default value of option vk_wsi_force_swapchain_to_current_extent overridden by environment.
2026-07-20T22:54:01.138310+02:00 HOST-REDACTED-A steam[20412]: ATTENTION: default value of option vk_xwayland_wait_ready overridden by environment.
2026-07-20T22:54:01.138316+02:00 HOST-REDACTED-A steam[20412]: ATTENTION: default value of option vk_wsi_force_swapchain_to_current_extent overridden by environment.
2026-07-20T22:54:01.139086+02:00 HOST-REDACTED-A steam[20412]: Adding window 48234526 (4) for process 181844 and gameID 2369390
2026-07-20T22:54:01.139134+02:00 HOST-REDACTED-A steam[20412]: Adding window 48234527 (4) for process 181844 and gameID 2369390
2026-07-20T22:54:01.139171+02:00 HOST-REDACTED-A steam[20412]: Adding window 48234532 (4) for process 181844 and gameID 2369390
2026-07-20T22:54:01.139197+02:00 HOST-REDACTED-A steam[20412]: Adding window 48234540 (4) for process 181844 and gameID 2369390
2026-07-20T22:54:01.139212+02:00 HOST-REDACTED-A steam[20412]: GameScope focus changed to Steam
2026-07-20T22:54:01.139221+02:00 HOST-REDACTED-A steam[20412]: [Gamescope WSI] Application info:
2026-07-20T22:54:01.139221+02:00 HOST-REDACTED-A steam[20412]:   pApplicationName: UplayWebCore.exe
2026-07-20T22:54:01.139221+02:00 HOST-REDACTED-A steam[20412]:   applicationVersion: 0
2026-07-20T22:54:01.139242+02:00 HOST-REDACTED-A steam[20412]:   pEngineName: DXVK
2026-07-20T22:54:01.139242+02:00 HOST-REDACTED-A steam[20412]:   engineVersion: 12582912
2026-07-20T22:54:01.139242+02:00 HOST-REDACTED-A steam[20412]:   apiVersion: 4206592
2026-07-20T22:54:01.139766+02:00 HOST-REDACTED-A steam[20412]: WARNING: radv is not a conformant Vulkan implementation, testing use only.
2026-07-20T22:54:01.151701+02:00 HOST-REDACTED-A steam[20412]: ATTENTION: default value of option vk_xwayland_wait_ready overridden by environment.
2026-07-20T22:54:01.151701+02:00 HOST-REDACTED-A steam[20412]: ATTENTION: default value of option vk_wsi_force_swapchain_to_current_extent overridden by environment.
2026-07-20T22:54:01.152399+02:00 HOST-REDACTED-A steam[20412]: ATTENTION: default value of option vk_xwayland_wait_ready overridden by environment.
2026-07-20T22:54:01.152414+02:00 HOST-REDACTED-A steam[20412]: ATTENTION: default value of option vk_wsi_force_swapchain_to_current_extent overridden by environment.
2026-07-20T22:54:01.153211+02:00 HOST-REDACTED-A steam[20412]: [Gamescope WSI] Application info:
2026-07-20T22:54:01.153211+02:00 HOST-REDACTED-A steam[20412]:   pApplicationName: UplayWebCore.exe
2026-07-20T22:54:01.153233+02:00 HOST-REDACTED-A steam[20412]:   applicationVersion: 0
2026-07-20T22:54:01.153233+02:00 HOST-REDACTED-A steam[20412]:   pEngineName: DXVK
2026-07-20T22:54:01.153233+02:00 HOST-REDACTED-A steam[20412]:   engineVersion: 12582912
2026-07-20T22:54:01.153233+02:00 HOST-REDACTED-A steam[20412]:   apiVersion: 4206592
2026-07-20T22:54:01.153850+02:00 HOST-REDACTED-A steam[20412]: WARNING: radv is not a conformant Vulkan implementation, testing use only.
2026-07-20T22:54:01.158447+02:00 HOST-REDACTED-A steam[20412]: [Gamescope WSI] Forcing on VK_EXT_swapchain_maintenance1.
2026-07-20T22:54:01.160721+02:00 HOST-REDACTED-A steam[20412]: Fossilize INFO: Overriding serialization path: "/<USER-REDACTED>/.local/share/Steam/steamapps/shadercache/2369390/fozpipelinesv6/steamapprun_pipeline_cache".
2026-07-20T22:54:01.528753+02:00 HOST-REDACTED-A steam[20412]: gamemodeauto: dlopen failed - libgamemode.so: cannot open shared object file: No such file or directory
2026-07-20T22:54:01.558956+02:00 HOST-REDACTED-A steam[20412]: Adding process 181896 for gameID 2369390
2026-07-20T22:54:01.580519+02:00 HOST-REDACTED-A steam[20412]: gamemodeauto: dlopen failed - libgamemode.so: cannot open shared object file: No such file or directory
2026-07-20T22:54:01.609605+02:00 HOST-REDACTED-A steam[20412]: Adding process 181909 for gameID 2369390
2026-07-20T22:54:01.609931+02:00 HOST-REDACTED-A steam[20412]: Adding window 44040196 (4) for process 181759 and gameID 2369390
2026-07-20T22:54:01.609987+02:00 HOST-REDACTED-A steam[20412]: GameScope focus changed to Steam
2026-07-20T22:54:01.632786+02:00 HOST-REDACTED-A steam[20412]: gamemodeauto: dlopen failed - libgamemode.so: cannot open shared object file: No such file or directory
2026-07-20T22:54:01.647989+02:00 HOST-REDACTED-A steam[20412]: gamemodeauto: dlopen failed - libgamemode.so: cannot open shared object file: No such file or directory
2026-07-20T22:54:01.660841+02:00 HOST-REDACTED-A steam[20412]: Adding process 181919 for gameID 2369390
2026-07-20T22:54:01.711729+02:00 HOST-REDACTED-A steam[20412]: Adding process 181923 for gameID 2369390
2026-07-20T22:54:01.762500+02:00 HOST-REDACTED-A steam[20412]: Adding window 44040197 (4) for process 181759 and gameID 2369390
2026-07-20T22:54:01.762549+02:00 HOST-REDACTED-A steam[20412]: Adding window 44040199 (4) for process 181759 and gameID 2369390
2026-07-20T22:54:01.762579+02:00 HOST-REDACTED-A steam[20412]: Adding window 44040200 (4) for process 181759 and gameID 2369390
2026-07-20T22:54:01.762623+02:00 HOST-REDACTED-A steam[20412]: Adding window 44040202 (4) for process 181759 and gameID 2369390
2026-07-20T22:54:01.762663+02:00 HOST-REDACTED-A steam[20412]: GameScope focus changed to Steam
2026-07-20T22:54:01.813516+02:00 HOST-REDACTED-A steam[20412]: Adding window 44040204 (4) for process 181759 and gameID 2369390
2026-07-20T22:54:01.813516+02:00 HOST-REDACTED-A steam[20412]: GameScope focus changed to Steam
2026-07-20T22:54:02.041357+02:00 HOST-REDACTED-A steam[20412]: gamemodeauto: dlopen failed - libgamemode.so: cannot open shared object file: No such file or directory
2026-07-20T22:54:02.065512+02:00 HOST-REDACTED-A steam[20412]: Adding process 181984 for gameID 2369390
2026-07-20T22:54:02.065861+02:00 HOST-REDACTED-A steam[20412]: Adding window 44040205 (4) for process 181759 and gameID 2369390
2026-07-20T22:54:02.065917+02:00 HOST-REDACTED-A steam[20412]: Adding window 44040206 (4) for process 181759 and gameID 2369390
2026-07-20T22:54:02.065950+02:00 HOST-REDACTED-A steam[20412]: GameScope focus changed to Steam
2026-07-20T22:54:02.214472+02:00 HOST-REDACTED-A gamescope-session[20269]: [gamescope] [Warn]  xwm: got the same buffer committed twice, ignoring.
2026-07-20T22:54:02.217382+02:00 HOST-REDACTED-A steam[20412]: Adding window 44040208 (4) for process 181759 and gameID 2369390
2026-07-20T22:54:02.217418+02:00 HOST-REDACTED-A steam[20412]: GameScope focus changed to Steam
2026-07-20T22:54:02.318711+02:00 HOST-REDACTED-A steam[20412]: GameScope focus changed to appID 2369390
2026-07-20T22:54:02.318711+02:00 HOST-REDACTED-A steam[20412]: Window title set to Ubisoft Connect
2026-07-20T22:54:02.318798+02:00 HOST-REDACTED-A steam[20412]: Changing record window: 0x2a00010 (44040208)
2026-07-20T22:54:02.318807+02:00 HOST-REDACTED-A steam[20412]: Video capture state changed
2026-07-20T22:54:02.318815+02:00 HOST-REDACTED-A steam[20412]: SynchronizeClientState(): setting capture size 2560x1440
2026-07-20T22:54:02.318838+02:00 HOST-REDACTED-A steam[20412]: SynchronizeClientState(): setting title to Ubisoft Connect
2026-07-20T22:54:02.318849+02:00 HOST-REDACTED-A steam[20412]: SynchronizeClientState(): setting icon 32x32
2026-07-20T22:54:02.318870+02:00 HOST-REDACTED-A steam[20412]: SynchronizeClientState(): setting cursor to 2
2026-07-20T22:54:02.318880+02:00 HOST-REDACTED-A steam[20412]: SynchronizeClientState(): setting activity to k_EStreamActivityGame: Far Cry 6
2026-07-20T22:54:02.331939+02:00 HOST-REDACTED-A steam[20412]: CGameStreamVideoStageVAAPI: Reinitializing 2560x1440 at 150000 Kbit/s and 120.00 FPS with quality 1
2026-07-20T22:54:02.332807+02:00 HOST-REDACTED-A steam[20412]: ffmpeg verbose: libva: VA-API version 1.22.0
2026-07-20T22:54:02.332834+02:00 HOST-REDACTED-A steam[20412]: ffmpeg verbose: libva: Trying to open /usr/lib32/dri/radeonsi_drv_video.so
2026-07-20T22:54:02.332834+02:00 HOST-REDACTED-A steam[20412]: ffmpeg verbose: libva: Found init function __vaDriverInit_1_22
2026-07-20T22:54:02.335014+02:00 HOST-REDACTED-A steam[20412]: ffmpeg verbose: libva: va_openDriver() returns 0
2026-07-20T22:54:02.335042+02:00 HOST-REDACTED-A steam[20412]: ffmpeg verbose: Initialised VAAPI connection: version 1.22
2026-07-20T22:54:02.335042+02:00 HOST-REDACTED-A steam[20412]: ffmpeg verbose: VAAPI driver: Mesa Gallium driver 26.1.2 for AMD Ryzen 7 9800X3D 8-Core Processor (radeonsi, raphael_mendocino, ACO, DRM 3.64, 6.16.12-drmexec7-valve24.5-1-neptune-616-drm-exec-gf253f5da553e).
2026-07-20T22:54:02.335042+02:00 HOST-REDACTED-A steam[20412]: ffmpeg verbose: Driver not found in known nonstandard list, using standard behaviour.
2026-07-20T22:54:02.336242+02:00 HOST-REDACTED-A steam[20412]: ffmpeg verbose: Input surface format is nv12.
2026-07-20T22:54:02.336265+02:00 HOST-REDACTED-A steam[20412]: ffmpeg verbose: Using VAAPI profile VAProfileHEVCMain (17).
2026-07-20T22:54:02.336265+02:00 HOST-REDACTED-A steam[20412]: ffmpeg verbose: Using VAAPI entrypoint VAEntrypointEncSlice (6).
2026-07-20T22:54:02.336265+02:00 HOST-REDACTED-A steam[20412]: ffmpeg verbose: Using VAAPI render target format YUV420 (0x1).
2026-07-20T22:54:02.336290+02:00 HOST-REDACTED-A steam[20412]: ffmpeg verbose: Using CTU size 32x32, min CB size 16x16.
2026-07-20T22:54:02.336290+02:00 HOST-REDACTED-A steam[20412]: ffmpeg verbose: RC mode: VBR.
2026-07-20T22:54:02.336290+02:00 HOST-REDACTED-A steam[20412]: ffmpeg verbose: Block Level bitrate control: OFF.
2026-07-20T22:54:02.336290+02:00 HOST-REDACTED-A steam[20412]: ffmpeg verbose: RC target: 83% of 180000000 bps over 1000 ms.
2026-07-20T22:54:02.336290+02:00 HOST-REDACTED-A steam[20412]: ffmpeg verbose: RC buffer: 180000000 bits, initial fullness 135000000 bits.
2026-07-20T22:54:02.336323+02:00 HOST-REDACTED-A steam[20412]: ffmpeg verbose: RC framerate: 120/1 (120.00 fps).
2026-07-20T22:54:02.336323+02:00 HOST-REDACTED-A steam[20412]: ffmpeg verbose: Using intra and P-frames (supported references: 1 / 0).
2026-07-20T22:54:02.336323+02:00 HOST-REDACTED-A steam[20412]: ffmpeg verbose: All wanted packed headers available (wanted 0xd, found 0x1f).
2026-07-20T22:54:02.336720+02:00 HOST-REDACTED-A steam[20412]: ffmpeg verbose: Using level 6.2.
2026-07-20T22:54:02.336728+02:00 HOST-REDACTED-A steam[20412]: Video Encoder Changed
2026-07-20T22:54:02.338010+02:00 HOST-REDACTED-A steam[20412]: >>> Capture resolution set to 2560x1440
2026-07-20T22:54:02.372377+02:00 HOST-REDACTED-A steam[20412]: CLIENT: Got control packet k_EStreamControlSetCaptureSize
2026-07-20T22:54:02.372399+02:00 HOST-REDACTED-A steam[20412]: CLIENT: Got control packet k_EStreamControlSetTitle
2026-07-20T22:54:02.372399+02:00 HOST-REDACTED-A steam[20412]: CLIENT: Got control packet k_EStreamControlSetIcon
2026-07-20T22:54:02.372399+02:00 HOST-REDACTED-A steam[20412]: CLIENT: Got control packet k_EStreamControlSetCursor
2026-07-20T22:54:02.372399+02:00 HOST-REDACTED-A steam[20412]: CLIENT: Got control packet k_EStreamControlSetActivity
2026-07-20T22:54:02.372399+02:00 HOST-REDACTED-A steam[20412]: CLIENT: Got control packet k_EStreamControlSetCursorImage
2026-07-20T22:54:02.372399+02:00 HOST-REDACTED-A steam[20412]: CLIENT: ffmpeg verbose: Trying to use DRM render node for device 0.
2026-07-20T22:54:02.372440+02:00 HOST-REDACTED-A steam[20412]: CLIENT: ffmpeg verbose: libva: VA-API version 1.22.0
2026-07-20T22:54:02.372440+02:00 HOST-REDACTED-A steam[20412]: CLIENT: ffmpeg verbose: libva: Trying to open /usr/lib/dri/radeonsi_drv_video.so
2026-07-20T22:54:02.372440+02:00 HOST-REDACTED-A steam[20412]: CLIENT: ffmpeg verbose: libva: Found init function __vaDriverInit_1_22
2026-07-20T22:54:02.372440+02:00 HOST-REDACTED-A steam[20412]: CLIENT: ffmpeg verbose: libva: va_openDriver() returns 0
2026-07-20T22:54:02.372440+02:00 HOST-REDACTED-A steam[20412]: CLIENT: ffmpeg verbose: Initialised VAAPI connection: version 1.22
2026-07-20T22:54:02.372440+02:00 HOST-REDACTED-A steam[20412]: CLIENT: ffmpeg verbose: VAAPI driver: Mesa Gallium driver 26.1.2 for AMD Radeon RX 9060 XT (radeonsi, gfx1200, ACO, DRM 3.64, 6.16.12-drmexec7-valve24.5-1-neptune-616-drm-exec-gf253f5da553e).
2026-07-20T22:54:02.372440+02:00 HOST-REDACTED-A steam[20412]: CLIENT: ffmpeg verbose: Driver not found in known nonstandard list, using standard behaviour.
2026-07-20T22:54:02.372440+02:00 HOST-REDACTED-A steam[20412]: CLIENT: VAAPI DRM hardware decoding
2026-07-20T22:54:02.372440+02:00 HOST-REDACTED-A steam[20412]: CLIENT: Texture rect: 2560x1440 at 0,0
2026-07-20T22:54:02.372440+02:00 HOST-REDACTED-A steam[20412]: CLIENT: Video rect: 3840x1600 at 0,280
2026-07-20T22:54:02.372440+02:00 HOST-REDACTED-A steam[20412]: CLIENT: Video size: 2560x1440, output size: 3840x2160, overlay size: 3840x2160
2026-07-20T22:54:02.372498+02:00 HOST-REDACTED-A steam[20412]: CLIENT: Texture rect: 2560x1440 at 0,0
2026-07-20T22:54:02.372498+02:00 HOST-REDACTED-A steam[20412]: CLIENT: Video rect: 3840x2160 at 0,0
2026-07-20T22:54:02.372498+02:00 HOST-REDACTED-A steam[20412]: CLIENT: Texture rect: 2560x1440 at 0,0
2026-07-20T22:54:02.372498+02:00 HOST-REDACTED-A steam[20412]: CLIENT: Video rect: 3840x2160 at 0,0
2026-07-20T22:54:02.455291+02:00 HOST-REDACTED-A steam[20412]: CLIENT: Got control packet k_EStreamControlControllerConfigMsg
2026-07-20T22:54:04.163776+02:00 HOST-REDACTED-A steam[20412]: GameScope focus changed to appID 2369390
2026-07-20T22:54:04.723098+02:00 HOST-REDACTED-A steam[20412]: gamemodeauto: dlopen failed - libgamemode.so: cannot open shared object file: No such file or directory
2026-07-20T22:54:04.766940+02:00 HOST-REDACTED-A steam[20412]: Adding process 182030 for gameID 2369390
2026-07-20T22:54:04.784674+02:00 HOST-REDACTED-A steam[20412]: gamemodeauto: dlopen failed - libgamemode.so: cannot open shared object file: No such file or directory
2026-07-20T22:54:05.069481+02:00 HOST-REDACTED-A steam[20412]: Adding window 44040209 (4) for process 181759 and gameID 2369390
2026-07-20T22:54:05.069646+02:00 HOST-REDACTED-A steam[20412]: GameScope focus changed to appID 2369390
2026-07-20T22:54:05.269027+02:00 HOST-REDACTED-A steam[20412]: gamemodeauto: dlopen failed - libgamemode.so: cannot open shared object file: No such file or directory
2026-07-20T22:54:05.321416+02:00 HOST-REDACTED-A steam[20412]: Adding process 182041 for gameID 2369390
2026-07-20T22:54:05.984097+02:00 HOST-REDACTED-A steam[20412]: ATTENTION: default value of option vk_xwayland_wait_ready overridden by environment.
2026-07-20T22:54:05.984151+02:00 HOST-REDACTED-A steam[20412]: ATTENTION: default value of option vk_wsi_force_swapchain_to_current_extent overridden by environment.
2026-07-20T22:54:05.984786+02:00 HOST-REDACTED-A steam[20412]: ATTENTION: default value of option vk_xwayland_wait_ready overridden by environment.
2026-07-20T22:54:05.984798+02:00 HOST-REDACTED-A steam[20412]: ATTENTION: default value of option vk_wsi_force_swapchain_to_current_extent overridden by environment.
2026-07-20T22:54:05.985596+02:00 HOST-REDACTED-A steam[20412]: [Gamescope WSI] Application info:
2026-07-20T22:54:05.985602+02:00 HOST-REDACTED-A steam[20412]:   pApplicationName: UplayService.exe
2026-07-20T22:54:05.985602+02:00 HOST-REDACTED-A steam[20412]:   applicationVersion: 0
2026-07-20T22:54:05.985602+02:00 HOST-REDACTED-A steam[20412]:   pEngineName: DXVK
2026-07-20T22:54:05.985602+02:00 HOST-REDACTED-A steam[20412]:   engineVersion: 12582912
2026-07-20T22:54:05.985625+02:00 HOST-REDACTED-A steam[20412]:   apiVersion: 4206592
2026-07-20T22:54:05.985625+02:00 HOST-REDACTED-A steam[20412]: [Gamescope WSI] Executable name: UplayService.exe
2026-07-20T22:54:05.988058+02:00 HOST-REDACTED-A steam[20412]: WARNING: radv is not a conformant Vulkan implementation, testing use only.
2026-07-20T22:54:05.990850+02:00 HOST-REDACTED-A steam[20412]: ATTENTION: default value of option vk_xwayland_wait_ready overridden by environment.
2026-07-20T22:54:05.990850+02:00 HOST-REDACTED-A steam[20412]: ATTENTION: default value of option vk_wsi_force_swapchain_to_current_extent overridden by environment.
2026-07-20T22:54:05.991490+02:00 HOST-REDACTED-A steam[20412]: ATTENTION: default value of option vk_xwayland_wait_ready overridden by environment.
2026-07-20T22:54:05.991498+02:00 HOST-REDACTED-A steam[20412]: ATTENTION: default value of option vk_wsi_force_swapchain_to_current_extent overridden by environment.
2026-07-20T22:54:05.992229+02:00 HOST-REDACTED-A steam[20412]: [Gamescope WSI] No application info given.
2026-07-20T22:54:05.992771+02:00 HOST-REDACTED-A steam[20412]: WARNING: radv is not a conformant Vulkan implementation, testing use only.
2026-07-20T22:54:05.995401+02:00 HOST-REDACTED-A steam[20412]: [Gamescope WSI] Forcing on VK_EXT_swapchain_maintenance1.
2026-07-20T22:54:05.997879+02:00 HOST-REDACTED-A steam[20412]: Fossilize INFO: Overriding serialization path: "/<USER-REDACTED>/.local/share/Steam/steamapps/shadercache/2369390/fozpipelinesv6/steamapprun_pipeline_cache".
2026-07-20T22:54:06.011255+02:00 HOST-REDACTED-A steam[20412]: ATTENTION: default value of option vk_xwayland_wait_ready overridden by environment.
2026-07-20T22:54:06.011268+02:00 HOST-REDACTED-A steam[20412]: ATTENTION: default value of option vk_wsi_force_swapchain_to_current_extent overridden by environment.
2026-07-20T22:54:06.011899+02:00 HOST-REDACTED-A steam[20412]: ATTENTION: default value of option vk_xwayland_wait_ready overridden by environment.
2026-07-20T22:54:06.011908+02:00 HOST-REDACTED-A steam[20412]: ATTENTION: default value of option vk_wsi_force_swapchain_to_current_extent overridden by environment.
2026-07-20T22:54:06.012667+02:00 HOST-REDACTED-A steam[20412]: [Gamescope WSI] Application info:
2026-07-20T22:54:06.012673+02:00 HOST-REDACTED-A steam[20412]:   pApplicationName: UplayService.exe
2026-07-20T22:54:06.012673+02:00 HOST-REDACTED-A steam[20412]:   applicationVersion: 1
2026-07-20T22:54:06.012673+02:00 HOST-REDACTED-A steam[20412]:   pEngineName: DXVK
2026-07-20T22:54:06.012689+02:00 HOST-REDACTED-A steam[20412]:   engineVersion: 12582912
2026-07-20T22:54:06.012689+02:00 HOST-REDACTED-A steam[20412]:   apiVersion: 4206592
2026-07-20T22:54:06.013217+02:00 HOST-REDACTED-A steam[20412]: WARNING: radv is not a conformant Vulkan implementation, testing use only.
2026-07-20T22:54:06.035277+02:00 HOST-REDACTED-A steam[20412]: ATTENTION: default value of option vk_xwayland_wait_ready overridden by environment.
2026-07-20T22:54:06.035296+02:00 HOST-REDACTED-A steam[20412]: ATTENTION: default value of option vk_wsi_force_swapchain_to_current_extent overridden by environment.
2026-07-20T22:54:06.035916+02:00 HOST-REDACTED-A steam[20412]: ATTENTION: default value of option vk_xwayland_wait_ready overridden by environment.
2026-07-20T22:54:06.035925+02:00 HOST-REDACTED-A steam[20412]: ATTENTION: default value of option vk_wsi_force_swapchain_to_current_extent overridden by environment.
2026-07-20T22:54:06.036655+02:00 HOST-REDACTED-A steam[20412]: [Gamescope WSI] Application info:
2026-07-20T22:54:06.036661+02:00 HOST-REDACTED-A steam[20412]:   pApplicationName: UplayService.exe
2026-07-20T22:54:06.036661+02:00 HOST-REDACTED-A steam[20412]:   applicationVersion: 1
2026-07-20T22:54:06.036661+02:00 HOST-REDACTED-A steam[20412]:   pEngineName: DXVK
2026-07-20T22:54:06.036661+02:00 HOST-REDACTED-A steam[20412]:   engineVersion: 12582912
2026-07-20T22:54:06.036690+02:00 HOST-REDACTED-A steam[20412]:   apiVersion: 4206592
2026-07-20T22:54:06.037183+02:00 HOST-REDACTED-A steam[20412]: WARNING: radv is not a conformant Vulkan implementation, testing use only.
2026-07-20T22:54:06.054468+02:00 HOST-REDACTED-A steam[20412]: gamemodeauto: dlopen failed - libgamemode.so: cannot open shared object file: No such file or directory
2026-07-20T22:54:06.953474+02:00 HOST-REDACTED-A steam[20412]: gamemodeauto: dlopen failed - libgamemode.so: cannot open shared object file: No such file or directory
2026-07-20T22:54:06.964177+02:00 HOST-REDACTED-A steam[20412]: gamemodeauto: dlopen failed - libgamemode.so: cannot open shared object file: No such file or directory
2026-07-20T22:54:06.992667+02:00 HOST-REDACTED-A steam[20412]: Adding process 182074 for gameID 2369390
2026-07-20T22:54:06.992871+02:00 HOST-REDACTED-A steam[20412]: Adding process 182077 for gameID 2369390
2026-07-20T22:54:06.993075+02:00 HOST-REDACTED-A steam[20412]: GameScope focus changed to appID 2369390
2026-07-20T22:54:06.993119+02:00 HOST-REDACTED-A steam[20412]: Window title set to Steam Big Picture Mode
2026-07-20T22:54:06.993193+02:00 HOST-REDACTED-A steam[20412]: Changing record window: 0x2400035 (37748789)
2026-07-20T22:54:06.993199+02:00 HOST-REDACTED-A steam[20412]: Video capture state changed
2026-07-20T22:54:06.993205+02:00 HOST-REDACTED-A steam[20412]: SynchronizeClientState(): setting capture size 3440x1440
2026-07-20T22:54:06.993226+02:00 HOST-REDACTED-A steam[20412]: SynchronizeClientState(): setting title to Steam Big Picture Mode
2026-07-20T22:54:06.993236+02:00 HOST-REDACTED-A steam[20412]: SynchronizeClientState(): setting icon 128x128
2026-07-20T22:54:06.993393+02:00 HOST-REDACTED-A steam[20412]: SynchronizeClientState(): setting activity to k_EStreamActivityDesktop: Steam Controller Configs - Desktop
2026-07-20T22:54:07.007202+02:00 HOST-REDACTED-A steam[20412]: CGameStreamVideoStageVAAPI: Reinitializing 3440x1440 at 150000 Kbit/s and 120.00 FPS with quality 1
2026-07-20T22:54:07.008283+02:00 HOST-REDACTED-A steam[20412]: ffmpeg verbose: libva: VA-API version 1.22.0
2026-07-20T22:54:07.008302+02:00 HOST-REDACTED-A steam[20412]: ffmpeg verbose: libva: Trying to open /usr/lib32/dri/radeonsi_drv_video.so
2026-07-20T22:54:07.008309+02:00 HOST-REDACTED-A steam[20412]: ffmpeg verbose: libva: Found init function __vaDriverInit_1_22
2026-07-20T22:54:07.010532+02:00 HOST-REDACTED-A steam[20412]: ffmpeg verbose: libva: va_openDriver() returns 0
2026-07-20T22:54:07.010543+02:00 HOST-REDACTED-A steam[20412]: ffmpeg verbose: Initialised VAAPI connection: version 1.22
2026-07-20T22:54:07.010560+02:00 HOST-REDACTED-A steam[20412]: ffmpeg verbose: VAAPI driver: Mesa Gallium driver 26.1.2 for AMD Ryzen 7 9800X3D 8-Core Processor (radeonsi, raphael_mendocino, ACO, DRM 3.64, 6.16.12-drmexec7-valve24.5-1-neptune-616-drm-exec-gf253f5da553e).
2026-07-20T22:54:07.010567+02:00 HOST-REDACTED-A steam[20412]: ffmpeg verbose: Driver not found in known nonstandard list, using standard behaviour.
2026-07-20T22:54:07.011031+02:00 HOST-REDACTED-A steam[20412]: ffmpeg verbose: Input surface format is nv12.
2026-07-20T22:54:07.011042+02:00 HOST-REDACTED-A steam[20412]: ffmpeg verbose: Using VAAPI profile VAProfileHEVCMain (17).
2026-07-20T22:54:07.011052+02:00 HOST-REDACTED-A steam[20412]: ffmpeg verbose: Using VAAPI entrypoint VAEntrypointEncSlice (6).
2026-07-20T22:54:07.011052+02:00 HOST-REDACTED-A steam[20412]: ffmpeg verbose: Using VAAPI render target format YUV420 (0x1).
2026-07-20T22:54:07.011063+02:00 HOST-REDACTED-A steam[20412]: ffmpeg verbose: Using CTU size 32x32, min CB size 16x16.
2026-07-20T22:54:07.011063+02:00 HOST-REDACTED-A steam[20412]: ffmpeg verbose: RC mode: VBR.
2026-07-20T22:54:07.011074+02:00 HOST-REDACTED-A steam[20412]: ffmpeg verbose: Block Level bitrate control: OFF.
2026-07-20T22:54:07.011074+02:00 HOST-REDACTED-A steam[20412]: ffmpeg verbose: RC target: 83% of 180000000 bps over 1000 ms.
2026-07-20T22:54:07.011074+02:00 HOST-REDACTED-A steam[20412]: ffmpeg verbose: RC buffer: 180000000 bits, initial fullness 135000000 bits.
2026-07-20T22:54:07.011090+02:00 HOST-REDACTED-A steam[20412]: ffmpeg verbose: RC framerate: 120/1 (120.00 fps).
2026-07-20T22:54:07.011090+02:00 HOST-REDACTED-A steam[20412]: ffmpeg verbose: Using intra and P-frames (supported references: 1 / 0).
2026-07-20T22:54:07.011090+02:00 HOST-REDACTED-A steam[20412]: ffmpeg verbose: All wanted packed headers available (wanted 0xd, found 0x1f).
2026-07-20T22:54:07.011786+02:00 HOST-REDACTED-A steam[20412]: ffmpeg verbose: Using level 6.2.
2026-07-20T22:54:07.011791+02:00 HOST-REDACTED-A steam[20412]: Video Encoder Changed
2026-07-20T22:54:07.013135+02:00 HOST-REDACTED-A steam[20412]: >>> Capture resolution set to 3440x1440
2026-07-20T22:54:07.045350+02:00 HOST-REDACTED-A steam[20412]: CLIENT: Got control packet k_EStreamControlSetCaptureSize
2026-07-20T22:54:07.045405+02:00 HOST-REDACTED-A steam[20412]: CLIENT: Got control packet k_EStreamControlSetTitle
2026-07-20T22:54:07.045405+02:00 HOST-REDACTED-A steam[20412]: CLIENT: ffmpeg verbose: Trying to use DRM render node for device 0.
2026-07-20T22:54:07.045405+02:00 HOST-REDACTED-A steam[20412]: CLIENT: ffmpeg verbose: libva: VA-API version 1.22.0
2026-07-20T22:54:07.045405+02:00 HOST-REDACTED-A steam[20412]: CLIENT: ffmpeg verbose: libva: Trying to open /usr/lib/dri/radeonsi_drv_video.so
2026-07-20T22:54:07.045405+02:00 HOST-REDACTED-A steam[20412]: CLIENT: ffmpeg verbose: libva: Found init function __vaDriverInit_1_22
2026-07-20T22:54:07.045405+02:00 HOST-REDACTED-A steam[20412]: CLIENT: ffmpeg verbose: libva: va_openDriver() returns 0
2026-07-20T22:54:07.045405+02:00 HOST-REDACTED-A steam[20412]: CLIENT: ffmpeg verbose: Initialised VAAPI connection: version 1.22
2026-07-20T22:54:07.045405+02:00 HOST-REDACTED-A steam[20412]: CLIENT: ffmpeg verbose: VAAPI driver: Mesa Gallium driver 26.1.2 for AMD Radeon RX 9060 XT (radeonsi, gfx1200, ACO, DRM 3.64, 6.16.12-drmexec7-valve24.5-1-neptune-616-drm-exec-gf253f5da553e).
2026-07-20T22:54:07.045405+02:00 HOST-REDACTED-A steam[20412]: CLIENT: ffmpeg verbose: Driver not found in known nonstandard list, using standard behaviour.
2026-07-20T22:54:07.045405+02:00 HOST-REDACTED-A steam[20412]: CLIENT: VAAPI DRM hardware decoding
2026-07-20T22:54:07.096002+02:00 HOST-REDACTED-A steam[20412]: CLIENT: Texture rect: 3456x1440 at 0,0
2026-07-20T22:54:07.096002+02:00 HOST-REDACTED-A steam[20412]: CLIENT: Video rect: 3840x2160 at 0,0
2026-07-20T22:54:07.096060+02:00 HOST-REDACTED-A steam[20412]: CLIENT: Video size: 3456x1440, output size: 3840x2160, overlay size: 3840x2160
2026-07-20T22:54:07.096060+02:00 HOST-REDACTED-A steam[20412]: CLIENT: Texture rect: 3456x1440 at 0,0
2026-07-20T22:54:07.096060+02:00 HOST-REDACTED-A steam[20412]: CLIENT: Video rect: 3840x1600 at 0,280
2026-07-20T22:54:07.096060+02:00 HOST-REDACTED-A steam[20412]: CLIENT: Texture rect: 3456x1440 at 0,0
2026-07-20T22:54:07.096060+02:00 HOST-REDACTED-A steam[20412]: CLIENT: Video rect: 3840x1600 at 0,280
2026-07-20T22:54:07.096060+02:00 HOST-REDACTED-A steam[20412]: CLIENT: Video size: 3456x1440, output size: 3840x2160, overlay size: 3840x2160
2026-07-20T22:54:07.096060+02:00 HOST-REDACTED-A steam[20412]: CLIENT: Texture rect: 3456x1440 at 0,0
2026-07-20T22:54:07.096060+02:00 HOST-REDACTED-A steam[20412]: CLIENT: Video rect: 3840x1600 at 0,280
2026-07-20T22:54:07.096060+02:00 HOST-REDACTED-A steam[20412]: CLIENT: Texture rect: 3456x1440 at 0,0
2026-07-20T22:54:07.096060+02:00 HOST-REDACTED-A steam[20412]: CLIENT: Video rect: 3840x1600 at 0,280
2026-07-20T22:54:07.096113+02:00 HOST-REDACTED-A steam[20412]: GameScope focus changed to Steam
2026-07-20T22:54:07.096155+02:00 HOST-REDACTED-A steam[20412]: SynchronizeClientState(): setting cursor to 46
2026-07-20T22:54:07.149604+02:00 HOST-REDACTED-A steam[20412]: CLIENT: Got control packet k_EStreamControlSetIcon
2026-07-20T22:54:07.149646+02:00 HOST-REDACTED-A steam[20412]: CLIENT: Got control packet k_EStreamControlSetActivity
2026-07-20T22:54:07.149646+02:00 HOST-REDACTED-A steam[20412]: CLIENT: Got control packet k_EStreamControlSetCursor
2026-07-20T22:54:07.200221+02:00 HOST-REDACTED-A steam[20412]: CLIENT: Got control packet k_EStreamControlControllerConfigMsg
2026-07-20T22:54:07.234981+02:00 HOST-REDACTED-A steam[20412]: gamemodeauto: dlopen failed - libgamemode.so: cannot open shared object file: No such file or directory
2026-07-20T22:54:07.724534+02:00 HOST-REDACTED-A gamescope-session[20269]: [gamescope] [Warn]  xwm: got the same buffer committed twice, ignoring.
2026-07-20T22:54:07.756288+02:00 HOST-REDACTED-A steam[20412]: Adding window 69206017 (4) for process 182074 and gameID 2369390
2026-07-20T22:54:07.756386+02:00 HOST-REDACTED-A steam[20412]: Adding window 69206018 (4) for process 182074 and gameID 2369390
2026-07-20T22:54:07.756420+02:00 HOST-REDACTED-A steam[20412]: Adding window 69206019 (4) for process 182074 and gameID 2369390
2026-07-20T22:54:07.756451+02:00 HOST-REDACTED-A steam[20412]: Adding window 69206021 (4) for process 182074 and gameID 2369390
2026-07-20T22:54:07.756479+02:00 HOST-REDACTED-A steam[20412]: GameScope focus changed to Steam
2026-07-20T22:54:07.756575+02:00 HOST-REDACTED-A steam[20412]: SynchronizeClientState(): setting activity to k_EStreamActivityIdle:
2026-07-20T22:54:07.766298+02:00 HOST-REDACTED-A steam[20412]: ATTENTION: default value of option vk_xwayland_wait_ready overridden by environment.
2026-07-20T22:54:07.783565+02:00 HOST-REDACTED-A steam[20412]: ATTENTION: default value of option vk_xwayland_wait_ready overridden by environment.
2026-07-20T22:54:07.784331+02:00 HOST-REDACTED-A steam[20412]: [Gamescope WSI] Application info:
2026-07-20T22:54:07.784340+02:00 HOST-REDACTED-A steam[20412]:   pApplicationName: FarCry6.exe
2026-07-20T22:54:07.784340+02:00 HOST-REDACTED-A steam[20412]:   applicationVersion: 0
2026-07-20T22:54:07.784340+02:00 HOST-REDACTED-A steam[20412]:   pEngineName: DXVK
2026-07-20T22:54:07.784361+02:00 HOST-REDACTED-A steam[20412]:   engineVersion: 12582912
2026-07-20T22:54:07.784361+02:00 HOST-REDACTED-A steam[20412]:   apiVersion: 4206592
2026-07-20T22:54:07.784361+02:00 HOST-REDACTED-A steam[20412]: [Gamescope WSI] Executable name: FarCry6.exe
2026-07-20T22:54:07.786967+02:00 HOST-REDACTED-A steam[20412]: WARNING: radv is not a conformant Vulkan implementation, testing use only.
2026-07-20T22:54:07.807596+02:00 HOST-REDACTED-A steam[20412]: ATTENTION: default value of option vk_xwayland_wait_ready overridden by environment.
2026-07-20T22:54:07.807622+02:00 HOST-REDACTED-A steam[20412]: ATTENTION: default value of option vk_wsi_force_swapchain_to_current_extent overridden by environment.
2026-07-20T22:54:07.808139+02:00 HOST-REDACTED-A steam[20412]: ATTENTION: default value of option vk_xwayland_wait_ready overridden by environment.
2026-07-20T22:54:07.808156+02:00 HOST-REDACTED-A steam[20412]: ATTENTION: default value of option vk_wsi_force_swapchain_to_current_extent overridden by environment.
2026-07-20T22:54:07.808410+02:00 HOST-REDACTED-A steam[20412]: CLIENT: Got control packet k_EStreamControlSetActivity
2026-07-20T22:54:07.808785+02:00 HOST-REDACTED-A steam[20412]: [Gamescope WSI] No application info given.
2026-07-20T22:54:07.809390+02:00 HOST-REDACTED-A steam[20412]: WARNING: radv is not a conformant Vulkan implementation, testing use only.
2026-07-20T22:54:07.841508+02:00 HOST-REDACTED-A steam[20412]: ATTENTION: default value of option vk_xwayland_wait_ready overridden by environment.
2026-07-20T22:54:07.841508+02:00 HOST-REDACTED-A steam[20412]: ATTENTION: default value of option vk_wsi_force_swapchain_to_current_extent overridden by environment.
2026-07-20T22:54:07.842056+02:00 HOST-REDACTED-A steam[20412]: ATTENTION: default value of option vk_xwayland_wait_ready overridden by environment.
2026-07-20T22:54:07.842063+02:00 HOST-REDACTED-A steam[20412]: ATTENTION: default value of option vk_wsi_force_swapchain_to_current_extent overridden by environment.
2026-07-20T22:54:07.842705+02:00 HOST-REDACTED-A steam[20412]: [Gamescope WSI] Application info:
2026-07-20T22:54:07.842712+02:00 HOST-REDACTED-A steam[20412]:   pApplicationName: FarCry6.exe
2026-07-20T22:54:07.842712+02:00 HOST-REDACTED-A steam[20412]:   applicationVersion: 0
2026-07-20T22:54:07.842712+02:00 HOST-REDACTED-A steam[20412]:   pEngineName: vkd3d
2026-07-20T22:54:07.842712+02:00 HOST-REDACTED-A steam[20412]:   engineVersion: 12587008
2026-07-20T22:54:07.842740+02:00 HOST-REDACTED-A steam[20412]:   apiVersion: 4206592
2026-07-20T22:54:07.843282+02:00 HOST-REDACTED-A steam[20412]: WARNING: radv is not a conformant Vulkan implementation, testing use only.
2026-07-20T22:54:07.859010+02:00 HOST-REDACTED-A steam[20412]: GameScope focus changed to appID 2369390
2026-07-20T22:54:07.859037+02:00 HOST-REDACTED-A steam[20412]: Window title set to
2026-07-20T22:54:07.859089+02:00 HOST-REDACTED-A steam[20412]: Changing record window: 0x4200005 (69206021)
2026-07-20T22:54:07.859096+02:00 HOST-REDACTED-A steam[20412]: Video capture state changed
2026-07-20T22:54:07.859102+02:00 HOST-REDACTED-A steam[20412]: SynchronizeClientState(): setting capture size 2561x1440
2026-07-20T22:54:07.859127+02:00 HOST-REDACTED-A steam[20412]: SynchronizeClientState(): setting icon 32x32
2026-07-20T22:54:07.859148+02:00 HOST-REDACTED-A steam[20412]: SynchronizeClientState(): setting cursor to 2
2026-07-20T22:54:07.859157+02:00 HOST-REDACTED-A steam[20412]: SynchronizeClientState(): setting activity to k_EStreamActivityGame: Far Cry 6
2026-07-20T22:54:07.873793+02:00 HOST-REDACTED-A steam[20412]: CGameStreamVideoStageVAAPI: Reinitializing 2562x1440 at 150000 Kbit/s and 120.00 FPS with quality 1
2026-07-20T22:54:07.877296+02:00 HOST-REDACTED-A steam[20412]: ffmpeg verbose: libva: VA-API version 1.22.0
2026-07-20T22:54:07.877296+02:00 HOST-REDACTED-A steam[20412]: ffmpeg verbose: libva: Trying to open /usr/lib32/dri/radeonsi_drv_video.so
2026-07-20T22:54:07.877311+02:00 HOST-REDACTED-A steam[20412]: ffmpeg verbose: libva: Found init function __vaDriverInit_1_22
2026-07-20T22:54:07.877311+02:00 HOST-REDACTED-A steam[20412]: ffmpeg verbose: libva: va_openDriver() returns 0
2026-07-20T22:54:07.877311+02:00 HOST-REDACTED-A steam[20412]: ffmpeg verbose: Initialised VAAPI connection: version 1.22
2026-07-20T22:54:07.877311+02:00 HOST-REDACTED-A steam[20412]: ffmpeg verbose: VAAPI driver: Mesa Gallium driver 26.1.2 for AMD Ryzen 7 9800X3D 8-Core Processor (radeonsi, raphael_mendocino, ACO, DRM 3.64, 6.16.12-drmexec7-valve24.5-1-neptune-616-drm-exec-gf253f5da553e).
2026-07-20T22:54:07.877311+02:00 HOST-REDACTED-A steam[20412]: ffmpeg verbose: Driver not found in known nonstandard list, using standard behaviour.
2026-07-20T22:54:07.877546+02:00 HOST-REDACTED-A steam[20412]: ffmpeg verbose: Input surface format is nv12.
2026-07-20T22:54:07.877555+02:00 HOST-REDACTED-A steam[20412]: ffmpeg verbose: Using VAAPI profile VAProfileHEVCMain (17).
2026-07-20T22:54:07.877562+02:00 HOST-REDACTED-A steam[20412]: ffmpeg verbose: Using VAAPI entrypoint VAEntrypointEncSlice (6).
2026-07-20T22:54:07.877568+02:00 HOST-REDACTED-A steam[20412]: ffmpeg verbose: Using VAAPI render target format YUV420 (0x1).
2026-07-20T22:54:07.877568+02:00 HOST-REDACTED-A steam[20412]: ffmpeg verbose: Using CTU size 32x32, min CB size 16x16.
2026-07-20T22:54:07.877585+02:00 HOST-REDACTED-A steam[20412]: ffmpeg verbose: RC mode: VBR.
2026-07-20T22:54:07.877585+02:00 HOST-REDACTED-A steam[20412]: ffmpeg verbose: Block Level bitrate control: OFF.
2026-07-20T22:54:07.877585+02:00 HOST-REDACTED-A steam[20412]: ffmpeg verbose: RC target: 83% of 180000000 bps over 1000 ms.
2026-07-20T22:54:07.877585+02:00 HOST-REDACTED-A steam[20412]: ffmpeg verbose: RC buffer: 180000000 bits, initial fullness 135000000 bits.
2026-07-20T22:54:07.877608+02:00 HOST-REDACTED-A steam[20412]: ffmpeg verbose: RC framerate: 120/1 (120.00 fps).
2026-07-20T22:54:07.877608+02:00 HOST-REDACTED-A steam[20412]: ffmpeg verbose: Using intra and P-frames (supported references: 1 / 0).
2026-07-20T22:54:07.877608+02:00 HOST-REDACTED-A steam[20412]: ffmpeg verbose: All wanted packed headers available (wanted 0xd, found 0x1f).
2026-07-20T22:54:07.878304+02:00 HOST-REDACTED-A steam[20412]: ffmpeg verbose: Using level 6.2.
2026-07-20T22:54:07.878311+02:00 HOST-REDACTED-A steam[20412]: Video Encoder Changed
2026-07-20T22:54:07.879567+02:00 HOST-REDACTED-A steam[20412]: >>> Capture resolution set to 2562x1440
2026-07-20T22:54:07.912947+02:00 HOST-REDACTED-A steam[20412]: CLIENT: Got control packet k_EStreamControlSetCaptureSize
2026-07-20T22:54:07.912967+02:00 HOST-REDACTED-A steam[20412]: CLIENT: Got control packet k_EStreamControlSetIcon
2026-07-20T22:54:07.912967+02:00 HOST-REDACTED-A steam[20412]: CLIENT: Got control packet k_EStreamControlSetCursor
2026-07-20T22:54:07.912967+02:00 HOST-REDACTED-A steam[20412]: CLIENT: Got control packet k_EStreamControlSetActivity
2026-07-20T22:54:07.912967+02:00 HOST-REDACTED-A steam[20412]: CLIENT: ffmpeg verbose: Trying to use DRM render node for device 0.
2026-07-20T22:54:07.912967+02:00 HOST-REDACTED-A steam[20412]: CLIENT: ffmpeg verbose: libva: VA-API version 1.22.0
2026-07-20T22:54:07.913001+02:00 HOST-REDACTED-A steam[20412]: CLIENT: ffmpeg verbose: libva: Trying to open /usr/lib/dri/radeonsi_drv_video.so
2026-07-20T22:54:07.913001+02:00 HOST-REDACTED-A steam[20412]: CLIENT: ffmpeg verbose: libva: Found init function __vaDriverInit_1_22
2026-07-20T22:54:07.913001+02:00 HOST-REDACTED-A steam[20412]: CLIENT: ffmpeg verbose: libva: va_openDriver() returns 0
2026-07-20T22:54:07.913001+02:00 HOST-REDACTED-A steam[20412]: CLIENT: ffmpeg verbose: Initialised VAAPI connection: version 1.22
2026-07-20T22:54:07.913001+02:00 HOST-REDACTED-A steam[20412]: CLIENT: ffmpeg verbose: VAAPI driver: Mesa Gallium driver 26.1.2 for AMD Radeon RX 9060 XT (radeonsi, gfx1200, ACO, DRM 3.64, 6.16.12-drmexec7-valve24.5-1-neptune-616-drm-exec-gf253f5da553e).
2026-07-20T22:54:07.913001+02:00 HOST-REDACTED-A steam[20412]: CLIENT: ffmpeg verbose: Driver not found in known nonstandard list, using standard behaviour.
2026-07-20T22:54:07.913001+02:00 HOST-REDACTED-A steam[20412]: CLIENT: VAAPI DRM hardware decoding
2026-07-20T22:54:07.918666+02:00 HOST-REDACTED-A gamescope-session[20321]: [xwayland ei] Unhandled event EI_EVENT_SYNC (91)
2026-07-20T22:54:07.918787+02:00 HOST-REDACTED-A gamescope-session[20269]: [gamescope] [Error] gamescope_ei: Unhandled libei event!
2026-07-20T22:54:07.933570+02:00 HOST-REDACTED-A steam[20412]: [Gamescope WSI] Forcing on VK_EXT_swapchain_maintenance1.
2026-07-20T22:54:07.935598+02:00 HOST-REDACTED-A steam[20412]: Fossilize INFO: Overriding serialization path: "/<USER-REDACTED>/.local/share/Steam/steamapps/shadercache/2369390/fozpipelinesv6/steamapprun_pipeline_cache".
2026-07-20T22:54:07.965238+02:00 HOST-REDACTED-A steam[20412]: CLIENT: Texture rect: 2610x1440 at 0,0
2026-07-20T22:54:07.965356+02:00 HOST-REDACTED-A steam[20412]: CLIENT: Video rect: 3840x1600 at 0,280
2026-07-20T22:54:07.965356+02:00 HOST-REDACTED-A steam[20412]: CLIENT: Video size: 2610x1440, output size: 3840x2160, overlay size: 3840x2160
2026-07-20T22:54:07.965356+02:00 HOST-REDACTED-A steam[20412]: CLIENT: Texture rect: 2610x1440 at 0,0
2026-07-20T22:54:07.965356+02:00 HOST-REDACTED-A steam[20412]: CLIENT: Video rect: 3840x2120 at 0,20
2026-07-20T22:54:07.965356+02:00 HOST-REDACTED-A steam[20412]: CLIENT: Texture rect: 2610x1440 at 0,0
2026-07-20T22:54:07.965356+02:00 HOST-REDACTED-A steam[20412]: CLIENT: Video rect: 3840x2120 at 0,20
2026-07-20T22:54:07.965356+02:00 HOST-REDACTED-A steam[20412]: CLIENT: Got control packet k_EStreamControlControllerConfigMsg
2026-07-20T22:54:07.965356+02:00 HOST-REDACTED-A steam[20412]: CLIENT: Video size: 2610x1440, output size: 3840x2160, overlay size: 3840x2160
2026-07-20T22:54:07.965356+02:00 HOST-REDACTED-A steam[20412]: CLIENT: Texture rect: 2610x1440 at 0,0
2026-07-20T22:54:07.965356+02:00 HOST-REDACTED-A steam[20412]: CLIENT: Video rect: 3840x2120 at 0,20
2026-07-20T22:54:07.965356+02:00 HOST-REDACTED-A steam[20412]: CLIENT: Texture rect: 2610x1440 at 0,0
2026-07-20T22:54:07.965356+02:00 HOST-REDACTED-A steam[20412]: CLIENT: Video rect: 3840x2120 at 0,20
2026-07-20T22:54:07.989049+02:00 HOST-REDACTED-A steam[20412]: ATTENTION: default value of option vk_xwayland_wait_ready overridden by environment.
2026-07-20T22:54:07.989049+02:00 HOST-REDACTED-A steam[20412]: ATTENTION: default value of option vk_wsi_force_swapchain_to_current_extent overridden by environment.
2026-07-20T22:54:07.989588+02:00 HOST-REDACTED-A steam[20412]: ATTENTION: default value of option vk_xwayland_wait_ready overridden by environment.
2026-07-20T22:54:07.989609+02:00 HOST-REDACTED-A steam[20412]: ATTENTION: default value of option vk_wsi_force_swapchain_to_current_extent overridden by environment.
2026-07-20T22:54:07.990286+02:00 HOST-REDACTED-A steam[20412]: [Gamescope WSI] Application info:
2026-07-20T22:54:07.990286+02:00 HOST-REDACTED-A steam[20412]:   pApplicationName: FarCry6.exe
2026-07-20T22:54:07.990306+02:00 HOST-REDACTED-A steam[20412]:   applicationVersion: 0
2026-07-20T22:54:07.990306+02:00 HOST-REDACTED-A steam[20412]:   pEngineName: vkd3d
2026-07-20T22:54:07.990306+02:00 HOST-REDACTED-A steam[20412]:   engineVersion: 12587008
2026-07-20T22:54:07.990306+02:00 HOST-REDACTED-A steam[20412]:   apiVersion: 4206592
2026-07-20T22:54:07.990848+02:00 HOST-REDACTED-A steam[20412]: WARNING: radv is not a conformant Vulkan implementation, testing use only.
2026-07-20T22:54:08.083038+02:00 HOST-REDACTED-A steam[20412]: [Gamescope WSI] Forcing on VK_EXT_swapchain_maintenance1.
2026-07-20T22:54:08.268692+02:00 HOST-REDACTED-A steam[20412]: Adding window 67108865 (4) for process 182074 and gameID 2369390
2026-07-20T22:54:08.268754+02:00 HOST-REDACTED-A steam[20412]: Adding window 67108866 (4) for process 182074 and gameID 2369390
2026-07-20T22:54:08.268795+02:00 HOST-REDACTED-A steam[20412]: Adding window 67108867 (4) for process 182074 and gameID 2369390
2026-07-20T22:54:08.268877+02:00 HOST-REDACTED-A steam[20412]: GameScope focus changed to appID 2369390
2026-07-20T22:54:08.269002+02:00 HOST-REDACTED-A gamescope-session[20269]: [gamescope] [Warn]  xwm: got the same buffer committed twice, ignoring.
2026-07-20T22:54:08.297304+02:00 HOST-REDACTED-A steam[20412]: ATTENTION: default value of option vk_xwayland_wait_ready overridden by environment.
2026-07-20T22:54:08.297336+02:00 HOST-REDACTED-A steam[20412]: ATTENTION: default value of option vk_wsi_force_swapchain_to_current_extent overridden by environment.
2026-07-20T22:54:08.297867+02:00 HOST-REDACTED-A steam[20412]: ATTENTION: default value of option vk_xwayland_wait_ready overridden by environment.
2026-07-20T22:54:08.297873+02:00 HOST-REDACTED-A steam[20412]: ATTENTION: default value of option vk_wsi_force_swapchain_to_current_extent overridden by environment.
2026-07-20T22:54:08.298535+02:00 HOST-REDACTED-A steam[20412]: [Gamescope WSI] Application info:
2026-07-20T22:54:08.298542+02:00 HOST-REDACTED-A steam[20412]:   pApplicationName: FarCry6.exe
2026-07-20T22:54:08.298542+02:00 HOST-REDACTED-A steam[20412]:   applicationVersion: 0
2026-07-20T22:54:08.298555+02:00 HOST-REDACTED-A steam[20412]:   pEngineName: vkd3d
2026-07-20T22:54:08.298555+02:00 HOST-REDACTED-A steam[20412]:   engineVersion: 12587008
2026-07-20T22:54:08.298555+02:00 HOST-REDACTED-A steam[20412]:   apiVersion: 4206592
2026-07-20T22:54:08.299109+02:00 HOST-REDACTED-A steam[20412]: WARNING: radv is not a conformant Vulkan implementation, testing use only.
2026-07-20T22:54:08.319505+02:00 HOST-REDACTED-A steam[20412]: Caching cursor image for , size 1x1, serial 25, cache size = 4
2026-07-20T22:54:08.319528+02:00 HOST-REDACTED-A steam[20412]: GameScope focus changed to appID 2369390
2026-07-20T22:54:08.319570+02:00 HOST-REDACTED-A steam[20412]: SynchronizeClientState(): setting cursor hidden
2026-07-20T22:54:08.369930+02:00 HOST-REDACTED-A steam[20412]: CLIENT: Got control packet k_EStreamControlHideCursor
2026-07-20T22:54:08.382352+02:00 HOST-REDACTED-A steam[20412]: [Gamescope WSI] Forcing on VK_EXT_swapchain_maintenance1.
2026-07-20T22:54:08.398892+02:00 HOST-REDACTED-A steam[20412]: ATTENTION: default value of option vk_xwayland_wait_ready overridden by environment.
2026-07-20T22:54:08.398892+02:00 HOST-REDACTED-A steam[20412]: ATTENTION: default value of option vk_wsi_force_swapchain_to_current_extent overridden by environment.
2026-07-20T22:54:08.399439+02:00 HOST-REDACTED-A steam[20412]: ATTENTION: default value of option vk_xwayland_wait_ready overridden by environment.
2026-07-20T22:54:08.399445+02:00 HOST-REDACTED-A steam[20412]: ATTENTION: default value of option vk_wsi_force_swapchain_to_current_extent overridden by environment.
2026-07-20T22:54:08.400092+02:00 HOST-REDACTED-A steam[20412]: [Gamescope WSI] No application info given.
2026-07-20T22:54:08.400633+02:00 HOST-REDACTED-A steam[20412]: WARNING: radv is not a conformant Vulkan implementation, testing use only.
2026-07-20T22:54:08.571293+02:00 HOST-REDACTED-A steam[20412]: GameScope focus changed to appID 2369390
2026-07-20T22:54:10.287026+02:00 HOST-REDACTED-A steam[20412]: gamemodeauto: dlopen failed - libgamemode.so: cannot open shared object file: No such file or directory
2026-07-20T22:54:10.352642+02:00 HOST-REDACTED-A steam[20412]: Adding process 182178 for gameID 2369390
2026-07-20T22:54:10.573359+02:00 HOST-REDACTED-A gamescope-session[20269]: [gamescope] [Error] xwm: waylandres but no win
2026-07-20T22:54:10.605209+02:00 HOST-REDACTED-A steam[20412]: GameScope focus changed to appID 2369390
2026-07-20T22:54:10.605209+02:00 HOST-REDACTED-A steam[20412]: Window title set to FarCry®6
2026-07-20T22:54:10.605322+02:00 HOST-REDACTED-A steam[20412]: Changing record window: 0x4000001 (67108865)
2026-07-20T22:54:10.605329+02:00 HOST-REDACTED-A steam[20412]: SynchronizeClientState(): setting title to FarCry®6
2026-07-20T22:54:10.655784+02:00 HOST-REDACTED-A steam[20412]: CLIENT: Got control packet k_EStreamControlSetTitle
2026-07-20T22:54:10.666249+02:00 HOST-REDACTED-A steam[20412]: [Gamescope WSI] Creating Gamescope surface: xid: 0x3c00de9
2026-07-20T22:54:10.666330+02:00 HOST-REDACTED-A steam[20412]: [Gamescope WSI] Atom of T was wrong type. Expected XCB_ATOM_CARDINAL.
2026-07-20T22:54:10.666348+02:00 HOST-REDACTED-A steam[20412]: [Gamescope WSI] Made gamescope surface for xid: 0x3c00de9
2026-07-20T22:54:10.666354+02:00 HOST-REDACTED-A steam[20412]: [Gamescope WSI] Surface state:
2026-07-20T22:54:10.666354+02:00 HOST-REDACTED-A steam[20412]:   steam app id:                  2369390
2026-07-20T22:54:10.666354+02:00 HOST-REDACTED-A steam[20412]:   window xid:                    0x3c00de9
2026-07-20T22:54:10.666371+02:00 HOST-REDACTED-A steam[20412]:   wayland surface res id:        5
2026-07-20T22:54:10.666371+02:00 HOST-REDACTED-A steam[20412]:   layer client flags:            0x4
2026-07-20T22:54:10.666371+02:00 HOST-REDACTED-A steam[20412]:   server hdr output enabled:     false
2026-07-20T22:54:10.666371+02:00 HOST-REDACTED-A steam[20412]:   hdr formats exposed to client: false
2026-07-20T22:54:10.681187+02:00 HOST-REDACTED-A steam[20412]: [Gamescope WSI] Creating swapchain for xid: 0x3c00de9 - oldSwapchain: (nil) - provided minImageCount: 3 - minImageCount: 3 - format: VK_FORMAT_R8G8B8A8_UNORM - colorspace: VK_COLOR_SPACE_SRGB_NONLINEAR_KHR - flip: true
2026-07-20T22:54:10.681904+02:00 HOST-REDACTED-A steam[20412]: [Gamescope WSI] Created swapchain for xid: 0x3c00de9 swapchain: 0x7efbd82044b0 - imageCount: 3
2026-07-20T22:54:10.695325+02:00 HOST-REDACTED-A steam[20412]: [Gamescope WSI] Destroying swapchain: 0x7efbd82044b0
2026-07-20T22:54:10.695530+02:00 HOST-REDACTED-A steam[20412]: [Gamescope WSI] Destroyed swapchain: 0x7efbd82044b0
2026-07-20T22:54:10.695915+02:00 HOST-REDACTED-A steam[20412]: [Gamescope WSI] Creating swapchain for xid: 0x3c00de9 - oldSwapchain: (nil) - provided minImageCount: 3 - minImageCount: 3 - format: VK_FORMAT_R8G8B8A8_UNORM - colorspace: VK_COLOR_SPACE_SRGB_NONLINEAR_KHR - flip: true
2026-07-20T22:54:10.696587+02:00 HOST-REDACTED-A steam[20412]: [Gamescope WSI] Created swapchain for xid: 0x3c00de9 swapchain: 0x7efbd82044b0 - imageCount: 3
2026-07-20T22:54:10.706424+02:00 HOST-REDACTED-A steam[20412]: Adding window 2819423504 (3) for process 182074 and gameID 2369390
2026-07-20T22:54:10.706492+02:00 HOST-REDACTED-A steam[20412]: GameScope focus changed to Steam
2026-07-20T22:54:10.706505+02:00 HOST-REDACTED-A steam[20412]: Window title set to Steam Big Picture Mode
2026-07-20T22:54:10.706570+02:00 HOST-REDACTED-A steam[20412]: Changing record window: 0x2400035 (37748789)
2026-07-20T22:54:10.706576+02:00 HOST-REDACTED-A steam[20412]: Video capture state changed
2026-07-20T22:54:10.706586+02:00 HOST-REDACTED-A steam[20412]: SynchronizeClientState(): setting capture size 3440x1440
2026-07-20T22:54:10.706606+02:00 HOST-REDACTED-A steam[20412]: SynchronizeClientState(): setting title to Steam Big Picture Mode
2026-07-20T22:54:10.706617+02:00 HOST-REDACTED-A steam[20412]: SynchronizeClientState(): setting icon 128x128
2026-07-20T22:54:10.706771+02:00 HOST-REDACTED-A steam[20412]: SynchronizeClientState(): setting cursor visible
2026-07-20T22:54:10.706788+02:00 HOST-REDACTED-A steam[20412]: SynchronizeClientState(): setting cursor to 46
2026-07-20T22:54:10.706788+02:00 HOST-REDACTED-A steam[20412]: SynchronizeClientState(): setting activity to k_EStreamActivityDesktop: Steam Controller Configs - Desktop
2026-07-20T22:54:10.723709+02:00 HOST-REDACTED-A steam[20412]: CGameStreamVideoStageVAAPI: Reinitializing 3440x1440 at 150000 Kbit/s and 120.00 FPS with quality 1
2026-07-20T22:54:10.724596+02:00 HOST-REDACTED-A steam[20412]: ffmpeg verbose: libva: VA-API version 1.22.0
2026-07-20T22:54:10.724608+02:00 HOST-REDACTED-A steam[20412]: ffmpeg verbose: libva: Trying to open /usr/lib32/dri/radeonsi_drv_video.so
2026-07-20T22:54:10.724616+02:00 HOST-REDACTED-A steam[20412]: ffmpeg verbose: libva: Found init function __vaDriverInit_1_22
2026-07-20T22:54:10.726815+02:00 HOST-REDACTED-A steam[20412]: ffmpeg verbose: libva: va_openDriver() returns 0
2026-07-20T22:54:10.726815+02:00 HOST-REDACTED-A steam[20412]: ffmpeg verbose: Initialised VAAPI connection: version 1.22
2026-07-20T22:54:10.726849+02:00 HOST-REDACTED-A steam[20412]: ffmpeg verbose: VAAPI driver: Mesa Gallium driver 26.1.2 for AMD Ryzen 7 9800X3D 8-Core Processor (radeonsi, raphael_mendocino, ACO, DRM 3.64, 6.16.12-drmexec7-valve24.5-1-neptune-616-drm-exec-gf253f5da553e).
2026-07-20T22:54:10.726849+02:00 HOST-REDACTED-A steam[20412]: ffmpeg verbose: Driver not found in known nonstandard list, using standard behaviour.
2026-07-20T22:54:10.727271+02:00 HOST-REDACTED-A steam[20412]: ffmpeg verbose: Input surface format is nv12.
2026-07-20T22:54:10.727282+02:00 HOST-REDACTED-A steam[20412]: ffmpeg verbose: Using VAAPI profile VAProfileHEVCMain (17).
2026-07-20T22:54:10.727282+02:00 HOST-REDACTED-A steam[20412]: ffmpeg verbose: Using VAAPI entrypoint VAEntrypointEncSlice (6).
2026-07-20T22:54:10.727293+02:00 HOST-REDACTED-A steam[20412]: ffmpeg verbose: Using VAAPI render target format YUV420 (0x1).
2026-07-20T22:54:10.727293+02:00 HOST-REDACTED-A steam[20412]: ffmpeg verbose: Using CTU size 32x32, min CB size 16x16.
2026-07-20T22:54:10.727293+02:00 HOST-REDACTED-A steam[20412]: ffmpeg verbose: RC mode: VBR.
2026-07-20T22:54:10.727309+02:00 HOST-REDACTED-A steam[20412]: ffmpeg verbose: Block Level bitrate control: OFF.
2026-07-20T22:54:10.727309+02:00 HOST-REDACTED-A steam[20412]: ffmpeg verbose: RC target: 83% of 180000000 bps over 1000 ms.
2026-07-20T22:54:10.727309+02:00 HOST-REDACTED-A steam[20412]: ffmpeg verbose: RC buffer: 180000000 bits, initial fullness 135000000 bits.
2026-07-20T22:54:10.727309+02:00 HOST-REDACTED-A steam[20412]: ffmpeg verbose: RC framerate: 120/1 (120.00 fps).
2026-07-20T22:54:10.727330+02:00 HOST-REDACTED-A steam[20412]: ffmpeg verbose: Using intra and P-frames (supported references: 1 / 0).
2026-07-20T22:54:10.727330+02:00 HOST-REDACTED-A steam[20412]: ffmpeg verbose: All wanted packed headers available (wanted 0xd, found 0x1f).
2026-07-20T22:54:10.727824+02:00 HOST-REDACTED-A steam[20412]: ffmpeg verbose: Using level 6.2.
2026-07-20T22:54:10.727830+02:00 HOST-REDACTED-A steam[20412]: Video Encoder Changed
2026-07-20T22:54:10.729101+02:00 HOST-REDACTED-A steam[20412]: >>> Capture resolution set to 3440x1440
2026-07-20T22:54:10.761689+02:00 HOST-REDACTED-A steam[20412]: CLIENT: Got control packet k_EStreamControlSetCaptureSize
2026-07-20T22:54:10.761712+02:00 HOST-REDACTED-A steam[20412]: CLIENT: Got control packet k_EStreamControlSetTitle
2026-07-20T22:54:10.761712+02:00 HOST-REDACTED-A steam[20412]: CLIENT: ffmpeg verbose: Trying to use DRM render node for device 0.
2026-07-20T22:54:10.761712+02:00 HOST-REDACTED-A steam[20412]: CLIENT: ffmpeg verbose: libva: VA-API version 1.22.0
2026-07-20T22:54:10.761732+02:00 HOST-REDACTED-A steam[20412]: CLIENT: ffmpeg verbose: libva: Trying to open /usr/lib/dri/radeonsi_drv_video.so
2026-07-20T22:54:10.761732+02:00 HOST-REDACTED-A steam[20412]: CLIENT: ffmpeg verbose: libva: Found init function __vaDriverInit_1_22
2026-07-20T22:54:10.761732+02:00 HOST-REDACTED-A steam[20412]: CLIENT: ffmpeg verbose: libva: va_openDriver() returns 0
2026-07-20T22:54:10.761732+02:00 HOST-REDACTED-A steam[20412]: CLIENT: ffmpeg verbose: Initialised VAAPI connection: version 1.22
2026-07-20T22:54:10.761732+02:00 HOST-REDACTED-A steam[20412]: CLIENT: ffmpeg verbose: VAAPI driver: Mesa Gallium driver 26.1.2 for AMD Radeon RX 9060 XT (radeonsi, gfx1200, ACO, DRM 3.64, 6.16.12-drmexec7-valve24.5-1-neptune-616-drm-exec-gf253f5da553e).
2026-07-20T22:54:10.761732+02:00 HOST-REDACTED-A steam[20412]: CLIENT: ffmpeg verbose: Driver not found in known nonstandard list, using standard behaviour.
2026-07-20T22:54:10.761767+02:00 HOST-REDACTED-A steam[20412]: CLIENT: VAAPI DRM hardware decoding
2026-07-20T22:54:10.761851+02:00 HOST-REDACTED-A steam[20412]: SynchronizeClientState(): setting cursor to 2
2026-07-20T22:54:10.812612+02:00 HOST-REDACTED-A steam[20412]: CLIENT: Texture rect: 3456x1440 at 0,0
2026-07-20T22:54:10.812634+02:00 HOST-REDACTED-A steam[20412]: CLIENT: Video rect: 3840x2120 at 0,20
2026-07-20T22:54:10.812634+02:00 HOST-REDACTED-A steam[20412]: CLIENT: Video size: 3456x1440, output size: 3840x2160, overlay size: 3840x2160
2026-07-20T22:54:10.812634+02:00 HOST-REDACTED-A steam[20412]: CLIENT: Texture rect: 3456x1440 at 0,0
2026-07-20T22:54:10.812634+02:00 HOST-REDACTED-A steam[20412]: CLIENT: Video rect: 3840x1600 at 0,280
2026-07-20T22:54:10.812634+02:00 HOST-REDACTED-A steam[20412]: CLIENT: Texture rect: 3456x1440 at 0,0
2026-07-20T22:54:10.812634+02:00 HOST-REDACTED-A steam[20412]: CLIENT: Video rect: 3840x1600 at 0,280
2026-07-20T22:54:10.812634+02:00 HOST-REDACTED-A steam[20412]: CLIENT: Video size: 3456x1440, output size: 3840x2160, overlay size: 3840x2160
2026-07-20T22:54:10.812634+02:00 HOST-REDACTED-A steam[20412]: CLIENT: Texture rect: 3456x1440 at 0,0
2026-07-20T22:54:10.812684+02:00 HOST-REDACTED-A steam[20412]: CLIENT: Video rect: 3840x1600 at 0,280
2026-07-20T22:54:10.812684+02:00 HOST-REDACTED-A steam[20412]: CLIENT: Texture rect: 3456x1440 at 0,0
2026-07-20T22:54:10.812684+02:00 HOST-REDACTED-A steam[20412]: CLIENT: Video rect: 3840x1600 at 0,280
2026-07-20T22:54:10.812684+02:00 HOST-REDACTED-A steam[20412]: GameScope focus changed to appID 2369390
2026-07-20T22:54:10.812684+02:00 HOST-REDACTED-A steam[20412]: Window title set to FarCry®6
2026-07-20T22:54:10.812723+02:00 HOST-REDACTED-A steam[20412]: Changing record window: 0x4000001 (67108865)
2026-07-20T22:54:10.812730+02:00 HOST-REDACTED-A steam[20412]: Video capture state changed
2026-07-20T22:54:10.812730+02:00 HOST-REDACTED-A steam[20412]: SynchronizeClientState(): setting capture size 2560x1440
2026-07-20T22:54:10.812755+02:00 HOST-REDACTED-A steam[20412]: SynchronizeClientState(): setting title to FarCry®6
2026-07-20T22:54:10.812768+02:00 HOST-REDACTED-A steam[20412]: SynchronizeClientState(): setting icon 32x32
2026-07-20T22:54:10.812790+02:00 HOST-REDACTED-A steam[20412]: SynchronizeClientState(): setting cursor hidden
2026-07-20T22:54:10.812796+02:00 HOST-REDACTED-A steam[20412]: SynchronizeClientState(): setting activity to k_EStreamActivityGame: Far Cry 6
2026-07-20T22:54:10.823650+02:00 HOST-REDACTED-A steam[20412]: CGameStreamVideoStageVAAPI: Reinitializing 2560x1440 at 150000 Kbit/s and 120.00 FPS with quality 1
2026-07-20T22:54:10.824622+02:00 HOST-REDACTED-A steam[20412]: ffmpeg verbose: libva: VA-API version 1.22.0
2026-07-20T22:54:10.824638+02:00 HOST-REDACTED-A steam[20412]: ffmpeg verbose: libva: Trying to open /usr/lib32/dri/radeonsi_drv_video.so
2026-07-20T22:54:10.824649+02:00 HOST-REDACTED-A steam[20412]: ffmpeg verbose: libva: Found init function __vaDriverInit_1_22
2026-07-20T22:54:10.827021+02:00 HOST-REDACTED-A steam[20412]: ffmpeg verbose: libva: va_openDriver() returns 0
2026-07-20T22:54:10.827047+02:00 HOST-REDACTED-A steam[20412]: ffmpeg verbose: Initialised VAAPI connection: version 1.22
2026-07-20T22:54:10.827060+02:00 HOST-REDACTED-A steam[20412]: ffmpeg verbose: VAAPI driver: Mesa Gallium driver 26.1.2 for AMD Ryzen 7 9800X3D 8-Core Processor (radeonsi, raphael_mendocino, ACO, DRM 3.64, 6.16.12-drmexec7-valve24.5-1-neptune-616-drm-exec-gf253f5da553e).
2026-07-20T22:54:10.827078+02:00 HOST-REDACTED-A steam[20412]: ffmpeg verbose: Driver not found in known nonstandard list, using standard behaviour.
2026-07-20T22:54:10.827378+02:00 HOST-REDACTED-A steam[20412]: ffmpeg verbose: Input surface format is nv12.
2026-07-20T22:54:10.827405+02:00 HOST-REDACTED-A steam[20412]: ffmpeg verbose: Using VAAPI profile VAProfileHEVCMain (17).
2026-07-20T22:54:10.827405+02:00 HOST-REDACTED-A steam[20412]: ffmpeg verbose: Using VAAPI entrypoint VAEntrypointEncSlice (6).
2026-07-20T22:54:10.827405+02:00 HOST-REDACTED-A steam[20412]: ffmpeg verbose: Using VAAPI render target format YUV420 (0x1).
2026-07-20T22:54:10.827405+02:00 HOST-REDACTED-A steam[20412]: ffmpeg verbose: Using CTU size 32x32, min CB size 16x16.
2026-07-20T22:54:10.827405+02:00 HOST-REDACTED-A steam[20412]: ffmpeg verbose: RC mode: VBR.
2026-07-20T22:54:10.827405+02:00 HOST-REDACTED-A steam[20412]: ffmpeg verbose: Block Level bitrate control: OFF.
2026-07-20T22:54:10.827438+02:00 HOST-REDACTED-A steam[20412]: ffmpeg verbose: RC target: 83% of 180000000 bps over 1000 ms.
2026-07-20T22:54:10.827438+02:00 HOST-REDACTED-A steam[20412]: ffmpeg verbose: RC buffer: 180000000 bits, initial fullness 135000000 bits.
2026-07-20T22:54:10.827438+02:00 HOST-REDACTED-A steam[20412]: ffmpeg verbose: RC framerate: 120/1 (120.00 fps).
2026-07-20T22:54:10.827438+02:00 HOST-REDACTED-A steam[20412]: ffmpeg verbose: Using intra and P-frames (supported references: 1 / 0).
2026-07-20T22:54:10.827459+02:00 HOST-REDACTED-A steam[20412]: ffmpeg verbose: All wanted packed headers available (wanted 0xd, found 0x1f).
2026-07-20T22:54:10.827831+02:00 HOST-REDACTED-A steam[20412]: ffmpeg verbose: Using level 6.2.
2026-07-20T22:54:10.827840+02:00 HOST-REDACTED-A steam[20412]: Video Encoder Changed
2026-07-20T22:54:10.829164+02:00 HOST-REDACTED-A steam[20412]: >>> Capture resolution set to 2560x1440
2026-07-20T22:54:10.843699+02:00 HOST-REDACTED-A steam[20412]: gamemodeauto: dlopen failed - libgamemode.so: cannot open shared object file: No such file or directory
2026-07-20T22:54:10.866391+02:00 HOST-REDACTED-A steam[20412]: gamemodeauto: dlopen failed - libgamemode.so: cannot open shared object file: No such file or directory
2026-07-20T22:54:10.867543+02:00 HOST-REDACTED-A steam[20412]: CLIENT: Got control packet k_EStreamControlSetIcon
2026-07-20T22:54:10.867573+02:00 HOST-REDACTED-A steam[20412]: CLIENT: Got control packet k_EStreamControlSetCursor
2026-07-20T22:54:10.867573+02:00 HOST-REDACTED-A steam[20412]: CLIENT: Got control packet k_EStreamControlSetActivity
2026-07-20T22:54:10.867573+02:00 HOST-REDACTED-A steam[20412]: CLIENT: Got control packet k_EStreamControlControllerConfigMsg
2026-07-20T22:54:10.867573+02:00 HOST-REDACTED-A steam[20412]: CLIENT: Got control packet k_EStreamControlSetCursor
2026-07-20T22:54:10.867573+02:00 HOST-REDACTED-A steam[20412]: CLIENT: Got control packet k_EStreamControlSetCaptureSize
2026-07-20T22:54:10.867573+02:00 HOST-REDACTED-A steam[20412]: CLIENT: Got control packet k_EStreamControlSetTitle
2026-07-20T22:54:10.867573+02:00 HOST-REDACTED-A steam[20412]: CLIENT: Got control packet k_EStreamControlSetIcon
2026-07-20T22:54:10.867573+02:00 HOST-REDACTED-A steam[20412]: CLIENT: Got control packet k_EStreamControlHideCursor
2026-07-20T22:54:10.867573+02:00 HOST-REDACTED-A steam[20412]: CLIENT: Got control packet k_EStreamControlSetActivity
2026-07-20T22:54:10.867573+02:00 HOST-REDACTED-A steam[20412]: CLIENT: ffmpeg verbose: Trying to use DRM render node for device 0.
2026-07-20T22:54:10.867573+02:00 HOST-REDACTED-A steam[20412]: CLIENT: ffmpeg verbose: libva: VA-API version 1.22.0
2026-07-20T22:54:10.867573+02:00 HOST-REDACTED-A steam[20412]: CLIENT: ffmpeg verbose: libva: Trying to open /usr/lib/dri/radeonsi_drv_video.so
2026-07-20T22:54:10.867573+02:00 HOST-REDACTED-A steam[20412]: CLIENT: ffmpeg verbose: libva: Found init function __vaDriverInit_1_22
2026-07-20T22:54:10.867657+02:00 HOST-REDACTED-A steam[20412]: CLIENT: ffmpeg verbose: libva: va_openDriver() returns 0
2026-07-20T22:54:10.867657+02:00 HOST-REDACTED-A steam[20412]: CLIENT: ffmpeg verbose: Initialised VAAPI connection: version 1.22
2026-07-20T22:54:10.867657+02:00 HOST-REDACTED-A steam[20412]: CLIENT: ffmpeg verbose: VAAPI driver: Mesa Gallium driver 26.1.2 for AMD Radeon RX 9060 XT (radeonsi, gfx1200, ACO, DRM 3.64, 6.16.12-drmexec7-valve24.5-1-neptune-616-drm-exec-gf253f5da553e).
2026-07-20T22:54:10.867657+02:00 HOST-REDACTED-A steam[20412]: CLIENT: ffmpeg verbose: Driver not found in known nonstandard list, using standard behaviour.
2026-07-20T22:54:10.867657+02:00 HOST-REDACTED-A steam[20412]: CLIENT: VAAPI DRM hardware decoding
2026-07-20T22:54:10.867657+02:00 HOST-REDACTED-A steam[20412]: CLIENT: Texture rect: 2560x1440 at 0,0
2026-07-20T22:54:10.867657+02:00 HOST-REDACTED-A steam[20412]: CLIENT: Video rect: 3840x1600 at 0,280
2026-07-20T22:54:10.867657+02:00 HOST-REDACTED-A steam[20412]: CLIENT: Video size: 2560x1440, output size: 3840x2160, overlay size: 3840x2160
2026-07-20T22:54:10.867657+02:00 HOST-REDACTED-A steam[20412]: CLIENT: Texture rect: 2560x1440 at 0,0
2026-07-20T22:54:10.867657+02:00 HOST-REDACTED-A steam[20412]: CLIENT: Video rect: 3840x2160 at 0,0
2026-07-20T22:54:10.867657+02:00 HOST-REDACTED-A steam[20412]: CLIENT: Texture rect: 2560x1440 at 0,0
2026-07-20T22:54:10.867657+02:00 HOST-REDACTED-A steam[20412]: CLIENT: Video rect: 3840x2160 at 0,0
2026-07-20T22:54:10.893113+02:00 HOST-REDACTED-A steam[20412]: gamemodeauto: dlopen failed - libgamemode.so: cannot open shared object file: No such file or directory
2026-07-20T22:54:10.917721+02:00 HOST-REDACTED-A steam[20412]: Adding process 182207 for gameID 2369390
2026-07-20T22:54:10.917993+02:00 HOST-REDACTED-A steam[20412]: Adding process 182209 for gameID 2369390
2026-07-20T22:54:10.918314+02:00 HOST-REDACTED-A steam[20412]: CLIENT: Got control packet k_EStreamControlControllerConfigMsg
2026-07-20T22:54:10.920283+02:00 HOST-REDACTED-A steam[20412]: gamemodeauto: dlopen failed - libgamemode.so: cannot open shared object file: No such file or directory
2026-07-20T22:54:10.947180+02:00 HOST-REDACTED-A steam[20412]: gamemodeauto: dlopen failed - libgamemode.so: cannot open shared object file: No such file or directory
2026-07-20T22:54:10.968917+02:00 HOST-REDACTED-A steam[20412]: Adding process 182211 for gameID 2369390
2026-07-20T22:54:10.969737+02:00 HOST-REDACTED-A steam[20412]: Adding process 182213 for gameID 2369390
2026-07-20T22:54:11.020371+02:00 HOST-REDACTED-A steam[20412]: Adding process 182216 for gameID 2369390
2026-07-20T22:54:11.044530+02:00 HOST-REDACTED-A steam[20412]: gamemodeauto: dlopen failed - libgamemode.so: cannot open shared object file: No such file or directory
2026-07-20T22:54:11.078973+02:00 HOST-REDACTED-A steam[20412]: wine client error:6a4: write: Bad file descriptor
2026-07-20T22:54:11.083187+02:00 HOST-REDACTED-A steam[20412]: gamemodeauto: dlopen failed - libgamemode.so: cannot open shared object file: No such file or directory
2026-07-20T22:54:11.171951+02:00 HOST-REDACTED-A steam[20412]: Adding process 182261 for gameID 2369390
2026-07-20T22:54:11.967426+02:00 HOST-REDACTED-A steam[20412]: gamemodeauto: dlopen failed - libgamemode.so: cannot open shared object file: No such file or directory
2026-07-20T22:54:12.028862+02:00 HOST-REDACTED-A steam[20412]: Adding process 182294 for gameID 2369390
2026-07-20T22:54:12.057926+02:00 HOST-REDACTED-A steam[20412]: [Gamescope WSI] Destroying swapchain: 0x7efbd82044b0
2026-07-20T22:54:12.058436+02:00 HOST-REDACTED-A steam[20412]: [Gamescope WSI] Destroyed swapchain: 0x7efbd82044b0
2026-07-20T22:54:12.058945+02:00 HOST-REDACTED-A steam[20412]: [Gamescope WSI] Creating swapchain for xid: 0x3c00de9 - oldSwapchain: (nil) - provided minImageCount: 3 - minImageCount: 3 - format: VK_FORMAT_R8G8B8A8_UNORM - colorspace: VK_COLOR_SPACE_SRGB_NONLINEAR_KHR - flip: true
2026-07-20T22:54:12.059595+02:00 HOST-REDACTED-A steam[20412]: [Gamescope WSI] Created swapchain for xid: 0x3c00de9 swapchain: 0x7efbd82044b0 - imageCount: 3
2026-07-20T22:54:16.487041+02:00 HOST-REDACTED-A steam[20412]: [Gamescope WSI] Destroying swapchain: 0x7efbd82044b0
2026-07-20T22:54:16.487379+02:00 HOST-REDACTED-A steam[20412]: [Gamescope WSI] Destroyed swapchain: 0x7efbd82044b0
2026-07-20T22:54:16.488032+02:00 HOST-REDACTED-A steam[20412]: [Gamescope WSI] Creating swapchain for xid: 0x3c00de9 - oldSwapchain: (nil) - provided minImageCount: 3 - minImageCount: 3 - format: VK_FORMAT_R8G8B8A8_UNORM - colorspace: VK_COLOR_SPACE_SRGB_NONLINEAR_KHR - flip: true
2026-07-20T22:54:16.488965+02:00 HOST-REDACTED-A steam[20412]: [Gamescope WSI] Created swapchain for xid: 0x3c00de9 swapchain: 0x7efbd82044b0 - imageCount: 3
2026-07-20T22:54:18.553681+02:00 HOST-REDACTED-A steam[20412]: [Gamescope WSI] Destroying swapchain: 0x7efbd82044b0
2026-07-20T22:54:18.553965+02:00 HOST-REDACTED-A steam[20412]: [Gamescope WSI] Destroyed swapchain: 0x7efbd82044b0
2026-07-20T22:54:18.554454+02:00 HOST-REDACTED-A steam[20412]: [Gamescope WSI] Creating swapchain for xid: 0x3c00de9 - oldSwapchain: (nil) - provided minImageCount: 3 - minImageCount: 3 - format: VK_FORMAT_R8G8B8A8_UNORM - colorspace: VK_COLOR_SPACE_SRGB_NONLINEAR_KHR - flip: true
2026-07-20T22:54:18.555163+02:00 HOST-REDACTED-A steam[20412]: [Gamescope WSI] Created swapchain for xid: 0x3c00de9 swapchain: 0x7efbd82044b0 - imageCount: 3
2026-07-20T22:54:20.904011+02:00 HOST-REDACTED-A steam[20412]: [Gamescope WSI] Destroying swapchain: 0x7efbd82044b0
2026-07-20T22:54:20.904427+02:00 HOST-REDACTED-A steam[20412]: [Gamescope WSI] Destroyed swapchain: 0x7efbd82044b0
2026-07-20T22:54:20.904975+02:00 HOST-REDACTED-A steam[20412]: [Gamescope WSI] Creating swapchain for xid: 0x3c00de9 - oldSwapchain: (nil) - provided minImageCount: 3 - minImageCount: 3 - format: VK_FORMAT_R8G8B8A8_UNORM - colorspace: VK_COLOR_SPACE_SRGB_NONLINEAR_KHR - flip: true
2026-07-20T22:54:20.906097+02:00 HOST-REDACTED-A steam[20412]: [Gamescope WSI] Created swapchain for xid: 0x3c00de9 swapchain: 0x7efbd82044b0 - imageCount: 3
2026-07-20T22:54:24.745289+02:00 HOST-REDACTED-A steam[20412]: [Gamescope WSI] Destroying swapchain: 0x7efbd82044b0
2026-07-20T22:54:24.745710+02:00 HOST-REDACTED-A steam[20412]: [Gamescope WSI] Destroyed swapchain: 0x7efbd82044b0
2026-07-20T22:54:24.746284+02:00 HOST-REDACTED-A steam[20412]: [Gamescope WSI] Creating swapchain for xid: 0x3c00de9 - oldSwapchain: (nil) - provided minImageCount: 3 - minImageCount: 3 - format: VK_FORMAT_R8G8B8A8_UNORM - colorspace: VK_COLOR_SPACE_SRGB_NONLINEAR_KHR - flip: true
2026-07-20T22:54:24.747400+02:00 HOST-REDACTED-A steam[20412]: [Gamescope WSI] Created swapchain for xid: 0x3c00de9 swapchain: 0x7efbd82044b0 - imageCount: 3
2026-07-20T22:54:25.013320+02:00 HOST-REDACTED-A steam[20412]: GameScope focus changed to appID 2369390
2026-07-20T22:54:27.324339+02:00 HOST-REDACTED-A steam[20412]: GameScope focus changed to appID 2369390
2026-07-20T22:54:39.732408+02:00 HOST-REDACTED-A steam[20412]: [Gamescope WSI] Destroying swapchain: 0x7efbd82044b0
2026-07-20T22:54:39.732674+02:00 HOST-REDACTED-A steam[20412]: [Gamescope WSI] Destroyed swapchain: 0x7efbd82044b0
2026-07-20T22:54:39.733465+02:00 HOST-REDACTED-A steam[20412]: [Gamescope WSI] Creating Gamescope surface: xid: 0x3c00df6
2026-07-20T22:54:39.733623+02:00 HOST-REDACTED-A steam[20412]: [Gamescope WSI] Atom of T was wrong type. Expected XCB_ATOM_CARDINAL.
2026-07-20T22:54:39.733656+02:00 HOST-REDACTED-A steam[20412]: [Gamescope WSI] Made gamescope surface for xid: 0x3c00df6
2026-07-20T22:54:39.733665+02:00 HOST-REDACTED-A steam[20412]: [Gamescope WSI] Surface state:
2026-07-20T22:54:39.733665+02:00 HOST-REDACTED-A steam[20412]:   steam app id:                  2369390
2026-07-20T22:54:39.733665+02:00 HOST-REDACTED-A steam[20412]:   window xid:                    0x3c00df6
2026-07-20T22:54:39.733689+02:00 HOST-REDACTED-A steam[20412]:   wayland surface res id:        10
2026-07-20T22:54:39.733689+02:00 HOST-REDACTED-A steam[20412]:   layer client flags:            0x4
2026-07-20T22:54:39.733689+02:00 HOST-REDACTED-A steam[20412]:   server hdr output enabled:     false
2026-07-20T22:54:39.733689+02:00 HOST-REDACTED-A steam[20412]:   hdr formats exposed to client: false
2026-07-20T22:54:39.735536+02:00 HOST-REDACTED-A steam[20412]: [Gamescope WSI] Creating swapchain for xid: 0x3c00df6 - oldSwapchain: (nil) - provided minImageCount: 3 - minImageCount: 3 - format: VK_FORMAT_R8G8B8A8_UNORM - colorspace: VK_COLOR_SPACE_SRGB_NONLINEAR_KHR - flip: true
2026-07-20T22:54:39.735877+02:00 HOST-REDACTED-A steam[20412]: Adding window 62918133 (4) for process 182074 and gameID 2369390
2026-07-20T22:54:39.736032+02:00 HOST-REDACTED-A steam[20412]: GameScope focus changed to appID 2369390
2026-07-20T22:54:39.736368+02:00 HOST-REDACTED-A steam[20412]: [Gamescope WSI] Created swapchain for xid: 0x3c00df6 swapchain: 0x7efbd82044b0 - imageCount: 3
2026-07-20T22:54:39.756682+02:00 HOST-REDACTED-A steam[20412]: [Gamescope WSI] Destroying swapchain: 0x7efbd82044b0
2026-07-20T22:54:39.756985+02:00 HOST-REDACTED-A steam[20412]: [Gamescope WSI] Destroyed swapchain: 0x7efbd82044b0
2026-07-20T22:54:39.757541+02:00 HOST-REDACTED-A steam[20412]: [Gamescope WSI] Creating swapchain for xid: 0x3c00df6 - oldSwapchain: (nil) - provided minImageCount: 3 - minImageCount: 3 - format: VK_FORMAT_R8G8B8A8_UNORM - colorspace: VK_COLOR_SPACE_SRGB_NONLINEAR_KHR - flip: true
2026-07-20T22:54:39.758394+02:00 HOST-REDACTED-A steam[20412]: [Gamescope WSI] Created swapchain for xid: 0x3c00df6 swapchain: 0x7efbd82044b0 - imageCount: 3
2026-07-20T22:54:39.763690+02:00 HOST-REDACTED-A steam[20412]: [Gamescope WSI] Swapchain received new refresh cycle: 8.33ms
2026-07-20T22:54:57.514060+02:00 HOST-REDACTED-A steam[20412]: Audio mix: start=44303575743, returned=2880000
2026-07-20T22:54:57.514285+02:00 HOST-REDACTED-A steam[20412]: Audio source [System Pulse]: init=44303665363, adjustment=0, through=2880941, last_start=2880461, mixed=2877120, drop_before=0, drop_after=0
2026-07-20T22:54:57.596254+02:00 HOST-REDACTED-A steam[20412]: [Gamescope WSI] Destroying swapchain: 0x7efbd82044b0
2026-07-20T22:54:57.596508+02:00 HOST-REDACTED-A steam[20412]: [Gamescope WSI] Destroyed swapchain: 0x7efbd82044b0
2026-07-20T22:54:57.597135+02:00 HOST-REDACTED-A steam[20412]: [Gamescope WSI] Creating Gamescope surface: xid: 0x3c00df9
2026-07-20T22:54:57.597310+02:00 HOST-REDACTED-A steam[20412]: [Gamescope WSI] Atom of T was wrong type. Expected XCB_ATOM_CARDINAL.
2026-07-20T22:54:57.597353+02:00 HOST-REDACTED-A steam[20412]: [Gamescope WSI] Made gamescope surface for xid: 0x3c00df9
2026-07-20T22:54:57.597368+02:00 HOST-REDACTED-A steam[20412]: [Gamescope WSI] Surface state:
2026-07-20T22:54:57.597376+02:00 HOST-REDACTED-A steam[20412]:   steam app id:                  2369390
2026-07-20T22:54:57.597376+02:00 HOST-REDACTED-A steam[20412]:   window xid:                    0x3c00df9
2026-07-20T22:54:57.597391+02:00 HOST-REDACTED-A steam[20412]:   wayland surface res id:        91
2026-07-20T22:54:57.597391+02:00 HOST-REDACTED-A steam[20412]:   layer client flags:            0x4
2026-07-20T22:54:57.597391+02:00 HOST-REDACTED-A steam[20412]:   server hdr output enabled:     false
2026-07-20T22:54:57.597391+02:00 HOST-REDACTED-A steam[20412]:   hdr formats exposed to client: false
2026-07-20T22:54:57.599977+02:00 HOST-REDACTED-A steam[20412]: [Gamescope WSI] Creating swapchain for xid: 0x3c00df9 - oldSwapchain: (nil) - provided minImageCount: 3 - minImageCount: 3 - format: VK_FORMAT_R8G8B8A8_UNORM - colorspace: VK_COLOR_SPACE_SRGB_NONLINEAR_KHR - flip: true
2026-07-20T22:54:57.600700+02:00 HOST-REDACTED-A steam[20412]: [Gamescope WSI] Created swapchain for xid: 0x3c00df9 swapchain: 0x7efbd81f8680 - imageCount: 3
2026-07-20T22:54:57.627849+02:00 HOST-REDACTED-A steam[20412]: GameScope focus changed to appID 2369390
2026-07-20T22:54:57.630381+02:00 HOST-REDACTED-A steam[20412]: [Gamescope WSI] Destroying swapchain: 0x7efbd81f8680
2026-07-20T22:54:57.630596+02:00 HOST-REDACTED-A steam[20412]: [Gamescope WSI] Destroyed swapchain: 0x7efbd81f8680
2026-07-20T22:54:57.631018+02:00 HOST-REDACTED-A steam[20412]: [Gamescope WSI] Creating swapchain for xid: 0x3c00df9 - oldSwapchain: (nil) - provided minImageCount: 3 - minImageCount: 3 - format: VK_FORMAT_R8G8B8A8_UNORM - colorspace: VK_COLOR_SPACE_SRGB_NONLINEAR_KHR - flip: true
2026-07-20T22:54:57.631642+02:00 HOST-REDACTED-A steam[20412]: [Gamescope WSI] Created swapchain for xid: 0x3c00df9 swapchain: 0x7efbd81f8680 - imageCount: 3
2026-07-20T22:54:57.678498+02:00 HOST-REDACTED-A steam[20412]: CLIENT: Got video sequence 7195, expected 7194, sending lost data notification
2026-07-20T22:54:57.728861+02:00 HOST-REDACTED-A steam[20412]: CLIENT: Marking frame 7195 complete with status k_EStreamFrameResultDroppedReset
2026-07-20T22:54:57.728896+02:00 HOST-REDACTED-A steam[20412]: CLIENT: Marking frame 7196 complete with status k_EStreamFrameResultDroppedReset
2026-07-20T22:54:57.728896+02:00 HOST-REDACTED-A steam[20412]: GameScope focus changed to appID 2369390
2026-07-20T22:55:27.729929+02:00 HOST-REDACTED-A steam[20412]: CLIENT: Got video sequence 10798, expected 10797, sending lost data notification
2026-07-20T22:55:27.730171+02:00 HOST-REDACTED-A steam[20412]: CLIENT: Marking frame 10798 complete with status k_EStreamFrameResultDroppedReset
2026-07-20T22:55:27.730171+02:00 HOST-REDACTED-A steam[20412]: CLIENT: Marking frame 10799 complete with status k_EStreamFrameResultDroppedReset
2026-07-20T22:55:39.862476+02:00 HOST-REDACTED-A steam[20412]: [Gamescope WSI] Destroying swapchain: 0x7efbd81f8680
2026-07-20T22:55:39.862752+02:00 HOST-REDACTED-A steam[20412]: [Gamescope WSI] Destroyed swapchain: 0x7efbd81f8680
2026-07-20T22:55:39.863247+02:00 HOST-REDACTED-A steam[20412]: [Gamescope WSI] Creating swapchain for xid: 0x3c00df9 - oldSwapchain: (nil) - provided minImageCount: 3 - minImageCount: 3 - format: VK_FORMAT_R8G8B8A8_UNORM - colorspace: VK_COLOR_SPACE_SRGB_NONLINEAR_KHR - flip: true
2026-07-20T22:55:39.864238+02:00 HOST-REDACTED-A steam[20412]: [Gamescope WSI] Created swapchain for xid: 0x3c00df9 swapchain: 0x7efbd81f8680 - imageCount: 3
2026-07-20T22:55:57.521242+02:00 HOST-REDACTED-A steam[20412]: Audio mix: start=44303575743, returned=5760480
2026-07-20T22:55:57.521427+02:00 HOST-REDACTED-A steam[20412]: Audio source [System Pulse]: init=44303665363, adjustment=0, through=5761421, last_start=5760941, mixed=2880480, drop_before=0, drop_after=0
2026-07-20T22:56:01.535388+02:00 HOST-REDACTED-A steam[20412]: gamemodeauto: dlopen failed - libgamemode.so: cannot open shared object file: No such file or directory
2026-07-20T22:56:01.583837+02:00 HOST-REDACTED-A steam[20412]: Adding process 182489 for gameID 2369390
2026-07-20T22:56:01.625348+02:00 HOST-REDACTED-A steam[20412]: ATTENTION: default value of option vk_xwayland_wait_ready overridden by environment.
2026-07-20T22:56:01.625407+02:00 HOST-REDACTED-A steam[20412]: ATTENTION: default value of option vk_wsi_force_swapchain_to_current_extent overridden by environment.
2026-07-20T22:56:01.626052+02:00 HOST-REDACTED-A steam[20412]: ATTENTION: default value of option vk_xwayland_wait_ready overridden by environment.
2026-07-20T22:56:01.626063+02:00 HOST-REDACTED-A steam[20412]: ATTENTION: default value of option vk_wsi_force_swapchain_to_current_extent overridden by environment.
2026-07-20T22:56:01.626881+02:00 HOST-REDACTED-A steam[20412]: [Gamescope WSI] Application info:
2026-07-20T22:56:01.626889+02:00 HOST-REDACTED-A steam[20412]:   pApplicationName: UplayWebCore.exe
2026-07-20T22:56:01.626889+02:00 HOST-REDACTED-A steam[20412]:   applicationVersion: 0
2026-07-20T22:56:01.626889+02:00 HOST-REDACTED-A steam[20412]:   pEngineName: DXVK
2026-07-20T22:56:01.626889+02:00 HOST-REDACTED-A steam[20412]:   engineVersion: 12582912
2026-07-20T22:56:01.626913+02:00 HOST-REDACTED-A steam[20412]:   apiVersion: 4206592
2026-07-20T22:56:01.626913+02:00 HOST-REDACTED-A steam[20412]: [Gamescope WSI] Executable name: UplayWebCore.exe
2026-07-20T22:56:01.629498+02:00 HOST-REDACTED-A steam[20412]: WARNING: radv is not a conformant Vulkan implementation, testing use only.
2026-07-20T22:56:01.632805+02:00 HOST-REDACTED-A steam[20412]: ATTENTION: default value of option vk_xwayland_wait_ready overridden by environment.
2026-07-20T22:56:01.632833+02:00 HOST-REDACTED-A steam[20412]: ATTENTION: default value of option vk_wsi_force_swapchain_to_current_extent overridden by environment.
2026-07-20T22:56:01.633516+02:00 HOST-REDACTED-A steam[20412]: ATTENTION: default value of option vk_xwayland_wait_ready overridden by environment.
2026-07-20T22:56:01.633524+02:00 HOST-REDACTED-A steam[20412]: ATTENTION: default value of option vk_wsi_force_swapchain_to_current_extent overridden by environment.
2026-07-20T22:56:01.634472+02:00 HOST-REDACTED-A steam[20412]: [Gamescope WSI] No application info given.
2026-07-20T22:56:01.635029+02:00 HOST-REDACTED-A steam[20412]: WARNING: radv is not a conformant Vulkan implementation, testing use only.
2026-07-20T22:56:01.639226+02:00 HOST-REDACTED-A steam[20412]: [Gamescope WSI] Forcing on VK_EXT_swapchain_maintenance1.
2026-07-20T22:56:01.641516+02:00 HOST-REDACTED-A steam[20412]: Fossilize INFO: Overriding serialization path: "/<USER-REDACTED>/.local/share/Steam/steamapps/shadercache/2369390/fozpipelinesv6/steamapprun_pipeline_cache".
2026-07-20T22:56:01.644808+02:00 HOST-REDACTED-A steam[20412]: [Gamescope WSI] Forcing on VK_EXT_swapchain_maintenance1.
2026-07-20T22:56:01.754076+02:00 HOST-REDACTED-A steam[20412]: ATTENTION: default value of option vk_xwayland_wait_ready overridden by environment.
2026-07-20T22:56:01.754130+02:00 HOST-REDACTED-A steam[20412]: ATTENTION: default value of option vk_wsi_force_swapchain_to_current_extent overridden by environment.
2026-07-20T22:56:01.754771+02:00 HOST-REDACTED-A steam[20412]: ATTENTION: default value of option vk_xwayland_wait_ready overridden by environment.
2026-07-20T22:56:01.754780+02:00 HOST-REDACTED-A steam[20412]: ATTENTION: default value of option vk_wsi_force_swapchain_to_current_extent overridden by environment.
2026-07-20T22:56:01.755692+02:00 HOST-REDACTED-A steam[20412]: [Gamescope WSI] Application info:
2026-07-20T22:56:01.755692+02:00 HOST-REDACTED-A steam[20412]:   pApplicationName: UplayWebCore.exe
2026-07-20T22:56:01.755692+02:00 HOST-REDACTED-A steam[20412]:   applicationVersion: 0
2026-07-20T22:56:01.755738+02:00 HOST-REDACTED-A steam[20412]:   pEngineName: DXVK
2026-07-20T22:56:01.755738+02:00 HOST-REDACTED-A steam[20412]:   engineVersion: 12582912
2026-07-20T22:56:01.755738+02:00 HOST-REDACTED-A steam[20412]:   apiVersion: 4206592
2026-07-20T22:56:01.756312+02:00 HOST-REDACTED-A steam[20412]: WARNING: radv is not a conformant Vulkan implementation, testing use only.
2026-07-20T22:56:01.764133+02:00 HOST-REDACTED-A steam[20412]: ATTENTION: default value of option vk_xwayland_wait_ready overridden by environment.
2026-07-20T22:56:01.764163+02:00 HOST-REDACTED-A steam[20412]: ATTENTION: default value of option vk_wsi_force_swapchain_to_current_extent overridden by environment.
2026-07-20T22:56:01.764798+02:00 HOST-REDACTED-A steam[20412]: ATTENTION: default value of option vk_xwayland_wait_ready overridden by environment.
2026-07-20T22:56:01.764809+02:00 HOST-REDACTED-A steam[20412]: ATTENTION: default value of option vk_wsi_force_swapchain_to_current_extent overridden by environment.
2026-07-20T22:56:01.765590+02:00 HOST-REDACTED-A steam[20412]: [Gamescope WSI] Application info:
2026-07-20T22:56:01.765604+02:00 HOST-REDACTED-A steam[20412]:   pApplicationName: UplayWebCore.exe
2026-07-20T22:56:01.765604+02:00 HOST-REDACTED-A steam[20412]:   applicationVersion: 0
2026-07-20T22:56:01.765604+02:00 HOST-REDACTED-A steam[20412]:   pEngineName: vkd3d
2026-07-20T22:56:01.765604+02:00 HOST-REDACTED-A steam[20412]:   engineVersion: 12587008
2026-07-20T22:56:01.765604+02:00 HOST-REDACTED-A steam[20412]:   apiVersion: 4206592
2026-07-20T22:56:01.766169+02:00 HOST-REDACTED-A steam[20412]: WARNING: radv is not a conformant Vulkan implementation, testing use only.
2026-07-20T22:56:01.845751+02:00 HOST-REDACTED-A steam[20412]: [Gamescope WSI] Forcing on VK_EXT_swapchain_maintenance1.
2026-07-20T22:56:01.848182+02:00 HOST-REDACTED-A steam[20412]: Fossilize INFO: Overriding serialization path: "/<USER-REDACTED>/.local/share/Steam/steamapps/shadercache/2369390/fozpipelinesv6/steamapprun_pipeline_cache".
2026-07-20T22:56:51.003249+02:00 HOST-REDACTED-A steam[20412]: [Gamescope WSI] Destroying swapchain: 0x7efbd81f8680
2026-07-20T22:56:51.010695+02:00 HOST-REDACTED-A steam[20412]: [Gamescope WSI] Destroyed swapchain: 0x7efbd81f8680
2026-07-20T22:56:51.010695+02:00 HOST-REDACTED-A steam[20412]: [Gamescope WSI] Creating swapchain for xid: 0x3c00df9 - oldSwapchain: (nil) - provided minImageCount: 3 - minImageCount: 3 - format: VK_FORMAT_R8G8B8A8_UNORM - colorspace: VK_COLOR_SPACE_SRGB_NONLINEAR_KHR - flip: true
2026-07-20T22:56:51.010695+02:00 HOST-REDACTED-A steam[20412]: [Gamescope WSI] Created swapchain for xid: 0x3c00df9 swapchain: 0x7efbd81f8680 - imageCount: 3
2026-07-20T22:56:57.525900+02:00 HOST-REDACTED-A steam[20412]: Audio mix: start=44303575743, returned=8640480
2026-07-20T22:56:57.526145+02:00 HOST-REDACTED-A steam[20412]: Audio source [System Pulse]: init=44303665363, adjustment=0, through=8641421, last_start=8640941, mixed=2880000, drop_before=0, drop_after=0
2026-07-20T22:57:01.263020+02:00 HOST-REDACTED-A steam[20412]: [Gamescope WSI] Destroying swapchain: 0x7efbd81f8680
2026-07-20T22:57:01.263320+02:00 HOST-REDACTED-A steam[20412]: [Gamescope WSI] Destroyed swapchain: 0x7efbd81f8680
2026-07-20T22:57:01.263761+02:00 HOST-REDACTED-A steam[20412]: [Gamescope WSI] Creating swapchain for xid: 0x3c00df9 - oldSwapchain: (nil) - provided minImageCount: 3 - minImageCount: 3 - format: VK_FORMAT_R8G8B8A8_UNORM - colorspace: VK_COLOR_SPACE_SRGB_NONLINEAR_KHR - flip: true
2026-07-20T22:57:01.264344+02:00 HOST-REDACTED-A steam[20412]: [Gamescope WSI] Created swapchain for xid: 0x3c00df9 swapchain: 0x7efbd81f8680 - imageCount: 3
2026-07-20T22:57:03.145406+02:00 HOST-REDACTED-A steam[20412]: [Gamescope WSI] Destroying swapchain: 0x7efbd81f8680
2026-07-20T22:57:03.145688+02:00 HOST-REDACTED-A steam[20412]: [Gamescope WSI] Destroyed swapchain: 0x7efbd81f8680
2026-07-20T22:57:03.146286+02:00 HOST-REDACTED-A steam[20412]: [Gamescope WSI] Creating swapchain for xid: 0x3c00df9 - oldSwapchain: (nil) - provided minImageCount: 3 - minImageCount: 3 - format: VK_FORMAT_R8G8B8A8_UNORM - colorspace: VK_COLOR_SPACE_SRGB_NONLINEAR_KHR - flip: true
2026-07-20T22:57:03.147201+02:00 HOST-REDACTED-A steam[20412]: [Gamescope WSI] Created swapchain for xid: 0x3c00df9 swapchain: 0x7efbd81f8680 - imageCount: 3
2026-07-20T22:57:14.495831+02:00 HOST-REDACTED-A steam[20412]: gamemodeauto: dlopen failed - libgamemode.so: cannot open shared object file: No such file or directory
2026-07-20T22:57:14.500819+02:00 HOST-REDACTED-A steam[20412]: Adding window 44040210 (4) for process 181759 and gameID 2369390
2026-07-20T22:57:14.500892+02:00 HOST-REDACTED-A steam[20412]: GameScope focus changed to Steam
2026-07-20T22:57:14.500923+02:00 HOST-REDACTED-A steam[20412]: Window title set to Steam Big Picture Mode
2026-07-20T22:57:14.500991+02:00 HOST-REDACTED-A steam[20412]: Changing record window: 0x2400035 (37748789)
2026-07-20T22:57:14.500997+02:00 HOST-REDACTED-A steam[20412]: Video capture state changed
2026-07-20T22:57:14.501010+02:00 HOST-REDACTED-A steam[20412]: SynchronizeClientState(): setting capture size 3440x1440
2026-07-20T22:57:14.501043+02:00 HOST-REDACTED-A steam[20412]: SynchronizeClientState(): setting title to Steam Big Picture Mode
2026-07-20T22:57:14.501060+02:00 HOST-REDACTED-A steam[20412]: SynchronizeClientState(): setting icon 128x128
2026-07-20T22:57:14.501215+02:00 HOST-REDACTED-A steam[20412]: SynchronizeClientState(): setting cursor visible
2026-07-20T22:57:14.501235+02:00 HOST-REDACTED-A steam[20412]: SynchronizeClientState(): setting cursor to 46
2026-07-20T22:57:14.501250+02:00 HOST-REDACTED-A steam[20412]: SynchronizeClientState(): setting activity to k_EStreamActivityDesktop: Steam Controller Configs - Desktop
2026-07-20T22:57:14.502513+02:00 HOST-REDACTED-A steam[20412]: "SessionStats"
2026-07-20T22:57:14.502525+02:00 HOST-REDACTED-A steam[20412]: {
2026-07-20T22:57:14.502525+02:00 HOST-REDACTED-A steam[20412]:         "GameNameID"                "Far Cry 6"
2026-07-20T22:57:14.502525+02:00 HOST-REDACTED-A steam[20412]:         "appid"                "2369390"
2026-07-20T22:57:14.502525+02:00 HOST-REDACTED-A steam[20412]:         "TimeSubmitted"                "1784581034"
2026-07-20T22:57:14.502525+02:00 HOST-REDACTED-A steam[20412]:         "ResolutionX"                "2560"
2026-07-20T22:57:14.502567+02:00 HOST-REDACTED-A steam[20412]:         "ResolutionY"                "1440"
2026-07-20T22:57:14.502567+02:00 HOST-REDACTED-A steam[20412]:         "CaptureDescriptionID"                "Desktop PipeWire NV12 DMABUF + VAAPI HEVC"
2026-07-20T22:57:14.502567+02:00 HOST-REDACTED-A steam[20412]:         "DecoderDescriptionID"                "VAAPI DRM hardware decoding"
2026-07-20T22:57:14.502567+02:00 HOST-REDACTED-A steam[20412]:         "BandwidthLimit"                "150000"
2026-07-20T22:57:14.502567+02:00 HOST-REDACTED-A steam[20412]:         "FramerateLimit"                "120"
2026-07-20T22:57:14.502567+02:00 HOST-REDACTED-A steam[20412]:         "Transport"                "1"
2026-07-20T22:57:14.502567+02:00 HOST-REDACTED-A steam[20412]:         "SlowGamePercent"                "0"
2026-07-20T22:57:14.502567+02:00 HOST-REDACTED-A steam[20412]:         "SlowCapturePercent"                "0"
2026-07-20T22:57:14.502567+02:00 HOST-REDACTED-A steam[20412]:         "SlowConvertPercent"                "0"
2026-07-20T22:57:14.502567+02:00 HOST-REDACTED-A steam[20412]:         "SlowEncodePercent"                "0"
2026-07-20T22:57:14.502567+02:00 HOST-REDACTED-A steam[20412]:         "SlowNetworkPercent"                "0"
2026-07-20T22:57:14.502567+02:00 HOST-REDACTED-A steam[20412]:         "SlowDecodePercent"                "0"
2026-07-20T22:57:14.502567+02:00 HOST-REDACTED-A steam[20412]:         "SlowDisplayPercent"                "0"
2026-07-20T22:57:14.502567+02:00 HOST-REDACTED-A steam[20412]:         "AvgClientBitrate"                "11.2129878997802734"
2026-07-20T22:57:14.502567+02:00 HOST-REDACTED-A steam[20412]:         "StdDevClientBitrate"                "16.3723392486572266"
2026-07-20T22:57:14.502567+02:00 HOST-REDACTED-A steam[20412]:         "AvgServerBitrate"                "119456.796875"
2026-07-20T22:57:14.502567+02:00 HOST-REDACTED-A steam[20412]:         "StdDevServerBitrate"                "204038.34375"
2026-07-20T22:57:14.502567+02:00 HOST-REDACTED-A steam[20412]:         "AvgLinkBandwidth"                "2202832.25"
2026-07-20T22:57:14.502567+02:00 HOST-REDACTED-A steam[20412]:         "AvgPingMS"                "0.206118732690811157"
2026-07-20T22:57:14.502567+02:00 HOST-REDACTED-A steam[20412]:         "StdDevPingMS"                "0.0971638783812522888"
2026-07-20T22:57:14.502567+02:00 HOST-REDACTED-A steam[20412]:         "AvgCaptureMS"                "0"
2026-07-20T22:57:14.502685+02:00 HOST-REDACTED-A steam[20412]:         "StdDevCaptureMS"                "0"
2026-07-20T22:57:14.502685+02:00 HOST-REDACTED-A steam[20412]:         "AvgConvertMS"                "0"
2026-07-20T22:57:14.502685+02:00 HOST-REDACTED-A steam[20412]:         "StdDevConvertMS"                "0"
2026-07-20T22:57:14.502685+02:00 HOST-REDACTED-A steam[20412]:         "AvgEncodeMS"                "0"
2026-07-20T22:57:14.502685+02:00 HOST-REDACTED-A steam[20412]:         "StdDevEncodeMS"                "0"
2026-07-20T22:57:14.502685+02:00 HOST-REDACTED-A steam[20412]:         "AvgNetworkMS"                "0.488490045070648193"
2026-07-20T22:57:14.502685+02:00 HOST-REDACTED-A steam[20412]:         "StdDevNetworkMS"                "0.428773164749145508"
2026-07-20T22:57:14.502685+02:00 HOST-REDACTED-A steam[20412]:         "AvgDecodeMS"                "0.195698440074920654"
2026-07-20T22:57:14.502685+02:00 HOST-REDACTED-A steam[20412]:         "StdDevDecodeMS"                "0.146916568279266357"
2026-07-20T22:57:14.502685+02:00 HOST-REDACTED-A steam[20412]:         "AvgDisplayMS"                "8.14004611968994141"
2026-07-20T22:57:14.502685+02:00 HOST-REDACTED-A steam[20412]:         "StdDevDisplayMS"                "1.58181297779083252"
2026-07-20T22:57:14.502685+02:00 HOST-REDACTED-A steam[20412]:         "AvgFrameMS"                "18.257659912109375"
2026-07-20T22:57:14.502685+02:00 HOST-REDACTED-A steam[20412]:         "StdDevFrameMS"                "3.39621663093566895"
2026-07-20T22:57:14.502685+02:00 HOST-REDACTED-A steam[20412]:         "AvgFPS"                "117.311744689941406"
2026-07-20T22:57:14.502685+02:00 HOST-REDACTED-A steam[20412]:         "StdDevFPS"                "12.9181461334228516"
2026-07-20T22:57:14.502685+02:00 HOST-REDACTED-A steam[20412]:         "BigPicture"                "1"
2026-07-20T22:57:14.502685+02:00 HOST-REDACTED-A steam[20412]:         "KeyboardMouseInput"                "0"
2026-07-20T22:57:14.502685+02:00 HOST-REDACTED-A steam[20412]:         "SteamControllerInput"                "0"
2026-07-20T22:57:14.502685+02:00 HOST-REDACTED-A steam[20412]:         "TouchControllerInput"                "0"
2026-07-20T22:57:14.502685+02:00 HOST-REDACTED-A steam[20412]:         "GameControllerInput"                "1"
2026-07-20T22:57:14.502685+02:00 HOST-REDACTED-A steam[20412]:         "XBox360ControllerInput"                "0"
2026-07-20T22:57:14.502685+02:00 HOST-REDACTED-A steam[20412]:         "XBoxOneControllerInput"                "1"
2026-07-20T22:57:14.502685+02:00 HOST-REDACTED-A steam[20412]:         "PS3ControllerInput"                "0"
2026-07-20T22:57:14.502685+02:00 HOST-REDACTED-A steam[20412]:         "PS4ControllerInput"                "0"
2026-07-20T22:57:14.502685+02:00 HOST-REDACTED-A steam[20412]:         "PS5ControllerInput"                "0"
2026-07-20T22:57:14.502685+02:00 HOST-REDACTED-A steam[20412]:         "OtherControllerInput"                "0"
2026-07-20T22:57:14.502685+02:00 HOST-REDACTED-A steam[20412]:         "GameControllerVID"                "1118"
2026-07-20T22:57:14.502685+02:00 HOST-REDACTED-A steam[20412]:         "GameControllerPID"                "765"
2026-07-20T22:57:14.502685+02:00 HOST-REDACTED-A steam[20412]:         "WasSpectating"                "0"
2026-07-20T22:57:14.502685+02:00 HOST-REDACTED-A steam[20412]:         "RemotePlayTogether"                "0"
2026-07-20T22:57:14.502685+02:00 HOST-REDACTED-A steam[20412]: }
2026-07-20T22:57:14.515960+02:00 HOST-REDACTED-A steam[20412]: CGameStreamVideoStageVAAPI: Reinitializing 3440x1440 at 150000 Kbit/s and 120.00 FPS with quality 1
2026-07-20T22:57:14.517082+02:00 HOST-REDACTED-A steam[20412]: ffmpeg verbose: libva: VA-API version 1.22.0
2026-07-20T22:57:14.517117+02:00 HOST-REDACTED-A steam[20412]: ffmpeg verbose: libva: Trying to open /usr/lib32/dri/radeonsi_drv_video.so
2026-07-20T22:57:14.517117+02:00 HOST-REDACTED-A steam[20412]: ffmpeg verbose: libva: Found init function __vaDriverInit_1_22
2026-07-20T22:57:14.519889+02:00 HOST-REDACTED-A steam[20412]: ffmpeg verbose: libva: va_openDriver() returns 0
2026-07-20T22:57:14.519913+02:00 HOST-REDACTED-A steam[20412]: ffmpeg verbose: Initialised VAAPI connection: version 1.22
2026-07-20T22:57:14.519913+02:00 HOST-REDACTED-A steam[20412]: ffmpeg verbose: VAAPI driver: Mesa Gallium driver 26.1.2 for AMD Ryzen 7 9800X3D 8-Core Processor (radeonsi, raphael_mendocino, ACO, DRM 3.64, 6.16.12-drmexec7-valve24.5-1-neptune-616-drm-exec-gf253f5da553e).
2026-07-20T22:57:14.519932+02:00 HOST-REDACTED-A steam[20412]: ffmpeg verbose: Driver not found in known nonstandard list, using standard behaviour.
2026-07-20T22:57:14.520396+02:00 HOST-REDACTED-A steam[20412]: ffmpeg verbose: Input surface format is nv12.
2026-07-20T22:57:14.520422+02:00 HOST-REDACTED-A steam[20412]: ffmpeg verbose: Using VAAPI profile VAProfileHEVCMain (17).
2026-07-20T22:57:14.520422+02:00 HOST-REDACTED-A steam[20412]: ffmpeg verbose: Using VAAPI entrypoint VAEntrypointEncSlice (6).
2026-07-20T22:57:14.520422+02:00 HOST-REDACTED-A steam[20412]: ffmpeg verbose: Using VAAPI render target format YUV420 (0x1).
2026-07-20T22:57:14.520448+02:00 HOST-REDACTED-A steam[20412]: ffmpeg verbose: Using CTU size 32x32, min CB size 16x16.
2026-07-20T22:57:14.520448+02:00 HOST-REDACTED-A steam[20412]: ffmpeg verbose: RC mode: VBR.
2026-07-20T22:57:14.520448+02:00 HOST-REDACTED-A steam[20412]: ffmpeg verbose: Block Level bitrate control: OFF.
2026-07-20T22:57:14.520448+02:00 HOST-REDACTED-A steam[20412]: ffmpeg verbose: RC target: 83% of 180000000 bps over 1000 ms.
2026-07-20T22:57:14.520448+02:00 HOST-REDACTED-A steam[20412]: ffmpeg verbose: RC buffer: 180000000 bits, initial fullness 135000000 bits.
2026-07-20T22:57:14.520448+02:00 HOST-REDACTED-A steam[20412]: ffmpeg verbose: RC framerate: 120/1 (120.00 fps).
2026-07-20T22:57:14.520529+02:00 HOST-REDACTED-A steam[20412]: ffmpeg verbose: Using intra and P-frames (supported references: 1 / 0).
2026-07-20T22:57:14.520542+02:00 HOST-REDACTED-A steam[20412]: ffmpeg verbose: All wanted packed headers available (wanted 0xd, found 0x1f).
2026-07-20T22:57:14.521055+02:00 HOST-REDACTED-A steam[20412]: ffmpeg verbose: Using level 6.2.
2026-07-20T22:57:14.521055+02:00 HOST-REDACTED-A steam[20412]: Video Encoder Changed
2026-07-20T22:57:14.522741+02:00 HOST-REDACTED-A steam[20412]: >>> Capture resolution set to 3440x1440
2026-07-20T22:57:14.524395+02:00 HOST-REDACTED-A steam[20412]: gamemodeauto: dlopen failed - libgamemode.so: cannot open shared object file: No such file or directory
2026-07-20T22:57:14.548466+02:00 HOST-REDACTED-A steam[20412]: gamemodeauto: dlopen failed - libgamemode.so: cannot open shared object file: No such file or directory
2026-07-20T22:57:14.553326+02:00 HOST-REDACTED-A steam[20412]: Adding process 182630 for gameID 2369390
2026-07-20T22:57:14.559831+02:00 HOST-REDACTED-A steam[20412]: CLIENT: Got control packet k_EStreamControlSetCaptureSize
2026-07-20T22:57:14.559831+02:00 HOST-REDACTED-A steam[20412]: CLIENT: Got control packet k_EStreamControlSetTitle
2026-07-20T22:57:14.559831+02:00 HOST-REDACTED-A steam[20412]: CLIENT: ffmpeg verbose: Trying to use DRM render node for device 0.
2026-07-20T22:57:14.559831+02:00 HOST-REDACTED-A steam[20412]: CLIENT: ffmpeg verbose: libva: VA-API version 1.22.0
2026-07-20T22:57:14.559831+02:00 HOST-REDACTED-A steam[20412]: CLIENT: ffmpeg verbose: libva: Trying to open /usr/lib/dri/radeonsi_drv_video.so
2026-07-20T22:57:14.559831+02:00 HOST-REDACTED-A steam[20412]: CLIENT: ffmpeg verbose: libva: Found init function __vaDriverInit_1_22
2026-07-20T22:57:14.559831+02:00 HOST-REDACTED-A steam[20412]: CLIENT: ffmpeg verbose: libva: va_openDriver() returns 0
2026-07-20T22:57:14.560222+02:00 HOST-REDACTED-A steam[20412]: CLIENT: ffmpeg verbose: Initialised VAAPI connection: version 1.22
2026-07-20T22:57:14.560222+02:00 HOST-REDACTED-A steam[20412]: CLIENT: ffmpeg verbose: VAAPI driver: Mesa Gallium driver 26.1.2 for AMD Radeon RX 9060 XT (radeonsi, gfx1200, ACO, DRM 3.64, 6.16.12-drmexec7-valve24.5-1-neptune-616-drm-exec-gf253f5da553e).
2026-07-20T22:57:14.560222+02:00 HOST-REDACTED-A steam[20412]: CLIENT: ffmpeg verbose: Driver not found in known nonstandard list, using standard behaviour.
2026-07-20T22:57:14.560222+02:00 HOST-REDACTED-A steam[20412]: CLIENT: VAAPI DRM hardware decoding
2026-07-20T22:57:14.560222+02:00 HOST-REDACTED-A steam[20412]: GameScope focus changed to Steam
2026-07-20T22:57:14.610877+02:00 HOST-REDACTED-A steam[20412]: Adding process 182642 for gameID 2369390
2026-07-20T22:57:14.611132+02:00 HOST-REDACTED-A steam[20412]: CLIENT: Texture rect: 3456x1440 at 0,0
2026-07-20T22:57:14.611142+02:00 HOST-REDACTED-A steam[20412]: CLIENT: Video rect: 3840x2160 at 0,0
2026-07-20T22:57:14.611142+02:00 HOST-REDACTED-A steam[20412]: CLIENT: Video size: 3456x1440, output size: 3840x2160, overlay size: 3840x2160
2026-07-20T22:57:14.611156+02:00 HOST-REDACTED-A steam[20412]: CLIENT: Texture rect: 3456x1440 at 0,0
2026-07-20T22:57:14.611156+02:00 HOST-REDACTED-A steam[20412]: CLIENT: Video rect: 3840x1600 at 0,280
2026-07-20T22:57:14.611156+02:00 HOST-REDACTED-A steam[20412]: CLIENT: Texture rect: 3456x1440 at 0,0
2026-07-20T22:57:14.611171+02:00 HOST-REDACTED-A steam[20412]: CLIENT: Video rect: 3840x1600 at 0,280
2026-07-20T22:57:14.611171+02:00 HOST-REDACTED-A steam[20412]: CLIENT: Video size: 3456x1440, output size: 3840x2160, overlay size: 3840x2160
2026-07-20T22:57:14.611171+02:00 HOST-REDACTED-A steam[20412]: CLIENT: Texture rect: 3456x1440 at 0,0
2026-07-20T22:57:14.611171+02:00 HOST-REDACTED-A steam[20412]: CLIENT: Video rect: 3840x1600 at 0,280
2026-07-20T22:57:14.611171+02:00 HOST-REDACTED-A steam[20412]: CLIENT: Texture rect: 3456x1440 at 0,0
2026-07-20T22:57:14.611195+02:00 HOST-REDACTED-A steam[20412]: CLIENT: Video rect: 3840x1600 at 0,280
2026-07-20T22:57:14.611206+02:00 HOST-REDACTED-A steam[20412]: GameScope focus changed to Steam
2026-07-20T22:57:14.661765+02:00 HOST-REDACTED-A steam[20412]: CLIENT: Got control packet k_EStreamControlSetIcon
2026-07-20T22:57:14.661806+02:00 HOST-REDACTED-A steam[20412]: CLIENT: Got control packet k_EStreamControlSetCursor
2026-07-20T22:57:14.661806+02:00 HOST-REDACTED-A steam[20412]: CLIENT: Got control packet k_EStreamControlSetActivity
2026-07-20T22:57:14.661806+02:00 HOST-REDACTED-A steam[20412]: CLIENT: Got control packet k_EStreamControlControllerConfigMsg
2026-07-20T22:57:14.685982+02:00 HOST-REDACTED-A gamescope-session[20269]: [gamescope] [Warn]  xwm: got the same buffer committed twice, ignoring.
2026-07-20T22:57:14.712422+02:00 HOST-REDACTED-A steam[20412]: Adding window 44040212 (4) for process 181759 and gameID 2369390
2026-07-20T22:57:14.712459+02:00 HOST-REDACTED-A steam[20412]: GameScope focus changed to Steam
2026-07-20T22:57:14.712576+02:00 HOST-REDACTED-A steam[20412]: SynchronizeClientState(): setting activity to k_EStreamActivityIdle:
2026-07-20T22:57:14.764212+02:00 HOST-REDACTED-A steam[20412]: CLIENT: Got control packet k_EStreamControlSetActivity
2026-07-20T22:57:14.814770+02:00 HOST-REDACTED-A steam[20412]: GameScope focus changed to appID 2369390
2026-07-20T22:57:14.814818+02:00 HOST-REDACTED-A steam[20412]: Window title set to Ubisoft Connect
2026-07-20T22:57:14.814849+02:00 HOST-REDACTED-A steam[20412]: Changing record window: 0x2a00014 (44040212)
2026-07-20T22:57:14.814861+02:00 HOST-REDACTED-A steam[20412]: Video capture state changed
2026-07-20T22:57:14.814870+02:00 HOST-REDACTED-A steam[20412]: SynchronizeClientState(): setting capture size 2560x1440
2026-07-20T22:57:14.814895+02:00 HOST-REDACTED-A steam[20412]: SynchronizeClientState(): setting title to Ubisoft Connect
2026-07-20T22:57:14.814907+02:00 HOST-REDACTED-A steam[20412]: SynchronizeClientState(): setting icon 32x32
2026-07-20T22:57:14.814931+02:00 HOST-REDACTED-A steam[20412]: SynchronizeClientState(): setting cursor to 2
2026-07-20T22:57:14.814939+02:00 HOST-REDACTED-A steam[20412]: SynchronizeClientState(): setting activity to k_EStreamActivityGame: Far Cry 6
2026-07-20T22:57:14.824330+02:00 HOST-REDACTED-A steam[20412]: CGameStreamVideoStageVAAPI: Reinitializing 2560x1440 at 150000 Kbit/s and 120.00 FPS with quality 1
2026-07-20T22:57:14.825201+02:00 HOST-REDACTED-A steam[20412]: ffmpeg verbose: libva: VA-API version 1.22.0
2026-07-20T22:57:14.825222+02:00 HOST-REDACTED-A steam[20412]: ffmpeg verbose: libva: Trying to open /usr/lib32/dri/radeonsi_drv_video.so
2026-07-20T22:57:14.825222+02:00 HOST-REDACTED-A steam[20412]: ffmpeg verbose: libva: Found init function __vaDriverInit_1_22
2026-07-20T22:57:14.827291+02:00 HOST-REDACTED-A steam[20412]: ffmpeg verbose: libva: va_openDriver() returns 0
2026-07-20T22:57:14.827291+02:00 HOST-REDACTED-A steam[20412]: ffmpeg verbose: Initialised VAAPI connection: version 1.22
2026-07-20T22:57:14.827326+02:00 HOST-REDACTED-A steam[20412]: ffmpeg verbose: VAAPI driver: Mesa Gallium driver 26.1.2 for AMD Ryzen 7 9800X3D 8-Core Processor (radeonsi, raphael_mendocino, ACO, DRM 3.64, 6.16.12-drmexec7-valve24.5-1-neptune-616-drm-exec-gf253f5da553e).
2026-07-20T22:57:14.827326+02:00 HOST-REDACTED-A steam[20412]: ffmpeg verbose: Driver not found in known nonstandard list, using standard behaviour.
2026-07-20T22:57:14.827649+02:00 HOST-REDACTED-A steam[20412]: ffmpeg verbose: Input surface format is nv12.
2026-07-20T22:57:14.827660+02:00 HOST-REDACTED-A steam[20412]: ffmpeg verbose: Using VAAPI profile VAProfileHEVCMain (17).
2026-07-20T22:57:14.827660+02:00 HOST-REDACTED-A steam[20412]: ffmpeg verbose: Using VAAPI entrypoint VAEntrypointEncSlice (6).
2026-07-20T22:57:14.827676+02:00 HOST-REDACTED-A steam[20412]: ffmpeg verbose: Using VAAPI render target format YUV420 (0x1).
2026-07-20T22:57:14.827676+02:00 HOST-REDACTED-A steam[20412]: ffmpeg verbose: Using CTU size 32x32, min CB size 16x16.
2026-07-20T22:57:14.827676+02:00 HOST-REDACTED-A steam[20412]: ffmpeg verbose: RC mode: VBR.
2026-07-20T22:57:14.827707+02:00 HOST-REDACTED-A steam[20412]: ffmpeg verbose: Block Level bitrate control: OFF.
2026-07-20T22:57:14.827707+02:00 HOST-REDACTED-A steam[20412]: ffmpeg verbose: RC target: 83% of 180000000 bps over 1000 ms.
2026-07-20T22:57:14.827707+02:00 HOST-REDACTED-A steam[20412]: ffmpeg verbose: RC buffer: 180000000 bits, initial fullness 135000000 bits.
2026-07-20T22:57:14.827707+02:00 HOST-REDACTED-A steam[20412]: ffmpeg verbose: RC framerate: 120/1 (120.00 fps).
2026-07-20T22:57:14.827707+02:00 HOST-REDACTED-A steam[20412]: ffmpeg verbose: Using intra and P-frames (supported references: 1 / 0).
2026-07-20T22:57:14.827746+02:00 HOST-REDACTED-A steam[20412]: ffmpeg verbose: All wanted packed headers available (wanted 0xd, found 0x1f).
2026-07-20T22:57:14.828100+02:00 HOST-REDACTED-A steam[20412]: ffmpeg verbose: Using level 6.2.
2026-07-20T22:57:14.828111+02:00 HOST-REDACTED-A steam[20412]: Video Encoder Changed
2026-07-20T22:57:14.829477+02:00 HOST-REDACTED-A steam[20412]: >>> Capture resolution set to 2560x1440
2026-07-20T22:57:14.869261+02:00 HOST-REDACTED-A steam[20412]: CLIENT: Got control packet k_EStreamControlSetCaptureSize
2026-07-20T22:57:14.869289+02:00 HOST-REDACTED-A steam[20412]: CLIENT: Got control packet k_EStreamControlSetTitle
2026-07-20T22:57:14.869289+02:00 HOST-REDACTED-A steam[20412]: CLIENT: Got control packet k_EStreamControlSetIcon
2026-07-20T22:57:14.869289+02:00 HOST-REDACTED-A steam[20412]: CLIENT: Got control packet k_EStreamControlSetCursor
2026-07-20T22:57:14.869289+02:00 HOST-REDACTED-A steam[20412]: CLIENT: Got control packet k_EStreamControlSetActivity
2026-07-20T22:57:14.869289+02:00 HOST-REDACTED-A steam[20412]: CLIENT: ffmpeg verbose: Trying to use DRM render node for device 0.
2026-07-20T22:57:14.869289+02:00 HOST-REDACTED-A steam[20412]: CLIENT: ffmpeg verbose: libva: VA-API version 1.22.0
2026-07-20T22:57:14.869289+02:00 HOST-REDACTED-A steam[20412]: CLIENT: ffmpeg verbose: libva: Trying to open /usr/lib/dri/radeonsi_drv_video.so
2026-07-20T22:57:14.869289+02:00 HOST-REDACTED-A steam[20412]: CLIENT: ffmpeg verbose: libva: Found init function __vaDriverInit_1_22
2026-07-20T22:57:14.869348+02:00 HOST-REDACTED-A steam[20412]: CLIENT: ffmpeg verbose: libva: va_openDriver() returns 0
2026-07-20T22:57:14.869348+02:00 HOST-REDACTED-A steam[20412]: CLIENT: ffmpeg verbose: Initialised VAAPI connection: version 1.22
2026-07-20T22:57:14.869348+02:00 HOST-REDACTED-A steam[20412]: CLIENT: ffmpeg verbose: VAAPI driver: Mesa Gallium driver 26.1.2 for AMD Radeon RX 9060 XT (radeonsi, gfx1200, ACO, DRM 3.64, 6.16.12-drmexec7-valve24.5-1-neptune-616-drm-exec-gf253f5da553e).
2026-07-20T22:57:14.869348+02:00 HOST-REDACTED-A steam[20412]: CLIENT: ffmpeg verbose: Driver not found in known nonstandard list, using standard behaviour.
2026-07-20T22:57:14.869348+02:00 HOST-REDACTED-A steam[20412]: CLIENT: VAAPI DRM hardware decoding
2026-07-20T22:57:14.869348+02:00 HOST-REDACTED-A steam[20412]: CLIENT: Texture rect: 2560x1440 at 0,0
2026-07-20T22:57:14.869348+02:00 HOST-REDACTED-A steam[20412]: CLIENT: Video rect: 3840x1600 at 0,280
2026-07-20T22:57:14.869348+02:00 HOST-REDACTED-A steam[20412]: CLIENT: Video size: 2560x1440, output size: 3840x2160, overlay size: 3840x2160
2026-07-20T22:57:14.869348+02:00 HOST-REDACTED-A steam[20412]: CLIENT: Texture rect: 2560x1440 at 0,0
2026-07-20T22:57:14.869348+02:00 HOST-REDACTED-A steam[20412]: CLIENT: Video rect: 3840x2160 at 0,0
2026-07-20T22:57:14.869348+02:00 HOST-REDACTED-A steam[20412]: CLIENT: Texture rect: 2560x1440 at 0,0
2026-07-20T22:57:14.869348+02:00 HOST-REDACTED-A steam[20412]: CLIENT: Video rect: 3840x2160 at 0,0
2026-07-20T22:57:14.919916+02:00 HOST-REDACTED-A steam[20412]: CLIENT: Got control packet k_EStreamControlControllerConfigMsg
2026-07-20T22:57:14.970347+02:00 HOST-REDACTED-A steam[20412]: GameScope focus changed to Steam
2026-07-20T22:57:14.970383+02:00 HOST-REDACTED-A steam[20412]: Window title set to Steam Big Picture Mode
2026-07-20T22:57:14.970561+02:00 HOST-REDACTED-A steam[20412]: Changing record window: 0x2400035 (37748789)
2026-07-20T22:57:14.970567+02:00 HOST-REDACTED-A steam[20412]: Video capture state changed
2026-07-20T22:57:14.970567+02:00 HOST-REDACTED-A steam[20412]: SynchronizeClientState(): setting capture size 3440x1440
2026-07-20T22:57:14.970594+02:00 HOST-REDACTED-A steam[20412]: SynchronizeClientState(): setting title to Steam Big Picture Mode
2026-07-20T22:57:14.970609+02:00 HOST-REDACTED-A steam[20412]: SynchronizeClientState(): setting icon 128x128
2026-07-20T22:57:14.970743+02:00 HOST-REDACTED-A steam[20412]: SynchronizeClientState(): setting cursor to 46
2026-07-20T22:57:14.970754+02:00 HOST-REDACTED-A steam[20412]: SynchronizeClientState(): setting activity to k_EStreamActivityDesktop: Steam Controller Configs - Desktop
2026-07-20T22:57:14.982674+02:00 HOST-REDACTED-A steam[20412]: CGameStreamVideoStageVAAPI: Reinitializing 3440x1440 at 150000 Kbit/s and 120.00 FPS with quality 1
2026-07-20T22:57:14.983685+02:00 HOST-REDACTED-A steam[20412]: ffmpeg verbose: libva: VA-API version 1.22.0
2026-07-20T22:57:14.983698+02:00 HOST-REDACTED-A steam[20412]: ffmpeg verbose: libva: Trying to open /usr/lib32/dri/radeonsi_drv_video.so
2026-07-20T22:57:14.983708+02:00 HOST-REDACTED-A steam[20412]: ffmpeg verbose: libva: Found init function __vaDriverInit_1_22
2026-07-20T22:57:14.986004+02:00 HOST-REDACTED-A steam[20412]: ffmpeg verbose: libva: va_openDriver() returns 0
2026-07-20T22:57:14.986014+02:00 HOST-REDACTED-A steam[20412]: ffmpeg verbose: Initialised VAAPI connection: version 1.22
2026-07-20T22:57:14.986025+02:00 HOST-REDACTED-A steam[20412]: ffmpeg verbose: VAAPI driver: Mesa Gallium driver 26.1.2 for AMD Ryzen 7 9800X3D 8-Core Processor (radeonsi, raphael_mendocino, ACO, DRM 3.64, 6.16.12-drmexec7-valve24.5-1-neptune-616-drm-exec-gf253f5da553e).
2026-07-20T22:57:14.986032+02:00 HOST-REDACTED-A steam[20412]: ffmpeg verbose: Driver not found in known nonstandard list, using standard behaviour.
2026-07-20T22:57:14.986459+02:00 HOST-REDACTED-A steam[20412]: ffmpeg verbose: Input surface format is nv12.
2026-07-20T22:57:14.986467+02:00 HOST-REDACTED-A steam[20412]: ffmpeg verbose: Using VAAPI profile VAProfileHEVCMain (17).
2026-07-20T22:57:14.986474+02:00 HOST-REDACTED-A steam[20412]: ffmpeg verbose: Using VAAPI entrypoint VAEntrypointEncSlice (6).
2026-07-20T22:57:14.986480+02:00 HOST-REDACTED-A steam[20412]: ffmpeg verbose: Using VAAPI render target format YUV420 (0x1).
2026-07-20T22:57:14.986480+02:00 HOST-REDACTED-A steam[20412]: ffmpeg verbose: Using CTU size 32x32, min CB size 16x16.
2026-07-20T22:57:14.986496+02:00 HOST-REDACTED-A steam[20412]: ffmpeg verbose: RC mode: VBR.
2026-07-20T22:57:14.986496+02:00 HOST-REDACTED-A steam[20412]: ffmpeg verbose: Block Level bitrate control: OFF.
2026-07-20T22:57:14.986496+02:00 HOST-REDACTED-A steam[20412]: ffmpeg verbose: RC target: 83% of 180000000 bps over 1000 ms.
2026-07-20T22:57:14.986512+02:00 HOST-REDACTED-A steam[20412]: ffmpeg verbose: RC buffer: 180000000 bits, initial fullness 135000000 bits.
2026-07-20T22:57:14.986512+02:00 HOST-REDACTED-A steam[20412]: ffmpeg verbose: RC framerate: 120/1 (120.00 fps).
2026-07-20T22:57:14.986512+02:00 HOST-REDACTED-A steam[20412]: ffmpeg verbose: Using intra and P-frames (supported references: 1 / 0).
2026-07-20T22:57:14.986512+02:00 HOST-REDACTED-A steam[20412]: ffmpeg verbose: All wanted packed headers available (wanted 0xd, found 0x1f).
2026-07-20T22:57:14.987001+02:00 HOST-REDACTED-A steam[20412]: ffmpeg verbose: Using level 6.2.
2026-07-20T22:57:14.987009+02:00 HOST-REDACTED-A steam[20412]: Video Encoder Changed
2026-07-20T22:57:14.988206+02:00 HOST-REDACTED-A steam[20412]: >>> Capture resolution set to 3440x1440
2026-07-20T22:57:15.025485+02:00 HOST-REDACTED-A steam[20412]: CLIENT: Got control packet k_EStreamControlSetCaptureSize
2026-07-20T22:57:15.025485+02:00 HOST-REDACTED-A steam[20412]: CLIENT: Got control packet k_EStreamControlSetTitle
2026-07-20T22:57:15.025485+02:00 HOST-REDACTED-A steam[20412]: CLIENT: ffmpeg verbose: Trying to use DRM render node for device 0.
2026-07-20T22:57:15.025485+02:00 HOST-REDACTED-A steam[20412]: CLIENT: ffmpeg verbose: libva: VA-API version 1.22.0
2026-07-20T22:57:15.025485+02:00 HOST-REDACTED-A steam[20412]: CLIENT: ffmpeg verbose: libva: Trying to open /usr/lib/dri/radeonsi_drv_video.so
2026-07-20T22:57:15.025530+02:00 HOST-REDACTED-A steam[20412]: CLIENT: ffmpeg verbose: libva: Found init function __vaDriverInit_1_22
2026-07-20T22:57:15.025530+02:00 HOST-REDACTED-A steam[20412]: CLIENT: ffmpeg verbose: libva: va_openDriver() returns 0
2026-07-20T22:57:15.025530+02:00 HOST-REDACTED-A steam[20412]: CLIENT: ffmpeg verbose: Initialised VAAPI connection: version 1.22
2026-07-20T22:57:15.025530+02:00 HOST-REDACTED-A steam[20412]: CLIENT: ffmpeg verbose: VAAPI driver: Mesa Gallium driver 26.1.2 for AMD Radeon RX 9060 XT (radeonsi, gfx1200, ACO, DRM 3.64, 6.16.12-drmexec7-valve24.5-1-neptune-616-drm-exec-gf253f5da553e).
2026-07-20T22:57:15.025530+02:00 HOST-REDACTED-A steam[20412]: CLIENT: ffmpeg verbose: Driver not found in known nonstandard list, using standard behaviour.
2026-07-20T22:57:15.025530+02:00 HOST-REDACTED-A steam[20412]: CLIENT: VAAPI DRM hardware decoding
2026-07-20T22:57:15.076163+02:00 HOST-REDACTED-A steam[20412]: CLIENT: Texture rect: 3456x1440 at 0,0
2026-07-20T22:57:15.076187+02:00 HOST-REDACTED-A steam[20412]: CLIENT: Video rect: 3840x2160 at 0,0
2026-07-20T22:57:15.076187+02:00 HOST-REDACTED-A steam[20412]: CLIENT: Video size: 3456x1440, output size: 3840x2160, overlay size: 3840x2160
2026-07-20T22:57:15.076187+02:00 HOST-REDACTED-A steam[20412]: CLIENT: Texture rect: 3456x1440 at 0,0
2026-07-20T22:57:15.076187+02:00 HOST-REDACTED-A steam[20412]: CLIENT: Video rect: 3840x1600 at 0,280
2026-07-20T22:57:15.076187+02:00 HOST-REDACTED-A steam[20412]: CLIENT: Texture rect: 3456x1440 at 0,0
2026-07-20T22:57:15.076187+02:00 HOST-REDACTED-A steam[20412]: CLIENT: Video rect: 3840x1600 at 0,280
2026-07-20T22:57:15.076187+02:00 HOST-REDACTED-A steam[20412]: CLIENT: Video size: 3456x1440, output size: 3840x2160, overlay size: 3840x2160
2026-07-20T22:57:15.076187+02:00 HOST-REDACTED-A steam[20412]: CLIENT: Texture rect: 3456x1440 at 0,0
2026-07-20T22:57:15.076187+02:00 HOST-REDACTED-A steam[20412]: CLIENT: Video rect: 3840x1600 at 0,280
2026-07-20T22:57:15.076241+02:00 HOST-REDACTED-A steam[20412]: CLIENT: Texture rect: 3456x1440 at 0,0
2026-07-20T22:57:15.076241+02:00 HOST-REDACTED-A steam[20412]: CLIENT: Video rect: 3840x1600 at 0,280
2026-07-20T22:57:15.076241+02:00 HOST-REDACTED-A steam[20412]: GameScope focus changed to Steam
2026-07-20T22:57:15.126666+02:00 HOST-REDACTED-A steam[20412]: CLIENT: Got control packet k_EStreamControlSetIcon
2026-07-20T22:57:15.126686+02:00 HOST-REDACTED-A steam[20412]: CLIENT: Got control packet k_EStreamControlSetCursor
2026-07-20T22:57:15.126686+02:00 HOST-REDACTED-A steam[20412]: CLIENT: Got control packet k_EStreamControlSetActivity
2026-07-20T22:57:15.126686+02:00 HOST-REDACTED-A steam[20412]: CLIENT: Got control packet k_EStreamControlControllerConfigMsg
2026-07-20T22:57:20.509993+02:00 HOST-REDACTED-A steam[20412]: GameScope focus changed to Steam
2026-07-20T22:57:20.511002+02:00 HOST-REDACTED-A steam[20412]: gamemodeauto: dlopen failed - libgamemode.so: cannot open shared object file: No such file or directory
2026-07-20T22:57:20.511023+02:00 HOST-REDACTED-A steam[20412]: pid 181608 != 181607, skipping destruction (fork without exec?)
2026-07-20T22:57:20.560860+02:00 HOST-REDACTED-A steam[20412]: GameScope focus changed to Steam
2026-07-20T22:57:20.611791+02:00 HOST-REDACTED-A steam[20412]: GameScope focus changed to Steam
2026-07-20T22:57:20.621590+02:00 HOST-REDACTED-A systemd[2063]: app-steam-app2369390-181491.scope: Consumed 4min 26.848s CPU time, 12.7G memory peak.
2026-07-20T22:57:20.653425+02:00 HOST-REDACTED-A systemd[2063]: steam-launcher.service: Got notification message from PID 182693, but reception is disabled
2026-07-20T22:57:20.658636+02:00 HOST-REDACTED-A systemd[2063]: steam-launcher.service: Got notification message from PID 182699, but reception is disabled
2026-07-20T22:57:20.911124+02:00 HOST-REDACTED-A steam[20412]: Game Recording - game stopped [gameid=2369390]
2026-07-20T22:57:20.911124+02:00 HOST-REDACTED-A steam[20412]: Removing process 182642 for gameID 2369390
2026-07-20T22:57:20.911166+02:00 HOST-REDACTED-A steam[20412]: Removing process 182630 for gameID 2369390
2026-07-20T22:57:20.911166+02:00 HOST-REDACTED-A steam[20412]: Removing process 182489 for gameID 2369390
2026-07-20T22:57:20.911181+02:00 HOST-REDACTED-A steam[20412]: Removing process 182294 for gameID 2369390
2026-07-20T22:57:20.911194+02:00 HOST-REDACTED-A steam[20412]: Removing process 182261 for gameID 2369390
2026-07-20T22:57:20.911209+02:00 HOST-REDACTED-A steam[20412]: Removing process 182216 for gameID 2369390
2026-07-20T22:57:20.911226+02:00 HOST-REDACTED-A steam[20412]: Removing process 182213 for gameID 2369390
2026-07-20T22:57:20.911239+02:00 HOST-REDACTED-A steam[20412]: Removing process 182211 for gameID 2369390
2026-07-20T22:57:20.911252+02:00 HOST-REDACTED-A steam[20412]: Removing process 182209 for gameID 2369390
2026-07-20T22:57:20.911263+02:00 HOST-REDACTED-A steam[20412]: Removing process 182207 for gameID 2369390
2026-07-20T22:57:20.911277+02:00 HOST-REDACTED-A steam[20412]: Removing process 182178 for gameID 2369390
2026-07-20T22:57:20.911290+02:00 HOST-REDACTED-A steam[20412]: Removing process 182077 for gameID 2369390
2026-07-20T22:57:20.911305+02:00 HOST-REDACTED-A steam[20412]: Removing process 182074 for gameID 2369390
2026-07-20T22:57:20.911317+02:00 HOST-REDACTED-A steam[20412]: Removing window 62918133 for process 182074 and gameID 2369390
2026-07-20T22:57:20.911317+02:00 HOST-REDACTED-A steam[20412]: Removing window 2819423504 for process 182074 and gameID 2369390
2026-07-20T22:57:20.911333+02:00 HOST-REDACTED-A steam[20412]: Removing window 67108867 for process 182074 and gameID 2369390
2026-07-20T22:57:20.911333+02:00 HOST-REDACTED-A steam[20412]: Removing window 67108866 for process 182074 and gameID 2369390
2026-07-20T22:57:20.911347+02:00 HOST-REDACTED-A steam[20412]: Removing window 67108865 for process 182074 and gameID 2369390
2026-07-20T22:57:20.911347+02:00 HOST-REDACTED-A steam[20412]: Removing window 69206021 for process 182074 and gameID 2369390
2026-07-20T22:57:20.911360+02:00 HOST-REDACTED-A steam[20412]: Removing window 69206019 for process 182074 and gameID 2369390
2026-07-20T22:57:20.911360+02:00 HOST-REDACTED-A steam[20412]: Removing window 69206018 for process 182074 and gameID 2369390
2026-07-20T22:57:20.911360+02:00 HOST-REDACTED-A steam[20412]: Removing window 69206017 for process 182074 and gameID 2369390
2026-07-20T22:57:20.911391+02:00 HOST-REDACTED-A steam[20412]: Removing process 182041 for gameID 2369390
2026-07-20T22:57:20.911406+02:00 HOST-REDACTED-A steam[20412]: Removing process 182030 for gameID 2369390
2026-07-20T22:57:20.911419+02:00 HOST-REDACTED-A steam[20412]: Removing process 181984 for gameID 2369390
2026-07-20T22:57:20.911432+02:00 HOST-REDACTED-A steam[20412]: Removing process 181923 for gameID 2369390
2026-07-20T22:57:20.911442+02:00 HOST-REDACTED-A steam[20412]: Removing process 181919 for gameID 2369390
2026-07-20T22:57:20.911456+02:00 HOST-REDACTED-A steam[20412]: Removing process 181909 for gameID 2369390
2026-07-20T22:57:20.911466+02:00 HOST-REDACTED-A steam[20412]: Removing process 181896 for gameID 2369390
2026-07-20T22:57:20.911476+02:00 HOST-REDACTED-A steam[20412]: Removing process 181844 for gameID 2369390
2026-07-20T22:57:20.911485+02:00 HOST-REDACTED-A steam[20412]: Removing window 48234540 for process 181844 and gameID 2369390
2026-07-20T22:57:20.911492+02:00 HOST-REDACTED-A steam[20412]: Removing window 48234532 for process 181844 and gameID 2369390
2026-07-20T22:57:20.911499+02:00 HOST-REDACTED-A steam[20412]: Removing window 48234527 for process 181844 and gameID 2369390
2026-07-20T22:57:20.911499+02:00 HOST-REDACTED-A steam[20412]: Removing window 48234526 for process 181844 and gameID 2369390
2026-07-20T22:57:20.911513+02:00 HOST-REDACTED-A steam[20412]: Removing window 50331650 for process 181844 and gameID 2369390
2026-07-20T22:57:20.911513+02:00 HOST-REDACTED-A steam[20412]: Removing window 50331649 for process 181844 and gameID 2369390
2026-07-20T22:57:20.911526+02:00 HOST-REDACTED-A steam[20412]: Removing process 181790 for gameID 2369390
2026-07-20T22:57:20.911534+02:00 HOST-REDACTED-A steam[20412]: Removing process 181786 for gameID 2369390
2026-07-20T22:57:20.911549+02:00 HOST-REDACTED-A steam[20412]: Removing process 181777 for gameID 2369390
2026-07-20T22:57:20.911562+02:00 HOST-REDACTED-A steam[20412]: Removing process 181759 for gameID 2369390
2026-07-20T22:57:20.911572+02:00 HOST-REDACTED-A steam[20412]: Removing window 44040212 for process 181759 and gameID 2369390
2026-07-20T22:57:20.911572+02:00 HOST-REDACTED-A steam[20412]: Removing window 44040210 for process 181759 and gameID 2369390
2026-07-20T22:57:20.911586+02:00 HOST-REDACTED-A steam[20412]: Removing window 44040209 for process 181759 and gameID 2369390
2026-07-20T22:57:20.911586+02:00 HOST-REDACTED-A steam[20412]: Removing window 44040208 for process 181759 and gameID 2369390
2026-07-20T22:57:20.911600+02:00 HOST-REDACTED-A steam[20412]: Removing window 44040206 for process 181759 and gameID 2369390
2026-07-20T22:57:20.911600+02:00 HOST-REDACTED-A steam[20412]: Removing window 44040205 for process 181759 and gameID 2369390
2026-07-20T22:57:20.911615+02:00 HOST-REDACTED-A steam[20412]: Removing window 44040204 for process 181759 and gameID 2369390
2026-07-20T22:57:20.911615+02:00 HOST-REDACTED-A steam[20412]: Removing window 44040202 for process 181759 and gameID 2369390
2026-07-20T22:57:20.911615+02:00 HOST-REDACTED-A steam[20412]: Removing window 44040200 for process 181759 and gameID 2369390
2026-07-20T22:57:20.911634+02:00 HOST-REDACTED-A steam[20412]: Removing window 44040199 for process 181759 and gameID 2369390
2026-07-20T22:57:20.911634+02:00 HOST-REDACTED-A steam[20412]: Removing window 44040197 for process 181759 and gameID 2369390
2026-07-20T22:57:20.911647+02:00 HOST-REDACTED-A steam[20412]: Removing window 44040196 for process 181759 and gameID 2369390
2026-07-20T22:57:20.911647+02:00 HOST-REDACTED-A steam[20412]: Removing window 44040195 for process 181759 and gameID 2369390
2026-07-20T22:57:20.911647+02:00 HOST-REDACTED-A steam[20412]: Removing window 44040194 for process 181759 and gameID 2369390
2026-07-20T22:57:20.911682+02:00 HOST-REDACTED-A steam[20412]: Removing window 44040193 for process 181759 and gameID 2369390
2026-07-20T22:57:20.911682+02:00 HOST-REDACTED-A steam[20412]: Removing process 181723 for gameID 2369390
2026-07-20T22:57:20.911682+02:00 HOST-REDACTED-A steam[20412]: Removing process 181704 for gameID 2369390
2026-07-20T22:57:20.911702+02:00 HOST-REDACTED-A steam[20412]: Removing process 181697 for gameID 2369390
2026-07-20T22:57:20.911702+02:00 HOST-REDACTED-A steam[20412]: Removing window 27262979 for process 181697 and gameID 2369390
2026-07-20T22:57:20.911717+02:00 HOST-REDACTED-A steam[20412]: Removing window 27262978 for process 181697 and gameID 2369390
2026-07-20T22:57:20.911717+02:00 HOST-REDACTED-A steam[20412]: Removing window 27262977 for process 181697 and gameID 2369390
2026-07-20T22:57:20.911730+02:00 HOST-REDACTED-A steam[20412]: Removing process 181695 for gameID 2369390
2026-07-20T22:57:20.911730+02:00 HOST-REDACTED-A steam[20412]: Removing window 20971522 for process 181695 and gameID 2369390
2026-07-20T22:57:20.911743+02:00 HOST-REDACTED-A steam[20412]: Removing window 20971521 for process 181695 and gameID 2369390
2026-07-20T22:57:20.911750+02:00 HOST-REDACTED-A steam[20412]: Removing process 181685 for gameID 2369390
2026-07-20T22:57:20.911757+02:00 HOST-REDACTED-A steam[20412]: Removing process 181638 for gameID 2369390
2026-07-20T22:57:20.911767+02:00 HOST-REDACTED-A steam[20412]: Removing process 181630 for gameID 2369390
2026-07-20T22:57:20.911778+02:00 HOST-REDACTED-A steam[20412]: Removing process 181625 for gameID 2369390
2026-07-20T22:57:20.911788+02:00 HOST-REDACTED-A steam[20412]: Removing process 181615 for gameID 2369390
2026-07-20T22:57:20.911797+02:00 HOST-REDACTED-A steam[20412]: Removing process 181612 for gameID 2369390
2026-07-20T22:57:20.911807+02:00 HOST-REDACTED-A steam[20412]: Removing process 181610 for gameID 2369390
2026-07-20T22:57:20.911820+02:00 HOST-REDACTED-A steam[20412]: Removing process 181607 for gameID 2369390
2026-07-20T22:57:20.911836+02:00 HOST-REDACTED-A steam[20412]: Removing process 181606 for gameID 2369390
2026-07-20T22:57:20.911843+02:00 HOST-REDACTED-A steam[20412]: Removing window 23068675 for process 181606 and gameID 2369390
2026-07-20T22:57:20.911852+02:00 HOST-REDACTED-A steam[20412]: Removing window 23068674 for process 181606 and gameID 2369390
2026-07-20T22:57:20.911852+02:00 HOST-REDACTED-A steam[20412]: Removing window 23068673 for process 181606 and gameID 2369390
2026-07-20T22:57:20.911865+02:00 HOST-REDACTED-A steam[20412]: Removing process 181605 for gameID 2369390
2026-07-20T22:57:20.911877+02:00 HOST-REDACTED-A steam[20412]: Removing process 181600 for gameID 2369390
2026-07-20T22:57:20.911887+02:00 HOST-REDACTED-A steam[20412]: Removing process 181499 for gameID 2369390
2026-07-20T22:57:20.911901+02:00 HOST-REDACTED-A steam[20412]: Removing process 181497 for gameID 2369390
2026-07-20T22:57:20.911910+02:00 HOST-REDACTED-A steam[20412]: Removing process 181491 for gameID 2369390
2026-07-20T22:57:20.988619+02:00 HOST-REDACTED-A steam[20412]: Encoding complete
2026-07-20T22:57:20.990086+02:00 HOST-REDACTED-A steam[20412]: CDesktopCapturePipeWire: PipeWire stream state changed to paused
2026-07-20T22:57:20.990157+02:00 HOST-REDACTED-A steam[20412]: CDesktopCapturePipeWire: PipeWire stream state changed to unconnected
2026-07-20T22:57:20.990415+02:00 HOST-REDACTED-A gamescope-session[20269]: [gamescope] [Info]  pipewire: stream state changed: paused
2026-07-20T22:57:21.039396+02:00 HOST-REDACTED-A steam[20412]: >>> Stopped desktop stream
2026-07-20T22:57:21.056730+02:00 HOST-REDACTED-A steam[20412]: PulseAudio: Context connection terminated
2026-07-20T22:57:21.059359+02:00 HOST-REDACTED-A steam[20412]: PipeWire: Unloading null sink
2026-07-20T22:57:21.059374+02:00 HOST-REDACTED-A steam[20412]: PipeWire: Setting default.configured.audio.sink to {"name":"alsa_loopback_device.alsa_output.usb-SteelSeries_Arctis_Pro_Wireless-00.stereo-game"}
2026-07-20T22:57:21.059787+02:00 HOST-REDACTED-A steam[20412]: PipeWire: Deinitializing streaming
2026-07-20T22:57:23.010682+02:00 HOST-REDACTED-A pkexec[182738]: USER-REDACTED: Error executing command as another user: Not authorized [USER=root] [TTY=unknown] [CWD=/<USER-REDACTED>] [COMMAND=/usr/lib/gamemode/procsysctl split_lock_mitigate 0]
2026-07-20T22:57:23.010858+02:00 HOST-REDACTED-A gamemoded[182738]: Error executing command as another user: Not authorized
2026-07-20T22:57:23.010858+02:00 HOST-REDACTED-A gamemoded[182738]: This incident has been reported.
2026-07-20T22:57:23.011142+02:00 HOST-REDACTED-A gamemoded[2120]: ERROR: External process failed with exit code 127
2026-07-20T22:57:23.011142+02:00 HOST-REDACTED-A gamemoded[2120]: ERROR: Output was:
2026-07-20T22:57:23.011142+02:00 HOST-REDACTED-A gamemoded[2120]: ERROR: Failed to update split_lock_mitigate
2026-07-20T22:57:23.011200+02:00 HOST-REDACTED-A gamemoded[2120]: ERROR: Could not inspect tasks for client [181497]! Skipping ioprio optimisation.
2026-07-20T22:57:23.011200+02:00 HOST-REDACTED-A gamemoded[2120]: ERROR: Unable to find executable for PID 181497: No such file or directory
2026-07-20T22:57:24.521495+02:00 HOST-REDACTED-A rigsignal-agent[2123]: 2026-07-20T20:57:24.521468Z  INFO rigsignal_agent: Game exited: Far Cry 6
2026-07-20T22:57:24.521495+02:00 HOST-REDACTED-A rigsignal-agent[2123]: 2026-07-20T20:57:24.521495Z  INFO rigsignal_agent: Shipping session summary on game exit (978s, 969 ticks)
2026-07-20T22:57:30.521229+02:00 HOST-REDACTED-A rigsignal-agent[2123]: 2026-07-20T20:57:30.521200Z  INFO rigsignal_agent::session: No game detected — idle polling
2026-07-20T22:58:03.520421+02:00 HOST-REDACTED-A rigsignal-agent[2123]: 2026-07-20T20:58:03.520390Z  INFO rigsignal_agent::session: No game detected — idle polling
2026-07-20T22:58:35.520845+02:00 HOST-REDACTED-A rigsignal-agent[2123]: 2026-07-20T20:58:35.520817Z  INFO rigsignal_agent::session: No game detected — idle polling
2026-07-20T22:59:09.520792+02:00 HOST-REDACTED-A rigsignal-agent[2123]: 2026-07-20T20:59:09.520760Z  INFO rigsignal_agent::session: No game detected — idle polling
2026-07-20T22:59:43.521546+02:00 HOST-REDACTED-A rigsignal-agent[2123]: 2026-07-20T20:59:43.521483Z  INFO rigsignal_agent::session: No game detected — idle polling
2026-07-20T23:00:18.520778+02:00 HOST-REDACTED-A rigsignal-agent[2123]: 2026-07-20T21:00:18.520747Z  INFO rigsignal_agent::session: No game detected — idle polling
2026-07-20T23:00:49.521957+02:00 HOST-REDACTED-A rigsignal-agent[2123]: 2026-07-20T21:00:49.521925Z  INFO rigsignal_agent::session: No game detected — idle polling
2026-07-20T23:00:59.583226+02:00 HOST-REDACTED-A systemd[2063]: Starting Prune harvested RigSignal spool files older than 48h...
2026-07-20T23:00:59.691529+02:00 HOST-REDACTED-A rigsignal-spool-retention[182942]: deleted=84 bytes=13125327 skipped=3247 registry=/<USER-REDACTED>/elastic/elastic-agent-9.4.3-linux-x86_64/data/elastic-agent-1bfb56/run/filestream-default/registry/filebeat/log.json
2026-07-20T23:00:59.694408+02:00 HOST-REDACTED-A systemd[2063]: Finished Prune harvested RigSignal spool files older than 48h.
2026-07-20T23:01:00.671413+02:00 HOST-REDACTED-A rigsignal-agent[2123]: 2026-07-20T21:01:00.671398Z  WARN rigsignal_agent: Tick 44710 spool rotation error: No such file or directory (os error 2)
2026-07-20T23:01:01.522157+02:00 HOST-REDACTED-A rigsignal-agent[2123]: 2026-07-20T21:01:01.522146Z  WARN rigsignal_agent: Tick 44711 spool rotation error: No such file or directory (os error 2)
2026-07-20T23:01:02.519116+02:00 HOST-REDACTED-A rigsignal-agent[2123]: 2026-07-20T21:01:02.519105Z  WARN rigsignal_agent: Tick 44712 spool rotation error: No such file or directory (os error 2)
2026-07-20T23:01:22.521001+02:00 HOST-REDACTED-A rigsignal-agent[2123]: 2026-07-20T21:01:22.520966Z  INFO rigsignal_agent::session: No game detected — idle polling
2026-07-20T23:01:56.521106+02:00 HOST-REDACTED-A rigsignal-agent[2123]: 2026-07-20T21:01:56.521090Z  INFO rigsignal_agent::session: No game detected — idle polling
2026-07-20T23:02:29.521171+02:00 HOST-REDACTED-A rigsignal-agent[2123]: 2026-07-20T21:02:29.521155Z  INFO rigsignal_agent::session: No game detected — idle polling
2026-07-20T23:03:03.520291+02:00 HOST-REDACTED-A rigsignal-agent[2123]: 2026-07-20T21:03:03.520258Z  INFO rigsignal_agent::session: No game detected — idle polling
2026-07-20T23:03:35.520837+02:00 HOST-REDACTED-A rigsignal-agent[2123]: 2026-07-20T21:03:35.520822Z  INFO rigsignal_agent::session: No game detected — idle polling
2026-07-20T23:04:05.521685+02:00 HOST-REDACTED-A rigsignal-agent[2123]: 2026-07-20T21:04:05.521669Z  INFO rigsignal_agent::session: No game detected — idle polling
2026-07-20T23:04:38.521118+02:00 HOST-REDACTED-A rigsignal-agent[2123]: 2026-07-20T21:04:38.521102Z  INFO rigsignal_agent::session: No game detected — idle polling
2026-07-20T23:05:13.520642+02:00 HOST-REDACTED-A rigsignal-agent[2123]: 2026-07-20T21:05:13.520624Z  INFO rigsignal_agent::session: No game detected — idle polling
2026-07-20T23:05:46.521031+02:00 HOST-REDACTED-A rigsignal-agent[2123]: 2026-07-20T21:05:46.520997Z  INFO rigsignal_agent::session: No game detected — idle polling
2026-07-20T23:06:20.520814+02:00 HOST-REDACTED-A rigsignal-agent[2123]: 2026-07-20T21:06:20.520798Z  INFO rigsignal_agent::session: No game detected — idle polling
2026-07-20T23:06:54.521382+02:00 HOST-REDACTED-A rigsignal-agent[2123]: 2026-07-20T21:06:54.521367Z  INFO rigsignal_agent::session: No game detected — idle polling
2026-07-20T23:07:28.520826+02:00 HOST-REDACTED-A rigsignal-agent[2123]: 2026-07-20T21:07:28.520789Z  INFO rigsignal_agent::session: No game detected — idle polling
2026-07-20T23:08:02.520830+02:00 HOST-REDACTED-A rigsignal-agent[2123]: 2026-07-20T21:08:02.520815Z  INFO rigsignal_agent::session: No game detected — idle polling
2026-07-20T23:08:35.520441+02:00 HOST-REDACTED-A rigsignal-agent[2123]: 2026-07-20T21:08:35.520426Z  INFO rigsignal_agent::session: No game detected — idle polling
2026-07-20T23:09:08.521107+02:00 HOST-REDACTED-A rigsignal-agent[2123]: 2026-07-20T21:09:08.521051Z  INFO rigsignal_agent::session: No game detected — idle polling
2026-07-20T23:09:41.520316+02:00 HOST-REDACTED-A rigsignal-agent[2123]: 2026-07-20T21:09:41.520301Z  INFO rigsignal_agent::session: No game detected — idle polling
2026-07-20T23:10:14.521056+02:00 HOST-REDACTED-A rigsignal-agent[2123]: 2026-07-20T21:10:14.521016Z  INFO rigsignal_agent::session: No game detected — idle polling
2026-07-20T23:10:47.520972+02:00 HOST-REDACTED-A rigsignal-agent[2123]: 2026-07-20T21:10:47.520957Z  INFO rigsignal_agent::session: No game detected — idle polling
2026-07-20T23:10:59.382020+02:00 HOST-REDACTED-A steam[20412]: method return time=1784581859.377806 sender=:1.8 -> destination=:1.509 serial=1212 reply_serial=2
2026-07-20T23:10:59.386354+02:00 HOST-REDACTED-A systemd[2063]: Stopped target Gamescope Session.
2026-07-20T23:10:59.386506+02:00 HOST-REDACTED-A dbus-broker[20742]: Dispatched 18 messages @ 2(±2)μs / message.
2026-07-20T23:10:59.386580+02:00 HOST-REDACTED-A systemd[2063]: Stopping Accessibility services bus...
2026-07-20T23:10:59.386746+02:00 HOST-REDACTED-A systemd[2063]: Stopping mangoapp...
2026-07-20T23:10:59.386902+02:00 HOST-REDACTED-A systemd[2063]: Stopping Xbindkeys for Gamescope session...
2026-07-20T23:10:59.387022+02:00 HOST-REDACTED-A systemd[2063]: Stopping Wrapper for Ibus...
2026-07-20T23:10:59.398277+02:00 HOST-REDACTED-A systemd[2063]: Stopping Steam Launcher...
2026-07-20T23:10:59.398398+02:00 HOST-REDACTED-A systemd[2063]: Stopping Steam Notification Daemon...
2026-07-20T23:10:59.398497+02:00 HOST-REDACTED-A systemd[2063]: Stopping Power Button daemon for SteamOS...
2026-07-20T23:10:59.398933+02:00 HOST-REDACTED-A python[1755]: Received SIGUSR1, exiting.
2026-07-20T23:10:59.398933+02:00 HOST-REDACTED-A python[1755]: Shutting down the httpd server
2026-07-20T23:10:59.398666+02:00 HOST-REDACTED-A systemd[2063]: Stopping Portal service (gamescope implementation)...
2026-07-20T23:10:59.399109+02:00 HOST-REDACTED-A PluginLoader[2377]: Calling Loader unload function for decky-lsfg-vk.
2026-07-20T23:10:59.399462+02:00 HOST-REDACTED-A PluginLoader[2377]: Attempting to unload with plugin decky-lsfg-vk's "_unload" function.
2026-07-20T23:10:59.399462+02:00 HOST-REDACTED-A PluginLoader[2377]: decky-lsfg-vk plugin unloaded
2026-07-20T23:10:59.399462+02:00 HOST-REDACTED-A PluginLoader[2377]: Unloaded decky-lsfg-vk
2026-07-20T23:10:59.398869+02:00 HOST-REDACTED-A systemd[2063]: Stopping Portal service (Holo implementation)...
2026-07-20T23:10:59.399024+02:00 HOST-REDACTED-A systemd[2063]: Stopping flatpak document portal service...
2026-07-20T23:10:59.399374+02:00 HOST-REDACTED-A systemd[2063]: Stopping sandboxed app permission store...
2026-07-20T23:10:59.402797+02:00 HOST-REDACTED-A systemd[2063]: Stopped mangoapp.
2026-07-20T23:10:59.402877+02:00 HOST-REDACTED-A systemd[2063]: gamescope-mangoapp.service: Consumed 31min 36.512s CPU time, 41.5M memory peak.
2026-07-20T23:10:59.403360+02:00 HOST-REDACTED-A systemd[2063]: Stopped Xbindkeys for Gamescope session.
2026-07-20T23:10:59.403637+02:00 HOST-REDACTED-A systemd[2063]: Stopped Wrapper for Ibus.
2026-07-20T23:10:59.403801+02:00 HOST-REDACTED-A systemd[2063]: steam-notif-daemon.service: Main process exited, code=exited, status=1/FAILURE
2026-07-20T23:10:59.403826+02:00 HOST-REDACTED-A systemd[2063]: steam-notif-daemon.service: Failed with result 'exit-code'.
2026-07-20T23:10:59.403901+02:00 HOST-REDACTED-A systemd[2063]: Stopped Steam Notification Daemon.
2026-07-20T23:10:59.404354+02:00 HOST-REDACTED-A systemd[2063]: Stopped sandboxed app permission store.
2026-07-20T23:10:59.404598+02:00 HOST-REDACTED-A systemd[2063]: Stopped flatpak document portal service.
2026-07-20T23:10:59.404646+02:00 HOST-REDACTED-A systemd[2063]: xdg-document-portal.service: Consumed 1.175s CPU time, 2.8M memory peak.
2026-07-20T23:10:59.404831+02:00 HOST-REDACTED-A systemd[2063]: Stopped Portal service (Holo implementation).
2026-07-20T23:10:59.405066+02:00 HOST-REDACTED-A systemd[2063]: Stopped Portal service (gamescope implementation).
2026-07-20T23:10:59.405294+02:00 HOST-REDACTED-A systemd[2063]: Stopped Accessibility services bus.
2026-07-20T23:10:59.431777+02:00 HOST-REDACTED-A USER-REDACTED[183531]: Gamescope Session Ended - Performing Final Cleanup
2026-07-20T23:10:59.450328+02:00 HOST-REDACTED-A systemd[2063]: Stopped Power Button daemon for SteamOS.
2026-07-20T23:10:59.491654+02:00 HOST-REDACTED-A pipewire[2122]: pw.client: 0x55a4909adbb0: invalid global 76
2026-07-20T23:10:59.491659+02:00 HOST-REDACTED-A pipewire[2122]: pw.client: 0x55a4909adbb0: invalid global 95
2026-07-20T23:10:59.491661+02:00 HOST-REDACTED-A pipewire[2122]: pw.client: 0x55a4909adbb0: invalid global 96
2026-07-20T23:10:59.491667+02:00 HOST-REDACTED-A pipewire[2122]: pw.client: 0x55a49186cdb0: invalid global 76
2026-07-20T23:10:59.491669+02:00 HOST-REDACTED-A pipewire[2122]: pw.client: 0x55a49186cdb0: invalid global 95
2026-07-20T23:10:59.491670+02:00 HOST-REDACTED-A pipewire[2122]: pw.client: 0x55a49186cdb0: invalid global 96
2026-07-20T23:10:59.491674+02:00 HOST-REDACTED-A pipewire[2122]: pw.client: 0x55a490745c20: invalid global 76
2026-07-20T23:10:59.491676+02:00 HOST-REDACTED-A pipewire[2122]: pw.client: 0x55a490745c20: invalid global 95
2026-07-20T23:10:59.491677+02:00 HOST-REDACTED-A pipewire[2122]: pw.client: 0x55a490745c20: invalid global 96
2026-07-20T23:10:59.491681+02:00 HOST-REDACTED-A pipewire[2122]: pw.client: 0x55a4906b0e30: invalid global 76
2026-07-20T23:10:59.491683+02:00 HOST-REDACTED-A pipewire[2122]: pw.client: 0x55a4906b0e30: invalid global 95
2026-07-20T23:10:59.491684+02:00 HOST-REDACTED-A pipewire[2122]: pw.client: 0x55a4906b0e30: invalid global 96
2026-07-20T23:10:59.491688+02:00 HOST-REDACTED-A pipewire[2122]: pw.client: 0x55a490961410: invalid global 76
2026-07-20T23:10:59.491689+02:00 HOST-REDACTED-A pipewire[2122]: pw.client: 0x55a490961410: invalid global 95
2026-07-20T23:10:59.491691+02:00 HOST-REDACTED-A pipewire[2122]: pw.client: 0x55a490961410: invalid global 96
2026-07-20T23:10:59.491695+02:00 HOST-REDACTED-A pipewire[2122]: pw.client: 0x55a490961be0: invalid global 76
2026-07-20T23:10:59.491697+02:00 HOST-REDACTED-A pipewire[2122]: pw.client: 0x55a490961be0: invalid global 95
2026-07-20T23:10:59.491698+02:00 HOST-REDACTED-A pipewire[2122]: pw.client: 0x55a490961be0: invalid global 96
2026-07-20T23:10:59.491702+02:00 HOST-REDACTED-A pipewire[2122]: pw.client: 0x55a49084e390: invalid global 76
2026-07-20T23:10:59.491703+02:00 HOST-REDACTED-A pipewire[2122]: pw.client: 0x55a49084e390: invalid global 95
2026-07-20T23:10:59.491705+02:00 HOST-REDACTED-A pipewire[2122]: pw.client: 0x55a49084e390: invalid global 96
2026-07-20T23:10:59.671581+02:00 HOST-REDACTED-A python[1755]: done serving at port: 32000
2026-07-20T23:10:59.671581+02:00 HOST-REDACTED-A python[1755]: UnregisterService /org/freedesktop/resolve1/dnssd/HOST-REDACTED-A
2026-07-20T23:10:59.682323+02:00 HOST-REDACTED-A gamescope-session[20269]: [gamescope] [Info]  wlserver: [libseat] [libseat/backend/logind.c:351] Disabling seat
2026-07-20T23:10:59.682323+02:00 HOST-REDACTED-A gamescope-session[20269]: [gamescope] [Info]  wlserver: Session paused
2026-07-20T23:10:59.702750+02:00 HOST-REDACTED-A gamescope-session[20269]: [gamescope] [Info]  drm: Connector DP-2 -> AOC - AG352UCG6
2026-07-20T23:10:59.702776+02:00 HOST-REDACTED-A gamescope-session[20269]: [gamescope] [Info]  drm: [colorimetry]: EDID with colorimetry detected. Using it
2026-07-20T23:10:59.702776+02:00 HOST-REDACTED-A gamescope-session[20269]: [gamescope] [Info]  drm: [colorimetry]: r 0.639648 0.330078
2026-07-20T23:10:59.702798+02:00 HOST-REDACTED-A gamescope-session[20269]: [gamescope] [Info]  drm: [colorimetry]: g 0.299805 0.599609
2026-07-20T23:10:59.702798+02:00 HOST-REDACTED-A gamescope-session[20269]: [gamescope] [Info]  drm: [colorimetry]: b 0.150391 0.059570
2026-07-20T23:10:59.702798+02:00 HOST-REDACTED-A gamescope-session[20269]: [gamescope] [Info]  drm: [colorimetry]: w 0.312500 0.329102
2026-07-20T23:11:02.658452+02:00 HOST-REDACTED-A steam[20412]: [2026-07-20 23:11:02] Shutdown
2026-07-20T23:11:02.872261+02:00 HOST-REDACTED-A systemd[2063]: Stopped Steam Launcher.
2026-07-20T23:11:02.872316+02:00 HOST-REDACTED-A systemd[2063]: steam-launcher.service: Consumed 1h 3min 3.359s CPU time, 5.9G memory peak.
2026-07-20T23:11:02.872513+02:00 HOST-REDACTED-A systemd[2063]: Stopping Portal service...
2026-07-20T23:11:02.877261+02:00 HOST-REDACTED-A systemd[2063]: Stopped Portal service.
2026-07-20T23:11:02.877328+02:00 HOST-REDACTED-A systemd[2063]: xdg-desktop-portal.service: Consumed 3.429s CPU time, 5.5M memory peak.
2026-07-20T23:11:02.877436+02:00 HOST-REDACTED-A systemd[2063]: Stopped target Current graphical user session.
2026-07-20T23:11:02.877569+02:00 HOST-REDACTED-A systemd[2063]: Stopping Gamescope Session...
2026-07-20T23:11:02.877692+02:00 HOST-REDACTED-A gamescope-session[20269]: [gamescope] [Error] drm: finish_drm: drmModeAtomicCommit failed: Permission denied
2026-07-20T23:11:02.880695+02:00 HOST-REDACTED-A gamescope-session[20269]: [gamescope] [Error] drm: drmModeRmFB failed: Bad file descriptor
2026-07-20T23:11:02.880706+02:00 HOST-REDACTED-A gamescope-session[20269]: [gamescope] [Error] drm: drmModeRmFB failed: Bad file descriptor
2026-07-20T23:11:02.880706+02:00 HOST-REDACTED-A gamescope-session[20269]: [gamescope] [Error] drm: drmModeRmFB failed: Bad file descriptor
2026-07-20T23:11:02.880717+02:00 HOST-REDACTED-A gamescope-session[20269]: [gamescope] [Error] drm: drmModeRmFB failed: Bad file descriptor
2026-07-20T23:11:02.919591+02:00 HOST-REDACTED-A drm_janitor[183710]: open() failed: Permission denied
2026-07-20T23:11:02.919746+02:00 HOST-REDACTED-A systemd[2063]: Stopped Gamescope Session.
2026-07-20T23:11:02.919796+02:00 HOST-REDACTED-A systemd[2063]: gamescope-session.service: Consumed 7min 26.468s CPU time, 130.3M memory peak.
2026-07-20T23:11:02.920028+02:00 HOST-REDACTED-A systemd[2063]: Stopped target Session services which should run early before the graphical session is brought up.
2026-07-20T23:11:02.921333+02:00 HOST-REDACTED-A USER-REDACTED[183712]: Gamescope Session Ended - Cleanup Complete
2026-07-20T23:11:02.922362+02:00 HOST-REDACTED-A systemd[2063]: Activating special unit Exit the Session...
2026-07-20T23:11:02.923202+02:00 HOST-REDACTED-A systemd[2063]: Removed slice Slice /app/dbus-:1.1-org.freedesktop.portal.IBus.
2026-07-20T23:11:02.923223+02:00 HOST-REDACTED-A systemd[2063]: app-dbus\x2d:1.1\x2dorg.freedesktop.portal.IBus.slice: Consumed 1.341s CPU time, 3.5M memory peak.
2026-07-20T23:11:02.923293+02:00 HOST-REDACTED-A systemd[2063]: Removed slice Slice /app/dbus-:1.1-org.kde.KSplash.
2026-07-20T23:11:02.923369+02:00 HOST-REDACTED-A systemd[2063]: Removed slice Slice /app/dbus-:1.1-org.kde.Shutdown.
2026-07-20T23:11:02.923445+02:00 HOST-REDACTED-A systemd[2063]: Removed slice Slice /app/dbus-:1.1-org.kde.kdeconnect.
2026-07-20T23:11:02.923527+02:00 HOST-REDACTED-A systemd[2063]: Removed slice User Background Tasks Slice.
2026-07-20T23:11:02.923541+02:00 HOST-REDACTED-A systemd[2063]: background.slice: Consumed 5.944s CPU time, 291.3M memory peak.
2026-07-20T23:11:02.923556+02:00 HOST-REDACTED-A systemd[2063]: Stopped target Main User Target.
2026-07-20T23:11:02.923588+02:00 HOST-REDACTED-A systemd[2063]: Stopped target Sound Card.
2026-07-20T23:11:02.923645+02:00 HOST-REDACTED-A systemd[2063]: Closed Socket to launch DrKonqi for a systemd-coredump crash.
2026-07-20T23:11:02.923720+02:00 HOST-REDACTED-A systemd[2063]: Stopping Consumer Electronics Control (CEC) Daemon...
2026-07-20T23:11:02.923749+02:00 HOST-REDACTED-A systemd[2063]: Stopping dbus-:1.119-org.a11y.atspi.Registry@0.service...
2026-07-20T23:11:02.923794+02:00 HOST-REDACTED-A systemd[2063]: Stopping dbus-:1.1923-org.a11y.atspi.Registry@0.service...
2026-07-20T23:11:02.923830+02:00 HOST-REDACTED-A systemd[2063]: Stopping dbus-:1.36-org.a11y.atspi.Registry@0.service...
2026-07-20T23:11:02.923872+02:00 HOST-REDACTED-A systemd[2063]: Stopping User preferences database...
2026-07-20T23:11:02.923922+02:00 HOST-REDACTED-A systemd[2063]: Stopping Service for enabling and controlling dmem cgroup limits for boosting foreground games, user-level...
2026-07-20T23:11:02.924181+02:00 HOST-REDACTED-A systemd[2063]: Stopping Elastic Agent (unprivileged)...
2026-07-20T23:11:02.924241+02:00 HOST-REDACTED-A systemd[2063]: Stopping PipeWire filter chain daemon...
2026-07-20T23:11:02.924295+02:00 HOST-REDACTED-A systemd[2063]: Stopping gamemoded...
2026-07-20T23:11:02.924343+02:00 HOST-REDACTED-A systemd[2063]: Stopping PipeWire PulseAudio...
2026-07-20T23:11:02.924397+02:00 HOST-REDACTED-A systemd[2063]: Stopping RigSignal metrics agent (user install)...
2026-07-20T23:11:02.924432+02:00 HOST-REDACTED-A rigsignal-agent[2123]: 2026-07-20T21:11:02.924392Z  INFO rigsignal_agent: SIGTERM received — shutting down
2026-07-20T23:11:02.924550+02:00 HOST-REDACTED-A rigsignal-agent[2123]: 2026-07-20T21:11:02.924460Z  INFO rigsignal_agent: Shipping session summary (818s, 818 ticks)
2026-07-20T23:11:02.924497+02:00 HOST-REDACTED-A systemd[2063]: Stopping SteamOS Manager Daemon...
2026-07-20T23:11:02.924774+02:00 HOST-REDACTED-A rigsignal-agent[2123]: 2026-07-20T21:11:02.924766Z  INFO rigsignal_agent: RigSignal agent stopped after 45312 ticks
2026-07-20T23:11:02.924816+02:00 HOST-REDACTED-A steamos-manager[2205]: 2026-07-20T21:11:02.924804Z  INFO steamos_manager::daemon: Got SIGTERM, shutting down
2026-07-20T23:11:02.925031+02:00 HOST-REDACTED-A steamos-manager[2205]: 2026-07-20T21:11:02.924819Z  INFO steamos_manager::daemon: Shutting down
2026-07-20T23:11:02.925031+02:00 HOST-REDACTED-A steamos-manager[2205]: 2026-07-20T21:11:02.924827Z  INFO steamos_manager: Shutting down udev-monitor
2026-07-20T23:11:02.925031+02:00 HOST-REDACTED-A steamos-manager[2205]: 2026-07-20T21:11:02.924838Z  INFO steamos_manager: Shutting down tdp-manager
2026-07-20T23:11:02.925031+02:00 HOST-REDACTED-A steamos-manager[2205]: 2026-07-20T21:11:02.924846Z  INFO steamos_manager: Shutting down cecd-listener
2026-07-20T23:11:02.925031+02:00 HOST-REDACTED-A steamos-manager[2205]: 2026-07-20T21:11:02.924851Z  INFO steamos_manager: Shutting down session-manager
2026-07-20T23:11:02.925031+02:00 HOST-REDACTED-A steamos-manager[2205]: 2026-07-20T21:11:02.924864Z  INFO steamos_manager: Shutting down job-manager
2026-07-20T23:11:02.925031+02:00 HOST-REDACTED-A steamos-manager[2205]: 2026-07-20T21:11:02.924889Z  INFO steamos_manager: Shutting down signal-relay
2026-07-20T23:11:02.925622+02:00 HOST-REDACTED-A systemd[2063]: Stopped RigSignal metrics agent (user install).
2026-07-20T23:11:02.925655+02:00 HOST-REDACTED-A systemd[2063]: rigsignal-agent.service: Consumed 3min 17.091s CPU time, 210.2M memory peak.
2026-07-20T23:11:02.925819+02:00 HOST-REDACTED-A systemd[2063]: Stopped gamemoded.
2026-07-20T23:11:02.925993+02:00 HOST-REDACTED-A systemd[2063]: Stopped PipeWire filter chain daemon.
2026-07-20T23:11:02.926146+02:00 HOST-REDACTED-A systemd[2063]: Stopped Service for enabling and controlling dmem cgroup limits for boosting foreground games, user-level.
2026-07-20T23:11:02.926288+02:00 HOST-REDACTED-A systemd[2063]: Stopped Consumer Electronics Control (CEC) Daemon.
2026-07-20T23:11:02.926435+02:00 HOST-REDACTED-A systemd[2063]: Stopped PipeWire PulseAudio.
2026-07-20T23:11:02.926461+02:00 HOST-REDACTED-A systemd[2063]: pipewire-pulse.service: Consumed 1min 10.261s CPU time, 71.1M memory peak.
2026-07-20T23:11:02.926653+02:00 HOST-REDACTED-A systemd[2063]: Stopped dbus-:1.36-org.a11y.atspi.Registry@0.service.
2026-07-20T23:11:02.926793+02:00 HOST-REDACTED-A systemd[2063]: Stopped dbus-:1.119-org.a11y.atspi.Registry@0.service.
2026-07-20T23:11:02.926942+02:00 HOST-REDACTED-A systemd[2063]: Stopped User preferences database.
2026-07-20T23:11:02.927075+02:00 HOST-REDACTED-A systemd[2063]: Stopped dbus-:1.1923-org.a11y.atspi.Registry@0.service.
2026-07-20T23:11:02.927543+02:00 HOST-REDACTED-A systemd[2063]: Removed slice Slice /app/dbus-:1.119-org.a11y.atspi.Registry.
2026-07-20T23:11:02.927611+02:00 HOST-REDACTED-A systemd[2063]: Removed slice Slice /app/dbus-:1.1923-org.a11y.atspi.Registry.
2026-07-20T23:11:02.927677+02:00 HOST-REDACTED-A systemd[2063]: Removed slice Slice /app/dbus-:1.36-org.a11y.atspi.Registry.
2026-07-20T23:11:02.927736+02:00 HOST-REDACTED-A systemd[2063]: Stopping Multimedia Service Session Manager...
2026-07-20T23:11:02.938592+02:00 HOST-REDACTED-A systemd[2063]: Stopped Multimedia Service Session Manager.
2026-07-20T23:11:02.938634+02:00 HOST-REDACTED-A systemd[2063]: wireplumber.service: Consumed 2min 24.781s CPU time, 37.7M memory peak.
2026-07-20T23:11:02.938786+02:00 HOST-REDACTED-A systemd[2063]: Stopping PipeWire Multimedia Service...
2026-07-20T23:11:02.939451+02:00 HOST-REDACTED-A systemd[2063]: Stopped PipeWire Multimedia Service.
2026-07-20T23:11:02.939479+02:00 HOST-REDACTED-A systemd[2063]: pipewire.service: Consumed 39.648s CPU time, 91.2M memory peak.
2026-07-20T23:11:02.953742+02:00 HOST-REDACTED-A steamos-manager[2205]: 2026-07-20T21:11:02.953731Z  INFO steamos_manager: Shutting down screenreader-setup
2026-07-20T23:11:02.955147+02:00 HOST-REDACTED-A systemd[2063]: Stopped SteamOS Manager Daemon.
2026-07-20T23:11:02.955185+02:00 HOST-REDACTED-A systemd[2063]: steamos-manager.service: Consumed 546ms CPU time, 64.6M memory peak.
2026-07-20T23:11:03.145141+02:00 HOST-REDACTED-A systemd[2063]: Stopped Elastic Agent (unprivileged).
2026-07-20T23:11:03.145213+02:00 HOST-REDACTED-A systemd[2063]: elastic-agent.service: Consumed 12min 19.756s CPU time, 1.4G memory peak.
2026-07-20T23:11:03.145330+02:00 HOST-REDACTED-A systemd[2063]: Stopped target Basic System.
2026-07-20T23:11:03.145370+02:00 HOST-REDACTED-A systemd[2063]: Stopped target Paths.
2026-07-20T23:11:03.145431+02:00 HOST-REDACTED-A systemd[2063]: Stopped Submitting pending crash events (file monitor).
2026-07-20T23:11:03.145457+02:00 HOST-REDACTED-A systemd[2063]: Stopped target Sockets.
2026-07-20T23:11:03.145489+02:00 HOST-REDACTED-A systemd[2063]: Stopped target Timers.
2026-07-20T23:11:03.145521+02:00 HOST-REDACTED-A systemd[2063]: Stopped Hourly RigSignal spool retention.
2026-07-20T23:11:03.145575+02:00 HOST-REDACTED-A systemd[2063]: Closed HDMI CEC volume and mute control.
2026-07-20T23:11:03.145626+02:00 HOST-REDACTED-A systemd[2063]: Closed GnuPG network certificate management daemon.
2026-07-20T23:11:03.145673+02:00 HOST-REDACTED-A systemd[2063]: Closed GnuPG cryptographic agent and passphrase cache (access for web browsers).
2026-07-20T23:11:03.145720+02:00 HOST-REDACTED-A systemd[2063]: Closed GnuPG cryptographic agent and passphrase cache (restricted).
2026-07-20T23:11:03.145767+02:00 HOST-REDACTED-A systemd[2063]: Closed GnuPG cryptographic agent (ssh-agent emulation).
2026-07-20T23:11:03.145812+02:00 HOST-REDACTED-A systemd[2063]: Closed GnuPG cryptographic agent and passphrase cache.
2026-07-20T23:11:03.145857+02:00 HOST-REDACTED-A systemd[2063]: Closed GnuPG public key management service.
2026-07-20T23:11:03.145902+02:00 HOST-REDACTED-A systemd[2063]: Closed p11-kit server.
2026-07-20T23:11:03.145947+02:00 HOST-REDACTED-A systemd[2063]: Closed PipeWire PulseAudio.
2026-07-20T23:11:03.145993+02:00 HOST-REDACTED-A systemd[2063]: Closed PipeWire Multimedia System Sockets.
2026-07-20T23:11:03.146094+02:00 HOST-REDACTED-A dbus-broker[2118]: Dispatched 87808 messages @ 3(±5)μs / message.
2026-07-20T23:11:03.146462+02:00 HOST-REDACTED-A systemd[2063]: Stopping D-Bus User Message Bus...
2026-07-20T23:11:03.146618+02:00 HOST-REDACTED-A systemd[2063]: Stopped D-Bus User Message Bus.
2026-07-20T23:11:03.146628+02:00 HOST-REDACTED-A systemd[2063]: dbus-broker.service: Consumed 1.641s CPU time, 6.1M memory peak.
2026-07-20T23:11:03.146866+02:00 HOST-REDACTED-A systemd[2063]: Removed slice User Core Session Slice.
2026-07-20T23:11:03.146870+02:00 HOST-REDACTED-A systemd[2063]: session.slice: Consumed 13min 15.278s CPU time, 810.4M memory peak.
2026-07-20T23:11:03.146943+02:00 HOST-REDACTED-A systemd[2063]: Closed D-Bus User Message Bus Socket.
2026-07-20T23:11:03.147021+02:00 HOST-REDACTED-A systemd[2063]: Removed slice User Application Slice.
2026-07-20T23:11:03.147025+02:00 HOST-REDACTED-A systemd[2063]: app.slice: Consumed 11h 14min 57.425s CPU time, 48.3G memory peak.
2026-07-20T23:11:03.147041+02:00 HOST-REDACTED-A systemd[2063]: Reached target Shutdown.
2026-07-20T23:11:03.147083+02:00 HOST-REDACTED-A systemd[2063]: Finished Exit the Session.
2026-07-20T23:11:03.147094+02:00 HOST-REDACTED-A systemd[2063]: Reached target Exit the Session.
