2026-07-21T09:13:13.748897+02:00 HOST-REDACTED-A NetworkManager[2041]: <info>  [1784617993.7488] device (enp12s0): state change: unmanaged -> unavailable (reason 'managed', managed-type: 'external')
2026-07-21T09:13:13.749196+02:00 HOST-REDACTED-A systemd[1]: Starting Network Manager Script Dispatcher Service...
2026-07-21T09:13:13.765514+02:00 HOST-REDACTED-A systemd[1]: Started Network Manager Script Dispatcher Service.
2026-07-21T09:13:13.772467+02:00 HOST-REDACTED-A kernel: Realtek Internal NBASE-T PHY r8169-0-c00:00: attached PHY driver (mii_bus:phy_addr=r8169-0-c00:00, irq=MAC)
2026-07-21T09:13:14.142374+02:00 HOST-REDACTED-A systemd[1]: Started Network Manager.
2026-07-21T09:13:14.142432+02:00 HOST-REDACTED-A NetworkManager[2041]: <info>  [1784617994.1424] bus-manager: acquired D-Bus service "org.freedesktop.NetworkManager"
2026-07-21T09:13:14.142467+02:00 HOST-REDACTED-A kernel: r8169 0000:0c:00.0 enp12s0: Link is Down
2026-07-21T09:13:14.142547+02:00 HOST-REDACTED-A systemd[1]: Reached target Network.
2026-07-21T09:13:14.142852+02:00 HOST-REDACTED-A NetworkManager[2041]: <info>  [1784617994.1428] ovsdb: disconnected from ovsdb
2026-07-21T09:13:14.142872+02:00 HOST-REDACTED-A NetworkManager[2041]: <info>  [1784617994.1428] device (lo): state change: disconnected -> prepare (reason 'none', managed-type: 'external')
2026-07-21T09:13:14.142917+02:00 HOST-REDACTED-A NetworkManager[2041]: <info>  [1784617994.1429] device (lo): state change: prepare -> config (reason 'none', managed-type: 'external')
2026-07-21T09:13:14.142957+02:00 HOST-REDACTED-A NetworkManager[2041]: <info>  [1784617994.1429] device (lo): state change: config -> ip-config (reason 'none', managed-type: 'external')
2026-07-21T09:13:14.143069+02:00 HOST-REDACTED-A NetworkManager[2041]: <info>  [1784617994.1430] device (lo): state change: ip-config -> ip-check (reason 'none', managed-type: 'external')
2026-07-21T09:13:14.143323+02:00 HOST-REDACTED-A systemd[1]: Starting Network Manager Wait Online...
2026-07-21T09:13:14.143430+02:00 HOST-REDACTED-A NetworkManager[2041]: <info>  [1784617994.1434] device (lo): state change: ip-check -> secondaries (reason 'none', managed-type: 'external')
2026-07-21T09:13:14.143459+02:00 HOST-REDACTED-A NetworkManager[2041]: <info>  [1784617994.1434] device (lo): state change: secondaries -> activated (reason 'none', managed-type: 'external')
2026-07-21T09:13:14.143554+02:00 HOST-REDACTED-A NetworkManager[2041]: <info>  [1784617994.1435] device (lo): Activation: successful, device activated.
2026-07-21T09:13:14.143859+02:00 HOST-REDACTED-A systemd[1]: Started SteamDeck Plugin Loader.
2026-07-21T09:13:14.144264+02:00 HOST-REDACTED-A systemd[1]: Starting OpenSSH Daemon...
2026-07-21T09:13:14.144644+02:00 HOST-REDACTED-A systemd[1]: Starting Permit User Sessions...
2026-07-21T09:13:14.159761+02:00 HOST-REDACTED-A systemd[1]: Starting Copy wireless domain from self-managed phy to global kernel domain...
2026-07-21T09:13:14.161066+02:00 HOST-REDACTED-A systemd[1]: Finished Permit User Sessions.
2026-07-21T09:13:14.161699+02:00 HOST-REDACTED-A systemd[1]: Starting Deactivate Plymouth Boot Screen...
2026-07-21T09:13:14.162132+02:00 HOST-REDACTED-A systemd[1]: Starting Hold until boot process finishes up...
2026-07-21T09:13:14.162616+02:00 HOST-REDACTED-A systemd[1]: Starting Terminate Plymouth Boot Screen...
2026-07-21T09:13:14.162949+02:00 HOST-REDACTED-A systemd[1]: Starting User Manager for UID 1000...
2026-07-21T09:13:14.163920+02:00 HOST-REDACTED-A sshd[2053]: Server listening on 0.0.0.0 port 22.
2026-07-21T09:13:14.163931+02:00 HOST-REDACTED-A sshd[2053]: Server listening on :: port 22.
2026-07-21T09:13:14.163951+02:00 HOST-REDACTED-A systemd[1]: Started OpenSSH Daemon.
2026-07-21T09:13:14.164023+02:00 HOST-REDACTED-A systemd[1]: Reached target SSH Access Available.
2026-07-21T09:13:14.168966+02:00 HOST-REDACTED-A dbus-broker-launch[1735]: Activation request for 'org.freedesktop.home1' failed: The systemd unit 'dbus-org.freedesktop.home1.service' could not be found.
2026-07-21T09:13:14.170140+02:00 HOST-REDACTED-A (systemd)[2069]: pam_warn(systemd-user:setcred): function=[pam_sm_setcred] flags=0x8002 service=[systemd-user] terminal=[] user=[USER-REDACTED] ruser=[<unknown>] rhost=[<unknown>]
2026-07-21T09:13:14.171133+02:00 HOST-REDACTED-A (systemd)[2069]: pam_unix(systemd-user:session): session opened for user USER-REDACTED(uid=1000) by USER-REDACTED(uid=0)
2026-07-21T09:13:14.171861+02:00 HOST-REDACTED-A systemd-logind[1772]: New session 1 of user USER-REDACTED.
2026-07-21T09:13:14.174457+02:00 HOST-REDACTED-A systemd[1]: Received SIGRTMIN+21 from PID 278 (plymouthd).
2026-07-21T09:13:14.183672+02:00 HOST-REDACTED-A systemd[1]: Received SIGRTMIN+21 from PID 278 (plymouthd).
2026-07-21T09:13:14.183977+02:00 HOST-REDACTED-A systemd[1]: Finished Deactivate Plymouth Boot Screen.
2026-07-21T09:13:14.184204+02:00 HOST-REDACTED-A systemd[1]: Finished Hold until boot process finishes up.
2026-07-21T09:13:14.184340+02:00 HOST-REDACTED-A systemd[1]: Finished Terminate Plymouth Boot Screen.
2026-07-21T09:13:14.185075+02:00 HOST-REDACTED-A systemd[1]: Starting Jupiter Controller Firmware Update Service...
2026-07-21T09:13:14.191406+02:00 HOST-REDACTED-A jupiter-controller-update-with-splash[2092]: Device does not look like a Steam Deck, not attempting to flash any controllers
2026-07-21T09:13:14.191790+02:00 HOST-REDACTED-A systemd[1]: jupiter-controller-update.service: Deactivated successfully.
2026-07-21T09:13:14.191861+02:00 HOST-REDACTED-A systemd[1]: Finished Jupiter Controller Firmware Update Service.
2026-07-21T09:13:14.192367+02:00 HOST-REDACTED-A systemd[1]: Starting Simple Desktop Display Manager...
2026-07-21T09:13:14.194608+02:00 HOST-REDACTED-A rm[2099]: rm: cannot remove '/etc/sddm.conf.d/zzt-steamos-temp-login.conf': No such file or directory
2026-07-21T09:13:14.194950+02:00 HOST-REDACTED-A systemd[1]: Started Simple Desktop Display Manager.
2026-07-21T09:13:14.200465+02:00 HOST-REDACTED-A kernel: cfg80211: Loading compiled-in X.509 certificates for regulatory database
2026-07-21T09:13:14.200489+02:00 HOST-REDACTED-A kernel: Loaded X.509 cert 'sforshee: 00b28ddf47aef9cea7'
2026-07-21T09:13:14.200500+02:00 HOST-REDACTED-A kernel: Loaded X.509 cert 'wens: 61c038651aabdcf94bd0ac7ff06c7248db18c600'
2026-07-21T09:13:14.201894+02:00 HOST-REDACTED-A (udev-worker)[732]: cfg80211: Process '/usr/bin/set-wireless-regdom' failed with exit code 1.
2026-07-21T09:13:14.205112+02:00 HOST-REDACTED-A wireless-domain-setter[2055]: Early-exiting as we found no self-managed phy's
2026-07-21T09:13:14.205370+02:00 HOST-REDACTED-A systemd[1]: wireless-domain-setter.service: Deactivated successfully.
2026-07-21T09:13:14.205457+02:00 HOST-REDACTED-A systemd[1]: Finished Copy wireless domain from self-managed phy to global kernel domain.
2026-07-21T09:13:14.215735+02:00 HOST-REDACTED-A sddm[2101]: Initializing...
2026-07-21T09:13:14.216864+02:00 HOST-REDACTED-A sddm[2101]: Starting...
2026-07-21T09:13:14.216895+02:00 HOST-REDACTED-A sddm[2101]: Logind interface found
2026-07-21T09:13:14.217064+02:00 HOST-REDACTED-A sddm[2101]: Adding new display...
2026-07-21T09:13:14.217155+02:00 HOST-REDACTED-A sddm[2101]: Loaded empty theme configuration
2026-07-21T09:13:14.217252+02:00 HOST-REDACTED-A sddm[2101]: Using VT 1
2026-07-21T09:13:14.217258+02:00 HOST-REDACTED-A sddm[2101]: Display server started.
2026-07-21T09:13:14.217380+02:00 HOST-REDACTED-A sddm[2101]: Reading from "/usr/local/share/wayland-sessions/gamescope-wayland.desktop"
2026-07-21T09:13:14.217385+02:00 HOST-REDACTED-A sddm[2101]: Reading from "/usr/share/wayland-sessions/gamescope-wayland.desktop"
2026-07-21T09:13:14.217560+02:00 HOST-REDACTED-A sddm[2101]: Session "/usr/share/wayland-sessions/gamescope-wayland.desktop" selected, command: "start-gamescope-session" for VT 1
2026-07-21T09:13:14.223668+02:00 HOST-REDACTED-A sddm-helper[2116]: [PAM] Starting...
2026-07-21T09:13:14.223673+02:00 HOST-REDACTED-A sddm-helper[2116]: [PAM] Authenticating...
2026-07-21T09:13:14.223728+02:00 HOST-REDACTED-A sddm-helper[2116]: pam_kwallet5(sddm-autologin:auth): pam_kwallet5: pam_sm_authenticate
2026-07-21T09:13:14.223736+02:00 HOST-REDACTED-A sddm-helper[2116]: [PAM] Preparing to converse...
2026-07-21T09:13:14.223734+02:00 HOST-REDACTED-A sddm-helper[2116]: pam_kwallet5(sddm-autologin:auth): pam_kwallet5: Couldn't get password (it is empty)
2026-07-21T09:13:14.223738+02:00 HOST-REDACTED-A sddm-helper[2116]: [PAM] Conversation with 1 messages
2026-07-21T09:13:14.224099+02:00 HOST-REDACTED-A sddm-helper[2116]: pam_kwallet5(sddm-autologin:auth): pam_kwallet5: Empty or missing password, doing nothing
2026-07-21T09:13:14.224717+02:00 HOST-REDACTED-A sddm-helper[2116]: [PAM] returning.
2026-07-21T09:13:14.226383+02:00 HOST-REDACTED-A sddm[2101]: Authentication for user  "USER-REDACTED"  successful
2026-07-21T09:13:14.226439+02:00 HOST-REDACTED-A sddm-helper[2116]: pam_kwallet5(sddm-autologin:setcred): pam_kwallet5: pam_sm_setcred
2026-07-21T09:13:14.227609+02:00 HOST-REDACTED-A sddm-helper[2116]: pam_unix(sddm-autologin:session): session opened for user USER-REDACTED(uid=1000) by USER-REDACTED(uid=0)
2026-07-21T09:13:14.243667+02:00 HOST-REDACTED-A systemd-logind[1772]: New session 2 of user USER-REDACTED.
2026-07-21T09:13:14.296949+02:00 HOST-REDACTED-A systemd[2069]: Queued start job for default target Main User Target.
2026-07-21T09:13:14.310770+02:00 HOST-REDACTED-A systemd[2069]: Created slice User Application Slice.
2026-07-21T09:13:14.310902+02:00 HOST-REDACTED-A systemd[2069]: Created slice User Core Session Slice.
2026-07-21T09:13:14.311163+02:00 HOST-REDACTED-A systemd[2069]: Started Submitting pending crash events (file monitor).
2026-07-21T09:13:14.311171+02:00 HOST-REDACTED-A systemd[2069]: Cleanup lingering KCrash metadata was skipped because of an unmet condition check (ConditionPathExistsGlob=/<USER-REDACTED>/.cache/kcrash-metadata/*.ini).
2026-07-21T09:13:14.311176+02:00 HOST-REDACTED-A systemd[2069]: Submitting pending crash events was skipped because of an unmet condition check (ConditionPathExistsGlob=/<USER-REDACTED>/.cache/drkonqi/sentry-envelopes/*).
2026-07-21T09:13:14.311272+02:00 HOST-REDACTED-A systemd[2069]: Started Hourly RigSignal spool retention.
2026-07-21T09:13:14.311280+02:00 HOST-REDACTED-A systemd[2069]: Reached target Paths.
2026-07-21T09:13:14.311293+02:00 HOST-REDACTED-A systemd[2069]: Reached target Timers.
2026-07-21T09:13:14.311327+02:00 HOST-REDACTED-A systemd[2069]: Listening on HDMI CEC volume and mute control.
2026-07-21T09:13:14.311604+02:00 HOST-REDACTED-A systemd[2069]: Starting D-Bus User Message Bus Socket...
2026-07-21T09:13:14.311632+02:00 HOST-REDACTED-A systemd[2069]: Listening on GnuPG network certificate management daemon.
2026-07-21T09:13:14.312015+02:00 HOST-REDACTED-A systemd[2069]: Listening on Socket to launch DrKonqi for a systemd-coredump crash.
2026-07-21T09:13:14.312030+02:00 HOST-REDACTED-A systemd[2069]: Listening on GnuPG cryptographic agent and passphrase cache (access for web browsers).
2026-07-21T09:13:14.312043+02:00 HOST-REDACTED-A systemd[2069]: Listening on GnuPG cryptographic agent and passphrase cache (restricted).
2026-07-21T09:13:14.312055+02:00 HOST-REDACTED-A systemd[2069]: Listening on GnuPG cryptographic agent (ssh-agent emulation).
2026-07-21T09:13:14.312068+02:00 HOST-REDACTED-A systemd[2069]: Listening on GnuPG cryptographic agent and passphrase cache.
2026-07-21T09:13:14.312082+02:00 HOST-REDACTED-A systemd[2069]: Listening on GnuPG public key management service.
2026-07-21T09:13:14.312098+02:00 HOST-REDACTED-A systemd[2069]: Listening on p11-kit server.
2026-07-21T09:13:14.312111+02:00 HOST-REDACTED-A systemd[2069]: Listening on PipeWire PulseAudio.
2026-07-21T09:13:14.312127+02:00 HOST-REDACTED-A systemd[2069]: Listening on PipeWire Multimedia System Sockets.
2026-07-21T09:13:14.316581+02:00 HOST-REDACTED-A systemd[2069]: Listening on D-Bus User Message Bus Socket.
2026-07-21T09:13:14.316603+02:00 HOST-REDACTED-A systemd[2069]: Reached target Sockets.
2026-07-21T09:13:14.316885+02:00 HOST-REDACTED-A systemd[2069]: Starting D-Bus User Message Bus...
2026-07-21T09:13:14.321085+02:00 HOST-REDACTED-A dbus-broker-launch[2123]: Service file '/usr/share//dbus-1/services/org.kde.dolphin.FileManager1.service' is not named after the D-Bus name 'org.freedesktop.FileManager1'.
2026-07-21T09:13:14.321131+02:00 HOST-REDACTED-A dbus-broker-launch[2123]: Service file '/usr/share//dbus-1/services/org.kde.kscreen.service' is not named after the D-Bus name 'org.kde.KScreen'.
2026-07-21T09:13:14.321374+02:00 HOST-REDACTED-A dbus-broker-launch[2123]: Policy to allow eavesdropping in /usr/share/dbus-1/session.conf +31: Eavesdropping is deprecated and ignored
2026-07-21T09:13:14.321374+02:00 HOST-REDACTED-A dbus-broker-launch[2123]: Policy to allow eavesdropping in /usr/share/dbus-1/session.conf +33: Eavesdropping is deprecated and ignored
2026-07-21T09:13:14.321150+02:00 HOST-REDACTED-A dbus-broker-launch[2123]: Service file '/usr/share//dbus-1/services/org.kde.plasma.Notifications.service' is not named after the D-Bus name 'org.freedesktop.Notifications'.
2026-07-21T09:13:14.321202+02:00 HOST-REDACTED-A systemd[2069]: Started D-Bus User Message Bus.
2026-07-21T09:13:14.321926+02:00 HOST-REDACTED-A dbus-broker-launch[2123]: Ready
2026-07-21T09:13:14.322116+02:00 HOST-REDACTED-A systemd[2069]: Reached target Basic System.
2026-07-21T09:13:14.322137+02:00 HOST-REDACTED-A systemd[2069]: Cleanup lingering KCrash metadata was skipped because of an unmet condition check (ConditionPathExistsGlob=/<USER-REDACTED>/.cache/kcrash-metadata/*.ini).
2026-07-21T09:13:14.322145+02:00 HOST-REDACTED-A systemd[1]: Started User Manager for UID 1000.
2026-07-21T09:13:14.322384+02:00 HOST-REDACTED-A systemd[2069]: Starting Elastic Agent (unprivileged)...
2026-07-21T09:13:14.322436+02:00 HOST-REDACTED-A systemd[1]: Started Session 2 of User USER-REDACTED.
2026-07-21T09:13:14.322666+02:00 HOST-REDACTED-A systemd[2069]: Starting gamemoded...
2026-07-21T09:13:14.322689+02:00 HOST-REDACTED-A sddm-helper[2116]: pam_kwallet5(sddm-autologin:session): pam_kwallet5: pam_sm_open_session
2026-07-21T09:13:14.322701+02:00 HOST-REDACTED-A sddm-helper[2116]: pam_kwallet5(sddm-autologin:session): pam_kwallet5: open_session called without kwallet5_key
2026-07-21T09:13:14.322980+02:00 HOST-REDACTED-A systemd[2069]: Started PipeWire Multimedia Service.
2026-07-21T09:13:14.323221+02:00 HOST-REDACTED-A systemd[2069]: Started RigSignal metrics agent (user install).
2026-07-21T09:13:14.323291+02:00 HOST-REDACTED-A sddm-helper[2116]: Starting Wayland user session: "/usr/share/sddm/scripts/wayland-session" "start-gamescope-session"
2026-07-21T09:13:14.323448+02:00 HOST-REDACTED-A systemd[2069]: Starting Prune harvested RigSignal spool files older than 48h...
2026-07-21T09:13:14.323546+02:00 HOST-REDACTED-A sddm-helper[2131]: Jumping to VT 1
2026-07-21T09:13:14.323559+02:00 HOST-REDACTED-A sddm-helper[2131]: VT mode didn't need to be fixed
2026-07-21T09:13:14.323846+02:00 HOST-REDACTED-A systemd[2069]: Started Multimedia Service Session Manager.
2026-07-21T09:13:14.324180+02:00 HOST-REDACTED-A systemd[2069]: Started PipeWire filter chain daemon.
2026-07-21T09:13:14.324466+02:00 HOST-REDACTED-A systemd[2069]: Starting Update XDG user dir configuration...
2026-07-21T09:13:14.324704+02:00 HOST-REDACTED-A sddm[2101]: Session started true
2026-07-21T09:13:14.325345+02:00 HOST-REDACTED-A systemd[2069]: Started gamemoded.
2026-07-21T09:13:14.327528+02:00 HOST-REDACTED-A systemd[2069]: Started Elastic Agent (unprivileged).
2026-07-21T09:13:14.327752+02:00 HOST-REDACTED-A systemd[2069]: Finished Update XDG user dir configuration.
2026-07-21T09:13:14.327905+02:00 HOST-REDACTED-A systemd[2069]: Reached target Main User Target.
2026-07-21T09:13:14.333726+02:00 HOST-REDACTED-A systemd[1]: Starting RealtimeKit Scheduling Policy Service...
2026-07-21T09:13:14.338162+02:00 HOST-REDACTED-A systemd[1]: Started RealtimeKit Scheduling Policy Service.
2026-07-21T09:13:14.338342+02:00 HOST-REDACTED-A rigsignal-agent[2129]: 2026-07-21T07:13:14.338323Z  INFO rigsignal_agent: Collecting host environment snapshot…
2026-07-21T09:13:14.338595+02:00 HOST-REDACTED-A rtkit-daemon[2176]: Handling system-suspend using logind.
2026-07-21T09:13:14.340344+02:00 HOST-REDACTED-A rtkit-daemon[2176]: Successfully made thread 2132 of process 2132 owned by '1000' high priority at nice level -11.
2026-07-21T09:13:14.341927+02:00 HOST-REDACTED-A rtkit-daemon[2176]: Successfully made thread 2128 of process 2128 owned by '1000' high priority at nice level -11.
2026-07-21T09:13:14.343080+02:00 HOST-REDACTED-A rtkit-daemon[2176]: Successfully made thread 2175 of process 2128 owned by '1000' RT at priority 20.
2026-07-21T09:13:14.346575+02:00 HOST-REDACTED-A rtkit-daemon[2176]: Successfully made thread 2191 of process 2132 owned by '1000' RT at priority 20.
2026-07-21T09:13:14.367068+02:00 HOST-REDACTED-A systemd[2069]: Started Service for enabling and controlling dmem cgroup limits for boosting foreground games, user-level.
2026-07-21T09:13:14.367511+02:00 HOST-REDACTED-A systemd[2069]: Starting SteamOS Manager cecd configurator...
2026-07-21T09:13:14.367882+02:00 HOST-REDACTED-A systemd[2069]: Starting SteamOS Manager Daemon...
2026-07-21T09:13:14.368227+02:00 HOST-REDACTED-A systemd[2069]: Started Power Button daemon for SteamOS.
2026-07-21T09:13:14.379962+02:00 HOST-REDACTED-A systemd[2069]: Finished SteamOS Manager cecd configurator.
2026-07-21T09:13:14.380476+02:00 HOST-REDACTED-A systemd[2069]: Starting Consumer Electronics Control (CEC) Daemon...
2026-07-21T09:13:14.381036+02:00 HOST-REDACTED-A systemd[2069]: Starting SteamOS Manager cecd configurator...
2026-07-21T09:13:14.385324+02:00 HOST-REDACTED-A systemd[2069]: Finished SteamOS Manager cecd configurator.
2026-07-21T09:13:14.387412+02:00 HOST-REDACTED-A systemd[2069]: Started Consumer Electronics Control (CEC) Daemon.
2026-07-21T09:13:14.389607+02:00 HOST-REDACTED-A steamos-manager[2219]: 2026-07-21T07:13:14.389597Z  WARN steamos_manager::manager::user: Can't add GpuPerformanceLevel1 interface: No GPU power profile driver configured
2026-07-21T09:13:14.389607+02:00 HOST-REDACTED-A steamos-manager[2219]: 2026-07-21T07:13:14.389605Z  WARN steamos_manager::manager::user: Can't add GpuPowerProfile1 interface: No GPU power profile driver configured
2026-07-21T09:13:14.391049+02:00 HOST-REDACTED-A steamos-manager[2219]: 2026-07-21T07:13:14.391042Z  INFO steamos_manager: Starting signal-relay
2026-07-21T09:13:14.391049+02:00 HOST-REDACTED-A steamos-manager[2219]: 2026-07-21T07:13:14.391043Z  INFO steamos_manager: Starting session-manager
2026-07-21T09:13:14.391072+02:00 HOST-REDACTED-A steamos-manager[2219]: 2026-07-21T07:13:14.391056Z  INFO steamos_manager: Starting screenreader-setup
2026-07-21T09:13:14.391072+02:00 HOST-REDACTED-A steamos-manager[2219]: 2026-07-21T07:13:14.391055Z  INFO steamos_manager: Starting job-manager
2026-07-21T09:13:14.391072+02:00 HOST-REDACTED-A steamos-manager[2219]: 2026-07-21T07:13:14.391062Z  INFO steamos_manager: Starting tdp-manager
2026-07-21T09:13:14.391072+02:00 HOST-REDACTED-A steamos-manager[2219]: 2026-07-21T07:13:14.391065Z  INFO steamos_manager: Starting cecd-listener
2026-07-21T09:13:14.391647+02:00 HOST-REDACTED-A steamos-manager[2219]: 2026-07-21T07:13:14.391640Z  INFO steamos_manager: No config file /usr/share/steamos-manager/user.d/config.toml found
2026-07-21T09:13:14.391672+02:00 HOST-REDACTED-A steamos-manager[2219]: 2026-07-21T07:13:14.391654Z  INFO steamos_manager: No config file /<USER-REDACTED>/.config/steamos-manager/config.toml found
2026-07-21T09:13:14.391672+02:00 HOST-REDACTED-A steamos-manager[2219]: 2026-07-21T07:13:14.391667Z  INFO steamos_manager: Starting udev-monitor
2026-07-21T09:13:14.393770+02:00 HOST-REDACTED-A systemd[2069]: Started SteamOS Manager Daemon.
2026-07-21T09:13:14.394274+02:00 HOST-REDACTED-A systemd[2069]: Starting SteamOS Manager temporary session cleanup...
2026-07-21T09:13:14.394642+02:00 HOST-REDACTED-A steamos-manager[2219]: 2026-07-21T07:13:14.394633Z  INFO steamos_manager::screenreader: Done loading orca user-settings.conf, values: Rate: 50, Pitch: 5, Volume: 10
2026-07-21T09:13:14.397475+02:00 HOST-REDACTED-A kernel: input: steamos-manager as /devices/virtual/input/input30
2026-07-21T09:13:14.397787+02:00 HOST-REDACTED-A systemd[2069]: Finished SteamOS Manager temporary session cleanup.
2026-07-21T09:13:14.397926+02:00 HOST-REDACTED-A systemd[2069]: Reached target Session services which should run early before the graphical session is brought up.
2026-07-21T09:13:14.398413+02:00 HOST-REDACTED-A systemd[2069]: Starting Gamescope Session...
2026-07-21T09:13:14.407360+02:00 HOST-REDACTED-A gamescope-session[2339]: Making Gamescope Mode Save file at "/<USER-REDACTED>/.config/gamescope/modes.cfg"
2026-07-21T09:13:14.407612+02:00 HOST-REDACTED-A rigsignal-spool-retention[2130]: skip: elastic-agent is not healthy
2026-07-21T09:13:14.409936+02:00 HOST-REDACTED-A gamescope-session[2339]: Making Gamescope patched edid at "/<USER-REDACTED>/.config/gamescope/edid.bin"
2026-07-21T09:13:14.410847+02:00 HOST-REDACTED-A systemd[2069]: Finished Prune harvested RigSignal spool files older than 48h.
2026-07-21T09:13:14.419198+02:00 HOST-REDACTED-A gamescope-session[2339]: Removing file: /<USER-REDACTED>/.local/share/Steam/config/uioverrides/movies/*
2026-07-21T09:13:14.420031+02:00 HOST-REDACTED-A gamescope-session[2371]: rm: cannot remove '/<USER-REDACTED>/.local/share/Steam/config/uioverrides/movies/*': No such file or directory
2026-07-21T09:13:14.420902+02:00 HOST-REDACTED-A gamescope-session[2374]: rm: cannot remove '/<USER-REDACTED>/.local/share/Steam/config/uioverrides/movies/*.installed': No such file or directory
2026-07-21T09:13:14.427508+02:00 HOST-REDACTED-A gamescope-session[2339]: Claimed global gamescope stats session at "/run/user/1000/gamescope-stats"
2026-07-21T09:13:14.438450+02:00 HOST-REDACTED-A gamescope-session[2339]: [gamescope] [Info]  console: gamescope version 3.16.23.5 (gcc 15.1.1)
2026-07-21T09:13:14.438488+02:00 HOST-REDACTED-A gamescope-session[2339]: Tracing is enabled
2026-07-21T09:13:14.438488+02:00 HOST-REDACTED-A gamescope-session[2339]: [gamescope] [Info]  scriptmgr: Loading scripts from: '/usr/share/gamescope/scripts'
2026-07-21T09:13:14.438773+02:00 HOST-REDACTED-A gamescope-session[2339]: [gamescope] [Info]  scriptmgr: Loading scripts from: '/usr/share/gamescope/scripts/00-gamescope'
2026-07-21T09:13:14.438783+02:00 HOST-REDACTED-A gamescope-session[2339]: [gamescope] [Info]  scriptmgr: Loading scripts from: '/usr/share/gamescope/scripts/00-gamescope/common'
2026-07-21T09:13:14.438797+02:00 HOST-REDACTED-A gamescope-session[2339]: [gamescope] [Info]  scriptmgr: Running script file '/usr/share/gamescope/scripts/00-gamescope/common/inspect.lua' (id: 0)
2026-07-21T09:13:14.439170+02:00 HOST-REDACTED-A gamescope-session[2339]: [gamescope] [Info]  scriptmgr: Running script file '/usr/share/gamescope/scripts/00-gamescope/common/modegen.lua' (id: 1)
2026-07-21T09:13:14.439198+02:00 HOST-REDACTED-A gamescope-session[2339]: [gamescope] [Info]  scriptmgr: Running script file '/usr/share/gamescope/scripts/00-gamescope/common/util.lua' (id: 2)
2026-07-21T09:13:14.439209+02:00 HOST-REDACTED-A gamescope-session[2339]: [gamescope] [Info]  scriptmgr: Loading scripts from: '/usr/share/gamescope/scripts/00-gamescope/displays'
2026-07-21T09:13:14.439253+02:00 HOST-REDACTED-A gamescope-session[2339]: [gamescope] [Info]  scriptmgr: Running script file '/usr/share/gamescope/scripts/00-gamescope/displays/asus.rogally.lcd.lua' (id: 3)
2026-07-21T09:13:14.439290+02:00 HOST-REDACTED-A gamescope-session[2339]: [gamescope] [Info]  scriptmgr: Running script file '/usr/share/gamescope/scripts/00-gamescope/displays/deckhd.steamdeck.deckhd-lcd.lua' (id: 4)
2026-07-21T09:13:14.439312+02:00 HOST-REDACTED-A gamescope-session[2339]: [gamescope] [Info]  scriptmgr: Running script file '/usr/share/gamescope/scripts/00-gamescope/displays/gpd.win4.lcd.lua' (id: 5)
2026-07-21T09:13:14.439338+02:00 HOST-REDACTED-A gamescope-session[2339]: [gamescope] [Info]  scriptmgr: Running script file '/usr/share/gamescope/scripts/00-gamescope/displays/lenovo.legiongo.lcd.lua' (id: 6)
2026-07-21T09:13:14.439355+02:00 HOST-REDACTED-A gamescope-session[2339]: [gamescope] [Info]  scriptmgr: Running script file '/usr/share/gamescope/scripts/00-gamescope/displays/lenovo.legiongos.lcd.lua' (id: 7)
2026-07-21T09:13:14.439376+02:00 HOST-REDACTED-A gamescope-session[2339]: [gamescope] [Info]  scriptmgr: Running script file '/usr/share/gamescope/scripts/00-gamescope/displays/onexplayer.f1.oled.lua' (id: 8)
2026-07-21T09:13:14.439395+02:00 HOST-REDACTED-A gamescope-session[2339]: [gamescope] [Info]  scriptmgr: Running script file '/usr/share/gamescope/scripts/00-gamescope/displays/valve.steamdeck.lcd.lua' (id: 9)
2026-07-21T09:13:14.439424+02:00 HOST-REDACTED-A gamescope-session[2339]: [gamescope] [Info]  scriptmgr: Running script file '/usr/share/gamescope/scripts/00-gamescope/displays/valve.steamdeck.oled.lua' (id: 10)
2026-07-21T09:13:14.439454+02:00 HOST-REDACTED-A gamescope-session[2339]: [gamescope] [Info]  scriptmgr: Running script file '/usr/share/gamescope/scripts/00-gamescope/displays/zotac.zone.oled.lua' (id: 11)
2026-07-21T09:13:14.439480+02:00 HOST-REDACTED-A gamescope-session[2339]: [gamescope] [Info]  scriptmgr: Loading scripts from: '/etc/gamescope/scripts'
2026-07-21T09:13:14.439485+02:00 HOST-REDACTED-A gamescope-session[2339]: [gamescope] [Warn]  scriptmgr: Directory '/etc/gamescope/scripts' does not exist
2026-07-21T09:13:14.439491+02:00 HOST-REDACTED-A gamescope-session[2339]: [gamescope] [Info]  scriptmgr: Loading scripts from: '/<USER-REDACTED>/.config/gamescope/scripts'
2026-07-21T09:13:14.439491+02:00 HOST-REDACTED-A gamescope-session[2339]: [gamescope] [Warn]  scriptmgr: Directory '/<USER-REDACTED>/.config/gamescope/scripts' does not exist
2026-07-21T09:13:14.442026+02:00 HOST-REDACTED-A gamescope-session[2339]: ATTENTION: default value of option vk_xwayland_wait_ready overridden by environment.
2026-07-21T09:13:14.442578+02:00 HOST-REDACTED-A gamescope-session[2339]: ATTENTION: default value of option vk_xwayland_wait_ready overridden by environment.
2026-07-21T09:13:14.445307+02:00 HOST-REDACTED-A gamescope-session[2339]: WARNING: radv is not a conformant Vulkan implementation, testing use only.
2026-07-21T09:13:14.445653+02:00 HOST-REDACTED-A gamescope-session[2339]: [gamescope] [Info]  vulkan: selecting physical device 'AMD Radeon RX 9070 XT (RADV GFX1201)': queue family 1 (general queue family 0)
2026-07-21T09:13:14.445677+02:00 HOST-REDACTED-A gamescope-session[2339]: [gamescope] [Info]  vulkan: physical device supports DRM format modifiers
2026-07-21T09:13:14.445901+02:00 HOST-REDACTED-A gamescope-session[2339]: [Gamescope WSI] Forcing on VK_EXT_swapchain_maintenance1.
2026-07-21T09:13:14.450606+02:00 HOST-REDACTED-A gamescope-session[2339]: [gamescope] [Info]  wlserver: [backend/headless/backend.c:67] Creating headless backend
2026-07-21T09:13:14.450627+02:00 HOST-REDACTED-A gamescope-session[2339]: [gamescope] [Info]  wlserver: [libseat] [libseat/backend/seatd.c:64] Could not connect to socket /run/seatd.sock: No such file or directory
2026-07-21T09:13:14.450627+02:00 HOST-REDACTED-A gamescope-session[2339]: [gamescope] [Info]  wlserver: [libseat] [libseat/libseat.c:76] Backend 'seatd' failed to open seat, skipping
2026-07-21T09:13:14.451709+02:00 HOST-REDACTED-A gamescope-session[2339]: [gamescope] [Info]  wlserver: [libseat] [libseat/libseat.c:73] Seat opened with backend 'logind'
2026-07-21T09:13:14.451715+02:00 HOST-REDACTED-A gamescope-session[2339]: [gamescope] [Info]  wlserver: [backend/session/session.c:108] Successfully loaded libseat session
2026-07-21T09:13:14.453340+02:00 HOST-REDACTED-A gamescope-session[2339]: [gamescope] [Info]  drm: opening DRM node '/dev/dri/card0'
2026-07-21T09:13:14.460200+02:00 HOST-REDACTED-A gamescope-session[2339]: [gamescope] [Info]  drm: Connector DP-2 -> AOC - AG352UCG6
2026-07-21T09:13:14.460215+02:00 HOST-REDACTED-A gamescope-session[2339]: [gamescope] [Info]  drm: [colorimetry]: EDID with colorimetry detected. Using it
2026-07-21T09:13:14.460222+02:00 HOST-REDACTED-A gamescope-session[2339]: [gamescope] [Info]  drm: [colorimetry]: r 0.639648 0.330078
2026-07-21T09:13:14.460222+02:00 HOST-REDACTED-A gamescope-session[2339]: [gamescope] [Info]  drm: [colorimetry]: g 0.299805 0.599609
2026-07-21T09:13:14.460222+02:00 HOST-REDACTED-A gamescope-session[2339]: [gamescope] [Info]  drm: [colorimetry]: b 0.150391 0.059570
2026-07-21T09:13:14.460222+02:00 HOST-REDACTED-A gamescope-session[2339]: [gamescope] [Info]  drm: [colorimetry]: w 0.312500 0.329102
2026-07-21T09:13:14.462854+02:00 HOST-REDACTED-A gamescope-session[2339]: [gamescope] [Info]  drm: Connector DP-2 -> AOC - AG352UCG6
2026-07-21T09:13:14.462870+02:00 HOST-REDACTED-A gamescope-session[2339]: [gamescope] [Info]  drm: [colorimetry]: EDID with colorimetry detected. Using it
2026-07-21T09:13:14.462870+02:00 HOST-REDACTED-A gamescope-session[2339]: [gamescope] [Info]  drm: [colorimetry]: r 0.639648 0.330078
2026-07-21T09:13:14.462870+02:00 HOST-REDACTED-A gamescope-session[2339]: [gamescope] [Info]  drm: [colorimetry]: g 0.299805 0.599609
2026-07-21T09:13:14.462870+02:00 HOST-REDACTED-A gamescope-session[2339]: [gamescope] [Info]  drm: [colorimetry]: b 0.150391 0.059570
2026-07-21T09:13:14.462870+02:00 HOST-REDACTED-A gamescope-session[2339]: [gamescope] [Info]  drm: [colorimetry]: w 0.312500 0.329102
2026-07-21T09:13:14.463221+02:00 HOST-REDACTED-A gamescope-session[2339]: [gamescope] [Info]  drm: Connectors:
2026-07-21T09:13:14.463221+02:00 HOST-REDACTED-A gamescope-session[2339]: [gamescope] [Info]  drm:   HDMI-A-2 (disconnected)
2026-07-21T09:13:14.463221+02:00 HOST-REDACTED-A gamescope-session[2339]: [gamescope] [Info]  drm:   HDMI-A-1 (disconnected)
2026-07-21T09:13:14.463221+02:00 HOST-REDACTED-A gamescope-session[2339]: [gamescope] [Info]  drm:   DP-2 (connected)
2026-07-21T09:13:14.463221+02:00 HOST-REDACTED-A gamescope-session[2339]: [gamescope] [Info]  drm:   DP-1 (disconnected)
2026-07-21T09:13:14.463272+02:00 HOST-REDACTED-A gamescope-session[2339]: [gamescope] [Info]  drm: selecting connector DP-2
2026-07-21T09:13:14.463303+02:00 HOST-REDACTED-A gamescope-session[2339]: [gamescope] [Info]  drm: selecting mode 3440x1440@120Hz
2026-07-21T09:13:14.463509+02:00 HOST-REDACTED-A gamescope-session[2339]: [gamescope] [Info]  vulkan: supported DRM formats for sampling usage:
2026-07-21T09:13:14.463509+02:00 HOST-REDACTED-A gamescope-session[2339]: [gamescope] [Info]  vulkan:   AR24 (0x34325241)
2026-07-21T09:13:14.463509+02:00 HOST-REDACTED-A gamescope-session[2339]: [gamescope] [Info]  vulkan:   XR24 (0x34325258)
2026-07-21T09:13:14.463509+02:00 HOST-REDACTED-A gamescope-session[2339]: [gamescope] [Info]  vulkan:   AB24 (0x34324241)
2026-07-21T09:13:14.463509+02:00 HOST-REDACTED-A gamescope-session[2339]: [gamescope] [Info]  vulkan:   XB24 (0x34324258)
2026-07-21T09:13:14.463509+02:00 HOST-REDACTED-A gamescope-session[2339]: [gamescope] [Info]  vulkan:   RG16 (0x36314752)
2026-07-21T09:13:14.463509+02:00 HOST-REDACTED-A gamescope-session[2339]: [gamescope] [Info]  vulkan:   NV12 (0x3231564E)
2026-07-21T09:13:14.463551+02:00 HOST-REDACTED-A gamescope-session[2339]: [gamescope] [Info]  vulkan:   AB4H (0x48344241)
2026-07-21T09:13:14.463551+02:00 HOST-REDACTED-A gamescope-session[2339]: [gamescope] [Info]  vulkan:   XB4H (0x48344258)
2026-07-21T09:13:14.463551+02:00 HOST-REDACTED-A gamescope-session[2339]: [gamescope] [Info]  vulkan:   AB48 (0x38344241)
2026-07-21T09:13:14.463551+02:00 HOST-REDACTED-A gamescope-session[2339]: [gamescope] [Info]  vulkan:   XB48 (0x38344258)
2026-07-21T09:13:14.463551+02:00 HOST-REDACTED-A gamescope-session[2339]: [gamescope] [Info]  vulkan:   AB30 (0x30334241)
2026-07-21T09:13:14.463551+02:00 HOST-REDACTED-A gamescope-session[2339]: [gamescope] [Info]  vulkan:   XB30 (0x30334258)
2026-07-21T09:13:14.463551+02:00 HOST-REDACTED-A gamescope-session[2339]: [gamescope] [Info]  vulkan:   AR30 (0x30335241)
2026-07-21T09:13:14.463551+02:00 HOST-REDACTED-A gamescope-session[2339]: [gamescope] [Info]  vulkan:   XR30 (0x30335258)
2026-07-21T09:13:14.469768+02:00 HOST-REDACTED-A gamescope-session[2339]: [gamescope] [Info]  wlserver: Using explicit sync when available
2026-07-21T09:13:14.469781+02:00 HOST-REDACTED-A gamescope-session[2339]: [gamescope] [Info]  wlserver: Running compositor on wayland display 'gamescope-0'
2026-07-21T09:13:14.469781+02:00 HOST-REDACTED-A gamescope-session[2339]: [gamescope] [Info]  wlserver: [backend/headless/backend.c:17] Starting headless backend
2026-07-21T09:13:14.476826+02:00 HOST-REDACTED-A systemd[2069]: Started PipeWire PulseAudio.
2026-07-21T09:13:14.490391+02:00 HOST-REDACTED-A rigsignal-agent[2129]: 2026-07-21T07:13:14.490381Z  INFO rigsignal_agent::collectors::linux::gpu_amd: GPU card path: /sys/class/drm/card0/device
2026-07-21T09:13:14.490391+02:00 HOST-REDACTED-A rigsignal-agent[2129]: 2026-07-21T07:13:14.490390Z  INFO rigsignal_agent::collectors::linux::gpu_amd: GPU hwmon path: /sys/class/drm/card0/device/hwmon/hwmon8
2026-07-21T09:13:14.490418+02:00 HOST-REDACTED-A rigsignal-agent[2129]: 2026-07-21T07:13:14.490403Z  WARN rigsignal_agent: remote_connections tailer disabled: direct Elasticsearch endpoint and credentials are required
2026-07-21T09:13:14.490418+02:00 HOST-REDACTED-A rigsignal-agent[2129]: 2026-07-21T07:13:14.490405Z  INFO rigsignal_agent: Session UUID-REDACTED started
2026-07-21T09:13:14.494524+02:00 HOST-REDACTED-A rigsignal-agent[2129]: 2026-07-21T07:13:14.494519Z  INFO rigsignal_agent::session: No game detected — idle polling
2026-07-21T09:13:14.497686+02:00 HOST-REDACTED-A PluginLoader[2137]: [main][INFO]: Starting Decky version v3.2.0
2026-07-21T09:13:14.498011+02:00 HOST-REDACTED-A PluginLoader[2137]: [selector_events][DEBUG]: Using selector: EpollSelector
2026-07-21T09:13:14.498126+02:00 HOST-REDACTED-A PluginLoader[2137]: [loader][INFO]: plugin_path: /<USER-REDACTED>/homebrew/plugins
2026-07-21T09:13:14.500223+02:00 HOST-REDACTED-A PluginLoader[2137]: [inotify_buffer][DEBUG]: in-event <InotifyEvent: src_path=b'/<USER-REDACTED>/homebrew/plugins', wd=1, mask=IN_ISDIR|IN_OPEN, cookie=0, name=''>
2026-07-21T09:13:14.500278+02:00 HOST-REDACTED-A PluginLoader[2137]: [inotify_buffer][DEBUG]: in-event <InotifyEvent: src_path=b'/<USER-REDACTED>/homebrew/plugins/decky-lsfg-vk', wd=1, mask=IN_ISDIR|IN_OPEN, cookie=0, name='decky-lsfg-vk'>
2026-07-21T09:13:14.500298+02:00 HOST-REDACTED-A PluginLoader[2137]: [inotify_buffer][DEBUG]: in-event <InotifyEvent: src_path=b'/<USER-REDACTED>/homebrew/plugins/decky-lsfg-vk', wd=2, mask=IN_ISDIR|IN_OPEN, cookie=0, name=''>
2026-07-21T09:13:14.500316+02:00 HOST-REDACTED-A PluginLoader[2137]: [inotify_buffer][DEBUG]: in-event <InotifyEvent: src_path=b'/<USER-REDACTED>/homebrew/plugins/decky-lsfg-vk/bin', wd=2, mask=IN_ISDIR|IN_OPEN, cookie=0, name='bin'>
2026-07-21T09:13:14.500344+02:00 HOST-REDACTED-A PluginLoader[2137]: [inotify_buffer][DEBUG]: in-event <InotifyEvent: src_path=b'/<USER-REDACTED>/homebrew/plugins/decky-lsfg-vk/bin', wd=4, mask=IN_ISDIR|IN_OPEN, cookie=0, name=''>
2026-07-21T09:13:14.500362+02:00 HOST-REDACTED-A PluginLoader[2137]: [inotify_buffer][DEBUG]: in-event <InotifyEvent: src_path=b'/<USER-REDACTED>/homebrew/plugins/decky-lsfg-vk/py_modules', wd=2, mask=IN_ISDIR|IN_OPEN, cookie=0, name='py_modules'>
2026-07-21T09:13:14.500370+02:00 HOST-REDACTED-A rtkit-daemon[2176]: Successfully made thread 2403 of process 2403 owned by '1000' high priority at nice level -11.
2026-07-21T09:13:14.500390+02:00 HOST-REDACTED-A PluginLoader[2137]: [inotify_buffer][DEBUG]: in-event <InotifyEvent: src_path=b'/<USER-REDACTED>/homebrew/plugins/decky-lsfg-vk/py_modules', wd=5, mask=IN_ISDIR|IN_OPEN, cookie=0, name=''>
2026-07-21T09:13:14.500398+02:00 HOST-REDACTED-A PluginLoader[2137]: [inotify_buffer][DEBUG]: in-event <InotifyEvent: src_path=b'/<USER-REDACTED>/homebrew/plugins/decky-lsfg-vk/py_modules/lsfg_vk', wd=5, mask=IN_ISDIR|IN_OPEN, cookie=0, name='lsfg_vk'>
2026-07-21T09:13:14.500408+02:00 HOST-REDACTED-A PluginLoader[2137]: [inotify_buffer][DEBUG]: in-event <InotifyEvent: src_path=b'/<USER-REDACTED>/homebrew/plugins/decky-lsfg-vk/py_modules/lsfg_vk', wd=7, mask=IN_ISDIR|IN_OPEN, cookie=0, name=''>
2026-07-21T09:13:14.500420+02:00 HOST-REDACTED-A PluginLoader[2137]: [inotify_buffer][DEBUG]: in-event <InotifyEvent: src_path=b'/<USER-REDACTED>/homebrew/plugins/decky-lsfg-vk/dist', wd=2, mask=IN_ISDIR|IN_OPEN, cookie=0, name='dist'>
2026-07-21T09:13:14.500433+02:00 HOST-REDACTED-A PluginLoader[2137]: [inotify_buffer][DEBUG]: in-event <InotifyEvent: src_path=b'/<USER-REDACTED>/homebrew/plugins/decky-lsfg-vk/dist', wd=6, mask=IN_ISDIR|IN_OPEN, cookie=0, name=''>
2026-07-21T09:13:14.500445+02:00 HOST-REDACTED-A PluginLoader[2137]: [inotify_buffer][DEBUG]: in-event <InotifyEvent: src_path=b'/<USER-REDACTED>/homebrew/plugins/decky-lsfg-vk/dist/assets', wd=6, mask=IN_ISDIR|IN_OPEN, cookie=0, name='assets'>
2026-07-21T09:13:14.500458+02:00 HOST-REDACTED-A PluginLoader[2137]: [inotify_buffer][DEBUG]: in-event <InotifyEvent: src_path=b'/<USER-REDACTED>/homebrew/plugins/decky-lsfg-vk/dist/assets', wd=8, mask=IN_ISDIR|IN_OPEN, cookie=0, name=''>
2026-07-21T09:13:14.500475+02:00 HOST-REDACTED-A PluginLoader[2137]: [inotify_buffer][DEBUG]: in-event <InotifyEvent: src_path=b'/<USER-REDACTED>/homebrew/plugins/Decky-Framegen', wd=1, mask=IN_ISDIR|IN_OPEN, cookie=0, name='Decky-Framegen'>
2026-07-21T09:13:14.500484+02:00 HOST-REDACTED-A PluginLoader[2137]: [inotify_buffer][DEBUG]: in-event <InotifyEvent: src_path=b'/<USER-REDACTED>/homebrew/plugins/Decky-Framegen', wd=3, mask=IN_ISDIR|IN_OPEN, cookie=0, name=''>
2026-07-21T09:13:14.500497+02:00 HOST-REDACTED-A PluginLoader[2137]: [inotify_buffer][DEBUG]: in-event <InotifyEvent: src_path=b'/<USER-REDACTED>/homebrew/plugins/Decky-Framegen/bin', wd=3, mask=IN_ISDIR|IN_OPEN, cookie=0, name='bin'>
2026-07-21T09:13:14.500508+02:00 HOST-REDACTED-A PluginLoader[2137]: [inotify_buffer][DEBUG]: in-event <InotifyEvent: src_path=b'/<USER-REDACTED>/homebrew/plugins/Decky-Framegen/bin', wd=9, mask=IN_ISDIR|IN_OPEN, cookie=0, name=''>
2026-07-21T09:13:14.500546+02:00 HOST-REDACTED-A PluginLoader[2137]: [inotify_buffer][DEBUG]: in-event <InotifyEvent: src_path=b'/<USER-REDACTED>/homebrew/plugins/Decky-Framegen/assets', wd=3, mask=IN_ISDIR|IN_OPEN, cookie=0, name='assets'>
2026-07-21T09:13:14.500557+02:00 HOST-REDACTED-A PluginLoader[2137]: [inotify_buffer][DEBUG]: in-event <InotifyEvent: src_path=b'/<USER-REDACTED>/homebrew/plugins/Decky-Framegen/assets', wd=10, mask=IN_ISDIR|IN_OPEN, cookie=0, name=''>
2026-07-21T09:13:14.500569+02:00 HOST-REDACTED-A PluginLoader[2137]: [inotify_buffer][DEBUG]: in-event <InotifyEvent: src_path=b'/<USER-REDACTED>/homebrew/plugins/Decky-Framegen/assets/licenses', wd=10, mask=IN_ISDIR|IN_OPEN, cookie=0, name='licenses'>
2026-07-21T09:13:14.500580+02:00 HOST-REDACTED-A PluginLoader[2137]: [inotify_buffer][DEBUG]: in-event <InotifyEvent: src_path=b'/<USER-REDACTED>/homebrew/plugins/Decky-Framegen/assets/licenses', wd=12, mask=IN_ISDIR|IN_OPEN, cookie=0, name=''>
2026-07-21T09:13:14.500591+02:00 HOST-REDACTED-A PluginLoader[2137]: [inotify_buffer][DEBUG]: in-event <InotifyEvent: src_path=b'/<USER-REDACTED>/homebrew/plugins/Decky-Framegen/dist', wd=3, mask=IN_ISDIR|IN_OPEN, cookie=0, name='dist'>
2026-07-21T09:13:14.500602+02:00 HOST-REDACTED-A PluginLoader[2137]: [inotify_buffer][DEBUG]: in-event <InotifyEvent: src_path=b'/<USER-REDACTED>/homebrew/plugins/Decky-Framegen/dist', wd=11, mask=IN_ISDIR|IN_OPEN, cookie=0, name=''>
2026-07-21T09:13:14.500614+02:00 HOST-REDACTED-A PluginLoader[2137]: [inotify_buffer][DEBUG]: in-event <InotifyEvent: src_path=b'/<USER-REDACTED>/homebrew/plugins/Decky-Framegen/dist/assets', wd=11, mask=IN_ISDIR|IN_OPEN, cookie=0, name='assets'>
2026-07-21T09:13:14.500624+02:00 HOST-REDACTED-A PluginLoader[2137]: [inotify_buffer][DEBUG]: in-event <InotifyEvent: src_path=b'/<USER-REDACTED>/homebrew/plugins/Decky-Framegen/dist/assets', wd=13, mask=IN_ISDIR|IN_OPEN, cookie=0, name=''>
2026-07-21T09:13:14.501715+02:00 HOST-REDACTED-A rtkit-daemon[2176]: Successfully made thread 2411 of process 2403 owned by '1000' RT at priority 20.
2026-07-21T09:13:14.502160+02:00 HOST-REDACTED-A PluginLoader[2137]: [updater][DEBUG]: current branch: 1
2026-07-21T09:13:14.502983+02:00 HOST-REDACTED-A PluginLoader[2137]: [main][DEBUG]: Loading plugins
2026-07-21T09:13:14.502996+02:00 HOST-REDACTED-A PluginLoader[2137]: [loader][INFO]: import plugins from /<USER-REDACTED>/homebrew/plugins
2026-07-21T09:13:14.503051+02:00 HOST-REDACTED-A PluginLoader[2137]: [inotify_buffer][DEBUG]: in-event <InotifyEvent: src_path=b'/<USER-REDACTED>/homebrew/plugins', wd=1, mask=IN_ISDIR|IN_OPEN, cookie=0, name=''>
2026-07-21T09:13:14.503104+02:00 HOST-REDACTED-A PluginLoader[2137]: [loader][INFO]: found plugin: decky-lsfg-vk
2026-07-21T09:13:14.503149+02:00 HOST-REDACTED-A PluginLoader[2137]: [inotify_buffer][DEBUG]: in-event <InotifyEvent: src_path=b'/<USER-REDACTED>/homebrew/plugins/decky-lsfg-vk/plugin.json', wd=2, mask=IN_OPEN, cookie=0, name='plugin.json'>
2026-07-21T09:13:14.503258+02:00 HOST-REDACTED-A PluginLoader[2137]: [inotify_buffer][DEBUG]: in-event <InotifyEvent: src_path=b'/<USER-REDACTED>/homebrew/plugins/decky-lsfg-vk/package.json', wd=2, mask=IN_OPEN, cookie=0, name='package.json'>
2026-07-21T09:13:14.503417+02:00 HOST-REDACTED-A wireplumber[2132]: default: Failed to get percentage from UPower: org.freedesktop.DBus.Error.NameHasNoOwner
2026-07-21T09:13:14.505612+02:00 HOST-REDACTED-A wireplumber[2132]: wp-device: SPA handle 'api.libcamera.enum.manager' could not be loaded; is it installed?
2026-07-21T09:13:14.505617+02:00 HOST-REDACTED-A wireplumber[2132]: s-monitors-libcamera: PipeWire's libcamera SPA plugin is missing or broken. Some camera types may not be supported.
2026-07-21T09:13:14.514766+02:00 HOST-REDACTED-A PluginLoader[2137]: [loader][INFO]: Loaded decky-lsfg-vk
2026-07-21T09:13:14.514789+02:00 HOST-REDACTED-A PluginLoader[2137]: [loader][INFO]: found plugin: Decky-Framegen
2026-07-21T09:13:14.514937+02:00 HOST-REDACTED-A PluginLoader[2137]: [inotify_buffer][DEBUG]: in-event <InotifyEvent: src_path=b'/<USER-REDACTED>/homebrew/plugins/Decky-Framegen/plugin.json', wd=3, mask=IN_OPEN, cookie=0, name='plugin.json'>
2026-07-21T09:13:14.514982+02:00 HOST-REDACTED-A PluginLoader[2427]: [selector_events][DEBUG]: Using selector: EpollSelector
2026-07-21T09:13:14.515168+02:00 HOST-REDACTED-A PluginLoader[2137]: [inotify_buffer][DEBUG]: in-event <InotifyEvent: src_path=b'/<USER-REDACTED>/homebrew/plugins/Decky-Framegen/package.json', wd=3, mask=IN_OPEN, cookie=0, name='package.json'>
2026-07-21T09:13:14.517096+02:00 HOST-REDACTED-A PluginLoader[2137]: [inotify_buffer][DEBUG]: in-event <InotifyEvent: src_path=b'/<USER-REDACTED>/homebrew/plugins/decky-lsfg-vk/py_modules', wd=2, mask=IN_ISDIR|IN_OPEN, cookie=0, name='py_modules'>
2026-07-21T09:13:14.517124+02:00 HOST-REDACTED-A PluginLoader[2137]: [inotify_buffer][DEBUG]: in-event <InotifyEvent: src_path=b'/<USER-REDACTED>/homebrew/plugins/decky-lsfg-vk/py_modules', wd=5, mask=IN_ISDIR|IN_OPEN, cookie=0, name=''>
2026-07-21T09:13:14.517534+02:00 HOST-REDACTED-A PluginLoader[2137]: [inotify_buffer][DEBUG]: in-event <InotifyEvent: src_path=b'/<USER-REDACTED>/homebrew/plugins/decky-lsfg-vk/main.py', wd=2, mask=IN_OPEN, cookie=0, name='main.py'>
2026-07-21T09:13:14.517778+02:00 HOST-REDACTED-A PluginLoader[2137]: [inotify_buffer][DEBUG]: in-event <InotifyEvent: src_path=b'/<USER-REDACTED>/homebrew/plugins/decky-lsfg-vk/py_modules/lsfg_vk/__init__.py', wd=7, mask=IN_OPEN, cookie=0, name='__init__.py'>
2026-07-21T09:13:14.518004+02:00 HOST-REDACTED-A PluginLoader[2137]: [inotify_buffer][DEBUG]: in-event <InotifyEvent: src_path=b'/<USER-REDACTED>/homebrew/plugins/decky-lsfg-vk/py_modules/lsfg_vk', wd=5, mask=IN_ISDIR|IN_OPEN, cookie=0, name='lsfg_vk'>
2026-07-21T09:13:14.518070+02:00 HOST-REDACTED-A PluginLoader[2137]: [inotify_buffer][DEBUG]: in-event <InotifyEvent: src_path=b'/<USER-REDACTED>/homebrew/plugins/decky-lsfg-vk/py_modules/lsfg_vk', wd=7, mask=IN_ISDIR|IN_OPEN, cookie=0, name=''>
2026-07-21T09:13:14.518109+02:00 HOST-REDACTED-A PluginLoader[2137]: [inotify_buffer][DEBUG]: in-event <InotifyEvent: src_path=b'/<USER-REDACTED>/homebrew/plugins/decky-lsfg-vk/py_modules/lsfg_vk/plugin.py', wd=7, mask=IN_OPEN, cookie=0, name='plugin.py'>
2026-07-21T09:13:14.520048+02:00 HOST-REDACTED-A PluginLoader[2137]: [inotify_buffer][DEBUG]: in-event <InotifyEvent: src_path=b'/<USER-REDACTED>/homebrew/plugins/decky-lsfg-vk/py_modules/lsfg_vk/installation.py', wd=7, mask=IN_OPEN, cookie=0, name='installation.py'>
2026-07-21T09:13:14.521344+02:00 HOST-REDACTED-A PluginLoader[2137]: [inotify_buffer][DEBUG]: in-event <InotifyEvent: src_path=b'/<USER-REDACTED>/homebrew/plugins/decky-lsfg-vk/py_modules/lsfg_vk/base_service.py', wd=7, mask=IN_OPEN, cookie=0, name='base_service.py'>
2026-07-21T09:13:14.521828+02:00 HOST-REDACTED-A PluginLoader[2137]: [inotify_buffer][DEBUG]: in-event <InotifyEvent: src_path=b'/<USER-REDACTED>/homebrew/plugins/decky-lsfg-vk/py_modules/lsfg_vk/constants.py', wd=7, mask=IN_OPEN, cookie=0, name='constants.py'>
2026-07-21T09:13:14.522069+02:00 HOST-REDACTED-A PluginLoader[2137]: [inotify_buffer][DEBUG]: in-event <InotifyEvent: src_path=b'/<USER-REDACTED>/homebrew/plugins/decky-lsfg-vk/py_modules/lsfg_vk/config_schema.py', wd=7, mask=IN_OPEN, cookie=0, name='config_schema.py'>
2026-07-21T09:13:14.523754+02:00 HOST-REDACTED-A PluginLoader[2137]: [inotify_buffer][DEBUG]: in-event <InotifyEvent: src_path=b'/<USER-REDACTED>/homebrew/plugins/decky-lsfg-vk', wd=1, mask=IN_ISDIR|IN_OPEN, cookie=0, name='decky-lsfg-vk'>
2026-07-21T09:13:14.523771+02:00 HOST-REDACTED-A PluginLoader[2137]: [inotify_buffer][DEBUG]: in-event <InotifyEvent: src_path=b'/<USER-REDACTED>/homebrew/plugins/decky-lsfg-vk', wd=2, mask=IN_ISDIR|IN_OPEN, cookie=0, name=''>
2026-07-21T09:13:14.523797+02:00 HOST-REDACTED-A PluginLoader[2137]: [inotify_buffer][DEBUG]: in-event <InotifyEvent: src_path=b'/<USER-REDACTED>/homebrew/plugins/decky-lsfg-vk/shared_config.py', wd=2, mask=IN_OPEN, cookie=0, name='shared_config.py'>
2026-07-21T09:13:14.524419+02:00 HOST-REDACTED-A PluginLoader[2137]: [inotify_buffer][DEBUG]: in-event <InotifyEvent: src_path=b'/<USER-REDACTED>/homebrew/plugins/decky-lsfg-vk/py_modules/lsfg_vk/config_schema_generated.py', wd=7, mask=IN_OPEN, cookie=0, name='config_schema_generated.py'>
2026-07-21T09:13:14.524810+02:00 HOST-REDACTED-A PluginLoader[2137]: [loader][INFO]: Loaded Decky-Framegen
2026-07-21T09:13:14.525021+02:00 HOST-REDACTED-A PluginLoader[2435]: [selector_events][DEBUG]: Using selector: EpollSelector
2026-07-21T09:13:14.525523+02:00 HOST-REDACTED-A PluginLoader[2137]: [inotify_buffer][DEBUG]: in-event <InotifyEvent: src_path=b'/<USER-REDACTED>/homebrew/plugins/decky-lsfg-vk/py_modules/lsfg_vk/types.py', wd=7, mask=IN_OPEN, cookie=0, name='types.py'>
2026-07-21T09:13:14.526017+02:00 HOST-REDACTED-A PluginLoader[2137]: [inotify_buffer][DEBUG]: in-event <InotifyEvent: src_path=b'/<USER-REDACTED>/homebrew/plugins/decky-lsfg-vk/py_modules/lsfg_vk/dll_detection.py', wd=7, mask=IN_OPEN, cookie=0, name='dll_detection.py'>
2026-07-21T09:13:14.526652+02:00 HOST-REDACTED-A PluginLoader[2137]: [inotify_buffer][DEBUG]: in-event <InotifyEvent: src_path=b'/<USER-REDACTED>/homebrew/plugins/decky-lsfg-vk/py_modules/lsfg_vk/configuration.py', wd=7, mask=IN_OPEN, cookie=0, name='configuration.py'>
2026-07-21T09:13:14.527335+02:00 HOST-REDACTED-A PluginLoader[2137]: [inotify_buffer][DEBUG]: in-event <InotifyEvent: src_path=b'/<USER-REDACTED>/homebrew/plugins/Decky-Framegen/main.py', wd=3, mask=IN_OPEN, cookie=0, name='main.py'>
2026-07-21T09:13:14.527687+02:00 HOST-REDACTED-A PluginLoader[2137]: [injector][DEBUG]: Steam isn't available yet. Wait for a moment...
2026-07-21T09:13:14.528096+02:00 HOST-REDACTED-A PluginLoader[2137]: [inotify_buffer][DEBUG]: in-event <InotifyEvent: src_path=b'/<USER-REDACTED>/homebrew/plugins/decky-lsfg-vk/py_modules/lsfg_vk/configuration_helpers_generated.py', wd=7, mask=IN_OPEN, cookie=0, name='configuration_helpers_generated.py'>
2026-07-21T09:13:14.528360+02:00 HOST-REDACTED-A PluginLoader[2137]: [inotify_buffer][DEBUG]: in-event <InotifyEvent: src_path=b'/<USER-REDACTED>/homebrew/plugins/decky-lsfg-vk/py_modules/lsfg_vk/flatpak_service.py', wd=7, mask=IN_OPEN, cookie=0, name='flatpak_service.py'>
2026-07-21T09:13:14.528743+02:00 HOST-REDACTED-A PluginLoader[2435]: Framegen plugin loaded
2026-07-21T09:13:14.530117+02:00 HOST-REDACTED-A PluginLoader[2427]: Running decky-lsfg-vk plugin migrations
2026-07-21T09:13:14.530159+02:00 HOST-REDACTED-A PluginLoader[2427]: decky-lsfg-vk plugin migrations completed
2026-07-21T09:13:14.530197+02:00 HOST-REDACTED-A PluginLoader[2427]: decky-lsfg-vk plugin loaded
2026-07-21T09:13:14.560961+02:00 HOST-REDACTED-A gamescope-session[2339]: [gamescope] [Info]  wlserver: Successfully initialized libei for input emulation!
2026-07-21T09:13:14.561663+02:00 HOST-REDACTED-A gamescope-session[2448]: [gamescope] [Info]  wlserver: [xwayland/server.c:107] Starting Xwayland on :0
2026-07-21T09:13:14.561751+02:00 HOST-REDACTED-A gamescope-session[2449]: [gamescope] [Info]  wlserver: [xwayland/server.c:107] Starting Xwayland on :1
2026-07-21T09:13:14.604364+02:00 HOST-REDACTED-A gpu-trace[1746]: INFO - Startup tracing is disabled
2026-07-21T09:13:14.604496+02:00 HOST-REDACTED-A gpu-trace[1746]: INFO - GPU Trace daemon ready
2026-07-21T09:13:14.629770+02:00 HOST-REDACTED-A gamescope-session[2478]: The XKEYBOARD keymap compiler (xkbcomp) reports:
2026-07-21T09:13:14.629770+02:00 HOST-REDACTED-A gamescope-session[2478]: > Warning:          Could not resolve keysym XF86RefreshRateToggle
2026-07-21T09:13:14.629770+02:00 HOST-REDACTED-A gamescope-session[2478]: > Warning:          Could not resolve keysym XF86Accessibility
2026-07-21T09:13:14.629907+02:00 HOST-REDACTED-A gamescope-session[2478]: > Warning:          Could not resolve keysym XF86DoNotDisturb
2026-07-21T09:13:14.629919+02:00 HOST-REDACTED-A gamescope-session[2477]: The XKEYBOARD keymap compiler (xkbcomp) reports:
2026-07-21T09:13:14.629919+02:00 HOST-REDACTED-A gamescope-session[2477]: > Warning:          Could not resolve keysym XF86RefreshRateToggle
2026-07-21T09:13:14.629919+02:00 HOST-REDACTED-A gamescope-session[2477]: > Warning:          Could not resolve keysym XF86Accessibility
2026-07-21T09:13:14.629919+02:00 HOST-REDACTED-A gamescope-session[2477]: > Warning:          Could not resolve keysym XF86DoNotDisturb
2026-07-21T09:13:14.630172+02:00 HOST-REDACTED-A gamescope-session[2478]: Errors from xkbcomp are not fatal to the X server
2026-07-21T09:13:14.630196+02:00 HOST-REDACTED-A gamescope-session[2477]: Errors from xkbcomp are not fatal to the X server
2026-07-21T09:13:14.632118+02:00 HOST-REDACTED-A gamescope-session[2339]: [gamescope] [Info]  pipewire: stream state changed: connecting
2026-07-21T09:13:14.652522+02:00 HOST-REDACTED-A gamescope-session[2339]: [gamescope] [Info]  pipewire: stream state changed: paused
2026-07-21T09:13:14.652522+02:00 HOST-REDACTED-A gamescope-session[2339]: [gamescope] [Info]  pipewire: stream available on node ID: 63
2026-07-21T09:13:14.654174+02:00 HOST-REDACTED-A gamescope-session[2339]: [gamescope] [Info]  xwm: Embedded, no cursor set. Using left_ptr by default.
2026-07-21T09:13:14.654464+02:00 HOST-REDACTED-A kernel: /proc/cgroups lists only v1 controllers, use cgroup.controllers of root cgroup for v2 info
2026-07-21T09:13:14.659497+02:00 HOST-REDACTED-A gamescope-session[2339]: [gamescope] [Info]  xwm: Embedded, no cursor set. Using left_ptr by default.
2026-07-21T09:13:14.662891+02:00 HOST-REDACTED-A gamescope-session[2339]: [gamescope] [Info]  vblank: Using timerfd.
2026-07-21T09:13:14.663007+02:00 HOST-REDACTED-A gamescope-session[2339]: [gamescope] [Info]  edid: Wrote new edid to: /<USER-REDACTED>/.config/gamescope/edid.bin
2026-07-21T09:13:14.664966+02:00 HOST-REDACTED-A gamescope-session[2339]: [gamescope] [Info]  wlserver: Updating mode for xwayland server #0: 3440x1440@120
2026-07-21T09:13:14.665403+02:00 HOST-REDACTED-A systemd[2069]: Started Gamescope Session.
2026-07-21T09:13:14.665654+02:00 HOST-REDACTED-A systemd[2069]: Reached target Current graphical user session.
2026-07-21T09:13:14.665705+02:00 HOST-REDACTED-A systemd[2069]: galileo mura setup was skipped because of an unmet condition check (ConditionFirmware=smbios-field(product_name="Galileo")).
2026-07-21T09:13:14.666205+02:00 HOST-REDACTED-A systemd[2069]: Starting mangoapp...
2026-07-21T09:13:14.666602+02:00 HOST-REDACTED-A systemd[2069]: Starting Xbindkeys for Gamescope session...
2026-07-21T09:13:14.666933+02:00 HOST-REDACTED-A systemd[2069]: Starting Wrapper for Ibus...
2026-07-21T09:13:14.667250+02:00 HOST-REDACTED-A systemd[2069]: Starting Steam Launcher...
2026-07-21T09:13:14.667566+02:00 HOST-REDACTED-A systemd[2069]: Started Steam Notification Daemon.
2026-07-21T09:13:14.683018+02:00 HOST-REDACTED-A systemd[2069]: Started Xbindkeys for Gamescope session.
2026-07-21T09:13:14.683507+02:00 HOST-REDACTED-A systemd[2069]: Started mangoapp.
2026-07-21T09:13:14.684168+02:00 HOST-REDACTED-A steam-short-session-tracker[2496]: /usr/lib/steamos/steam-short-session-tracker: line 33: /tmp/steamos-short-session-tracker: No such file or directory
2026-07-21T09:13:14.686989+02:00 HOST-REDACTED-A systemd[2069]: Started Steam Launcher.
2026-07-21T09:13:14.695259+02:00 HOST-REDACTED-A systemd[2069]: Started Wrapper for Ibus.
2026-07-21T09:13:14.695392+02:00 HOST-REDACTED-A systemd[2069]: Reached target Gamescope Session.
2026-07-21T09:13:14.695422+02:00 HOST-REDACTED-A systemd[2069]: Startup finished in 521ms.
2026-07-21T09:13:14.696400+02:00 HOST-REDACTED-A systemd[2069]: Created slice Slice /app/dbus-:1.1-org.freedesktop.portal.IBus.
2026-07-21T09:13:14.696790+02:00 HOST-REDACTED-A systemd[2069]: Started dbus-:1.1-org.freedesktop.portal.IBus@0.service.
2026-07-21T09:13:14.706253+02:00 HOST-REDACTED-A steam-runtime-steam-remote[2539]: steam-runtime-steam-remote: Steam is not running: No such device or address
2026-07-21T09:13:14.773652+02:00 HOST-REDACTED-A mangoapp[2490]: [2026-07-21 09:13:14.773] [MANGOHUD] [info] [cpu.cpp:636] hwmon: using input: /sys/class/hwmon/hwmon3/temp1_input
2026-07-21T09:13:15.136005+02:00 HOST-REDACTED-A steam[2552]: steam.sh[2499]: Running Steam on steamos rolling 64-bit
2026-07-21T09:13:15.136161+02:00 HOST-REDACTED-A steam[2552]: steam.sh[2499]: STEAM_RUNTIME is enabled automatically
2026-07-21T09:13:15.153599+02:00 HOST-REDACTED-A steam[2552]: setup.sh[2636]: Steam runtime environment up-to-date!
2026-07-21T09:13:15.619131+02:00 HOST-REDACTED-A steam[2552]: steam.sh[2499]: Log already open
2026-07-21T09:13:15.625959+02:00 HOST-REDACTED-A steam[2552]: steam.sh[2499]: Steam client's requirements are satisfied
2026-07-21T09:13:15.632956+02:00 HOST-REDACTED-A steam[2552]: CProcessEnvironmentManager is ready, 5 preallocated environment variables.
2026-07-21T09:13:15.643781+02:00 HOST-REDACTED-A steam[2552]: [2026-07-21 09:13:15] Startup - updater built Jul 14 2026 22:52:38
2026-07-21T09:13:15.643792+02:00 HOST-REDACTED-A steam[2552]: [2026-07-21 09:13:15] Startup - Steam Client launched with: '/<USER-REDACTED>/.local/share/Steam/ubuntu12_32/steam' '-srt-logger-opened' '-steamdeck' '-pipewire' '-steamos3' '-steampal' '-steamdeck' '-gamepadui'
2026-07-21T09:13:15.643799+02:00 HOST-REDACTED-A steam[2552]: [2026-07-21 09:13:15] Opted in to client beta 'steamdeck_publicbeta' via beta file
2026-07-21T09:13:15.643807+02:00 HOST-REDACTED-A steam[2552]: You are in the 'steamdeck_publicbeta' client beta.
2026-07-21T09:13:15.645849+02:00 HOST-REDACTED-A steam[2552]: 07/21 09:13:15 minidumps folder is set to /tmp/dumps
2026-07-21T09:13:15.645916+02:00 HOST-REDACTED-A steam[2552]: 07/21 09:13:15 Init: Installing breakpad exception handler for appid(steam)/version(1784145295)/tid(2716)
2026-07-21T09:13:15.647988+02:00 HOST-REDACTED-A steam[2552]: CProcessEnvironmentManager is ready, 5 preallocated environment variables.
2026-07-21T09:13:15.655520+02:00 HOST-REDACTED-A steam[2552]: [2026-07-21 09:13:15] Loading cached metrics from disk (/<USER-REDACTED>/.local/share/Steam/package/steam_client_metrics.bin)
2026-07-21T09:13:15.655926+02:00 HOST-REDACTED-A steam[2552]: [2026-07-21 09:13:15] Using the following download hosts for Public, Realm steamglobal
2026-07-21T09:13:15.655934+02:00 HOST-REDACTED-A steam[2552]: [2026-07-21 09:13:15] 1. https://client-update.akamai.steamstatic.com, /, Realm 'steamglobal', weight was 400, source = 'update_hosts_cached.vdf'
2026-07-21T09:13:15.655940+02:00 HOST-REDACTED-A steam[2552]: [2026-07-21 09:13:15] 2. https://client-update.fastly.steamstatic.com, /, Realm 'steamglobal', weight was 900, source = 'update_hosts_cached.vdf'
2026-07-21T09:13:15.655940+02:00 HOST-REDACTED-A steam[2552]: [2026-07-21 09:13:15] 3. https://client-update.steamstatic.com, /, Realm 'steamglobal', weight was 1, source = 'baked in'
2026-07-21T09:13:15.656729+02:00 HOST-REDACTED-A steam[2552]: [2026-07-21 09:13:15] Verifying installation...
2026-07-21T09:13:15.656735+02:00 HOST-REDACTED-A steam[2552]: [2026-07-21 09:13:15] Verifying file sizes only
2026-07-21T09:13:15.658355+02:00 HOST-REDACTED-A steam[2552]: [2026-07-21 09:13:15] Process started with command-line: '/<USER-REDACTED>/.local/share/Steam/ubuntu12_32/steam' '-child-update-ui' '-child-update-ui-socket' '8' '-srt-logger-opened' '-steamdeck' '-pipewire' '-steamos3' '-steampal' '-steamdeck' '-gamepadui'
2026-07-21T09:13:15.659733+02:00 HOST-REDACTED-A steam[2552]: 07/21 09:13:15 minidumps folder is set to /tmp/dumps
2026-07-21T09:13:15.660078+02:00 HOST-REDACTED-A steam[2552]: [2026-07-21 09:13:15] Using update UI: glx
2026-07-21T09:13:15.660084+02:00 HOST-REDACTED-A steam[2552]: 07/21 09:13:15 Init: Installing breakpad exception handler for appid(steam)/version(0)/tid(2717)
2026-07-21T09:13:15.660126+02:00 HOST-REDACTED-A steam[2552]: [2026-07-21 09:13:15] Create window
2026-07-21T09:13:15.734359+02:00 HOST-REDACTED-A steam[2552]: [2026-07-21 09:13:15] Set percent complete: 0
2026-07-21T09:13:15.742695+02:00 HOST-REDACTED-A steam[2552]: [2026-07-21 09:13:15] Set percent complete: -1
2026-07-21T09:13:15.764656+02:00 HOST-REDACTED-A steam[2552]: [2026-07-21 09:13:15] Verification complete
2026-07-21T09:13:15.765433+02:00 HOST-REDACTED-A steam[2552]: UpdateUI: skip show logo
2026-07-21T09:13:15.771664+02:00 HOST-REDACTED-A steam[2552]: [2026-07-21 09:13:15] Set status message: Verifying installation...
2026-07-21T09:13:15.805858+02:00 HOST-REDACTED-A steam[2552]: [2026-07-21 09:13:15] Destroy window
2026-07-21T09:13:15.817899+02:00 HOST-REDACTED-A steam[2552]: [2026-07-21 09:13:15] Shutdown
2026-07-21T09:13:15.817914+02:00 HOST-REDACTED-A steam[2552]: Steam logging initialized: directory: /<USER-REDACTED>/.local/share/Steam/logs
2026-07-21T09:13:15.821714+02:00 HOST-REDACTED-A systemd[2069]: Starting Portal service...
2026-07-21T09:13:15.842988+02:00 HOST-REDACTED-A systemd[2069]: Starting sandboxed app permission store...
2026-07-21T09:13:15.845934+02:00 HOST-REDACTED-A systemd[2069]: Started sandboxed app permission store.
2026-07-21T09:13:15.847202+02:00 HOST-REDACTED-A systemd[2069]: Starting flatpak document portal service...
2026-07-21T09:13:15.850991+02:00 HOST-REDACTED-A systemd[2069]: Started flatpak document portal service.
2026-07-21T09:13:15.853675+02:00 HOST-REDACTED-A systemd[2069]: Starting Portal service (Holo implementation)...
2026-07-21T09:13:15.856777+02:00 HOST-REDACTED-A xdg-desktop-portal-holo[2759]: INFO: Name acquired: org.freedesktop.impl.portal.desktop.holo
2026-07-21T09:13:15.856788+02:00 HOST-REDACTED-A systemd[2069]: Started Portal service (Holo implementation).
2026-07-21T09:13:15.861976+02:00 HOST-REDACTED-A systemd[2069]: Starting Portal service (gamescope implementation)...
2026-07-21T09:13:15.865989+02:00 HOST-REDACTED-A gamescope-session[2339]: [gamescope] [Info]  console: gamescope version 3.16.23.5 (gcc 15.1.1)
2026-07-21T09:13:15.866083+02:00 HOST-REDACTED-A xdg-desktop-portal-gamescope[2783]: gamescope version 3.16.23.5 (gcc 15.1.1)
2026-07-21T09:13:15.866284+02:00 HOST-REDACTED-A systemd[2069]: Started Portal service (gamescope implementation).
2026-07-21T09:13:15.868184+02:00 HOST-REDACTED-A systemd[2069]: Started Portal service.
2026-07-21T09:13:15.870227+02:00 HOST-REDACTED-A systemd[1]: proc-sys-fs-binfmt_misc.automount: Got automount request for /proc/sys/fs/binfmt_misc, triggered by 2716 (steam)
2026-07-21T09:13:15.870652+02:00 HOST-REDACTED-A systemd[1]: Mounting Arbitrary Executable File Formats File System...
2026-07-21T09:13:15.873415+02:00 HOST-REDACTED-A systemd[1]: Mounted Arbitrary Executable File Formats File System.
2026-07-21T09:13:15.902806+02:00 HOST-REDACTED-A steam[2552]: XOpenIM() failed, LANG = en_US.UTF-8
2026-07-21T09:13:15.904229+02:00 HOST-REDACTED-A steam[2552]: XOpenIM() failed, LANG = en_US.UTF-8XRRGetOutputInfo Workaround: initialized with override: 1 real: 0xf664c370
2026-07-21T09:13:15.904236+02:00 HOST-REDACTED-A steam[2552]: XRRGetCrtcInfo Workaround: initialized with override: 1 real: 0xf664acc0
2026-07-21T09:13:16.343813+02:00 HOST-REDACTED-A kernel: xhci_hcd 0000:79:00.0: WARN: xHC CMD_RUN timeout
2026-07-21T09:13:16.343924+02:00 HOST-REDACTED-A kernel: xhci_hcd 0000:79:00.0: PM: suspend_common(): xhci_pci_suspend returns -110
2026-07-21T09:13:16.343976+02:00 HOST-REDACTED-A kernel: xhci_hcd 0000:79:00.0: can't suspend (hcd_pci_runtime_suspend returned -110)
2026-07-21T09:13:16.397670+02:00 HOST-REDACTED-A steam[2552]: 07/21 09:13:16 minidumps folder is set to /tmp/dumps
2026-07-21T09:13:16.397765+02:00 HOST-REDACTED-A steam[2552]: 07/21 09:13:16 Init: Installing breakpad exception handler for appid(steamsysinfo)/version(1784145295)/tid(2799)
2026-07-21T09:13:16.397765+02:00 HOST-REDACTED-A steam[2552]: Running query: 1 - GpuTopology
2026-07-21T09:13:16.403960+02:00 HOST-REDACTED-A steam[2552]: ATTENTION: default value of option vk_xwayland_wait_ready overridden by environment.
2026-07-21T09:13:16.404660+02:00 HOST-REDACTED-A steam[2552]: ATTENTION: default value of option vk_xwayland_wait_ready overridden by environment.
2026-07-21T09:13:16.405354+02:00 HOST-REDACTED-A steam[2552]: [Gamescope WSI] Application info:
2026-07-21T09:13:16.405363+02:00 HOST-REDACTED-A steam[2552]:   pApplicationName: Steam Gpu Query
2026-07-21T09:13:16.405363+02:00 HOST-REDACTED-A steam[2552]:   applicationVersion: 4194304
2026-07-21T09:13:16.405363+02:00 HOST-REDACTED-A steam[2552]:   pEngineName: Steam Gpu Query Engine
2026-07-21T09:13:16.405363+02:00 HOST-REDACTED-A steam[2552]:   engineVersion: 4194304
2026-07-21T09:13:16.405363+02:00 HOST-REDACTED-A steam[2552]:   apiVersion: 4202496
2026-07-21T09:13:16.405390+02:00 HOST-REDACTED-A steam[2552]: [Gamescope WSI] Executable name: steamsysinfo
2026-07-21T09:13:16.413258+02:00 HOST-REDACTED-A steam[2552]: WARNING: radv is not a conformant Vulkan implementation, testing use only.
2026-07-21T09:13:16.416723+02:00 HOST-REDACTED-A steam[2552]: Response: gpu_topology {
2026-07-21T09:13:16.416748+02:00 HOST-REDACTED-A steam[2552]:   gpus {
2026-07-21T09:13:16.416748+02:00 HOST-REDACTED-A steam[2552]:     id: 1
2026-07-21T09:13:16.416748+02:00 HOST-REDACTED-A steam[2552]:     name: "AMD Radeon RX 9070 XT (RADV GFX1201)"
2026-07-21T09:13:16.416748+02:00 HOST-REDACTED-A steam[2552]:     vram_size_bytes: 17095983104
2026-07-21T09:13:16.416748+02:00 HOST-REDACTED-A steam[2552]:     driver_id: k_EGpuDriverId_MesaRadv
2026-07-21T09:13:16.416748+02:00 HOST-REDACTED-A steam[2552]:     driver_version_major: 26
2026-07-21T09:13:16.416748+02:00 HOST-REDACTED-A steam[2552]:     driver_version_minor: 1
2026-07-21T09:13:16.416748+02:00 HOST-REDACTED-A steam[2552]:     driver_version_patch: 99
2026-07-21T09:13:16.416748+02:00 HOST-REDACTED-A steam[2552]:     luid: 0
2026-07-21T09:13:16.416748+02:00 HOST-REDACTED-A steam[2552]:   }
2026-07-21T09:13:16.416748+02:00 HOST-REDACTED-A steam[2552]:   gpus {
2026-07-21T09:13:16.416809+02:00 HOST-REDACTED-A steam[2552]:     id: 2
2026-07-21T09:13:16.416809+02:00 HOST-REDACTED-A steam[2552]:     name: "AMD Ryzen 7 9800X3D 8-Core Processor (RADV RAPHAEL_MENDOCINO)"
2026-07-21T09:13:16.416809+02:00 HOST-REDACTED-A steam[2552]:     vram_size_bytes: 23065772032
2026-07-21T09:13:16.416809+02:00 HOST-REDACTED-A steam[2552]:     driver_id: k_EGpuDriverId_MesaRadv
2026-07-21T09:13:16.416809+02:00 HOST-REDACTED-A steam[2552]:     driver_version_major: 26
2026-07-21T09:13:16.416809+02:00 HOST-REDACTED-A steam[2552]:     driver_version_minor: 1
2026-07-21T09:13:16.416809+02:00 HOST-REDACTED-A steam[2552]:     driver_version_patch: 99
2026-07-21T09:13:16.416809+02:00 HOST-REDACTED-A steam[2552]:     luid: 0
2026-07-21T09:13:16.416809+02:00 HOST-REDACTED-A steam[2552]:   }
2026-07-21T09:13:16.416809+02:00 HOST-REDACTED-A steam[2552]:   default_gpu_id: 1
2026-07-21T09:13:16.416809+02:00 HOST-REDACTED-A steam[2552]: }
2026-07-21T09:13:16.416809+02:00 HOST-REDACTED-A steam[2552]: Exit code: 0
2026-07-21T09:13:16.416809+02:00 HOST-REDACTED-A steam[2552]: Saving response to: /tmp/steamAImCcI - 146 bytes
2026-07-21T09:13:16.592598+02:00 HOST-REDACTED-A steamwebhelper[3009]: steamwebhelper.sh[2998]: Starting steamwebhelper under bootstrap steamrt steam runtime via: /<USER-REDACTED>/.local/share/Steam/steamrt64/pv-runtime/steam-runtime-steamrt/_v2-entry-point
2026-07-21T09:13:16.592884+02:00 HOST-REDACTED-A steamwebhelper[3009]: steamwebhelper.sh[2998]: CEF sandbox already disabled
2026-07-21T09:13:16.593083+02:00 HOST-REDACTED-A steamwebhelper[3009]: steamwebhelper.sh[2998]: Starting steamwebhelper with steamrt steam runtime at /<USER-REDACTED>/.local/share/Steam/steamrt64/pv-runtime/steam-runtime-steamrt/_v2-entry-point
2026-07-21T09:13:16.884341+02:00 HOST-REDACTED-A rtkit-daemon[2176]: Successfully made thread 3115 of process 2716 owned by '1000' high priority at nice level -10.
2026-07-21T09:13:16.895572+02:00 HOST-REDACTED-A systemd[1]: Starting Daemon for power management...
2026-07-21T09:13:16.933705+02:00 HOST-REDACTED-A upowerd[3123]: The "Ignore" CriticalPowerAction setting is considered risky: abrupt power loss due to battery exhaustion may lead to data corruption. Use AllowRiskyCriticalPowerAction=false to disable support for risky settings.
2026-07-21T09:13:16.955747+02:00 HOST-REDACTED-A systemd[1]: Started Daemon for power management.
2026-07-21T09:13:16.959123+02:00 HOST-REDACTED-A systemd[2069]: steam-launcher.service: Got notification message from PID 3131, but reception is disabled
2026-07-21T09:13:16.970128+02:00 HOST-REDACTED-A pkexec[3133]: pam_unix(polkit-1:session): session opened for user root(uid=0) by USER-REDACTED(uid=1000)
2026-07-21T09:13:16.971401+02:00 HOST-REDACTED-A pkexec[3133]: USER-REDACTED: Executing command [USER=root] [TTY=unknown] [CWD=/<USER-REDACTED>/.local/share/Steam] [COMMAND=/usr/bin/steamos-polkit-helpers/jupiter-fan-control --disable]
2026-07-21T09:13:16.994358+02:00 HOST-REDACTED-A mangoapp[2490]: [2026-07-21 09:13:16.994] [MANGOHUD] [error] [overlay_params.cpp:758] Unknown option 'nis_steam_sharpness'
2026-07-21T09:13:16.995493+02:00 HOST-REDACTED-A steam[2552]: Steam Runtime Launch Service: starting steam-runtime-launcher-service
2026-07-21T09:13:16.995898+02:00 HOST-REDACTED-A steam[2552]: Steam Runtime Launch Service: steam-runtime-launcher-service is running pid 3148
2026-07-21T09:13:16.996671+02:00 HOST-REDACTED-A systemd-resolved[664]: Switching to fallback DNS server 1.1.1.1#cloudflare-dns.com.
2026-07-21T09:13:16.997748+02:00 HOST-REDACTED-A mangoapp[2490]: [2026-07-21 09:13:16.997] [MANGOHUD] [error] [overlay_params.cpp:758] Unknown option 'nis_steam_sharpness'
2026-07-21T09:13:17.001483+02:00 HOST-REDACTED-A steam[2552]: bus_name=com.steampowered.PressureVessel.LaunchAlongsideSteam
2026-07-21T09:13:17.115993+02:00 HOST-REDACTED-A steamwebhelper[3009]: i386-linux-gnu-capsule-capture-libs: warning: Dependencies of /usr/lib32/libMangoHud.so not found, ignoring: Missing dependencies: Could not find "libxkbcommon.so.0" in LD_LIBRARY_PATH "/<USER-REDACTED>/.local/share/Steam/ubuntu12_32:/<USER-REDACTED>/.local/share/Steam/ubuntu12_32/panorama:/usr/lib32:/usr/lib/perf:/usr/lib", ld.so.cache, DT_RUNPATH or fallback /lib/i386-linux-gnu:/usr/lib/i386-linux-gnu:/usr/i686-pc-linux-gnu/lib:/lib32:/usr/lib32:/lib:/usr/lib
2026-07-21T09:13:17.175065+02:00 HOST-REDACTED-A mangoapp[2490]: [2026-07-21 09:13:17.175] [MANGOHUD] [error] [overlay_params.cpp:758] Unknown option 'nis_steam_sharpness'
2026-07-21T09:13:17.196799+02:00 HOST-REDACTED-A systemd[2069]: Starting Accessibility services bus...
2026-07-21T09:13:17.211975+02:00 HOST-REDACTED-A systemd[2069]: Started Accessibility services bus.
2026-07-21T09:13:17.213408+02:00 HOST-REDACTED-A dbus-broker-launch[3216]: Ready
2026-07-21T09:13:17.260692+02:00 HOST-REDACTED-A systemd[1]: systemd-rfkill.service: Deactivated successfully.
2026-07-21T09:13:17.290253+02:00 HOST-REDACTED-A steamwebhelper[3009]: exec ./steamwebhelper -nocrashdialog -lang=en_US -cachedir=/<USER-REDACTED>/.local/share/Steam/config/htmlcache -steampid=2716 -buildid=1784145295 -steamid=0 -logdir=/<USER-REDACTED>/.local/share/Steam/logs -uimode=4 -startcount=0 -steamos3 -steamuniverse=Public -realm=Global -clientui=/<USER-REDACTED>/.local/share/Steam/clientui -steampath=/<USER-REDACTED>/.local/share/Steam/ubuntu12_32/steam -launcher=0 --valve-enable-accessibility --valve-initial-threadpool-size=4 --valve-enable-site-isolation --remote-allow-origins=* --remote-debugging-address=127.0.0.1 --remote-debugging-port=8080 --enable-smooth-scrolling --no-sandbox --password-store=basic --log-file=/<USER-REDACTED>/.local/share/Steam/logs/cef_log.txt --disable-quick-menu --disable-component-update --gaia-url=http://disabled.invalid --enable-features=PlatformHEVCDecoderSupport --disable-features=WinRetrieveSuggestionsOnlyOnDemand,SpareRendererForSitePerProcess,DcheckIsFatal,BlockPromptsIfIgnoredOften,WebUsbDeviceDetection,ValveFFmpegAllowLowDelayHEVC
2026-07-21T09:13:18.183065+02:00 HOST-REDACTED-A steam[2552]: ATTENTION: default value of option vk_xwayland_wait_ready overridden by environment.
2026-07-21T09:13:18.183652+02:00 HOST-REDACTED-A steam[2552]: ATTENTION: default value of option vk_xwayland_wait_ready overridden by environment.
2026-07-21T09:13:18.184254+02:00 HOST-REDACTED-A steam[2552]: [Gamescope WSI] Application info:
2026-07-21T09:13:18.184269+02:00 HOST-REDACTED-A steam[2552]:   pApplicationName: hellovr_vulkan
2026-07-21T09:13:18.184269+02:00 HOST-REDACTED-A steam[2552]:   applicationVersion: 1
2026-07-21T09:13:18.184269+02:00 HOST-REDACTED-A steam[2552]:   pEngineName: (null)
2026-07-21T09:13:18.184269+02:00 HOST-REDACTED-A steam[2552]:   engineVersion: 1
2026-07-21T09:13:18.184269+02:00 HOST-REDACTED-A steam[2552]:   apiVersion: 4194304
2026-07-21T09:13:18.184321+02:00 HOST-REDACTED-A steam[2552]: [Gamescope WSI] Executable name: vulkandriverquery
2026-07-21T09:13:18.188510+02:00 HOST-REDACTED-A steam[2552]: WARNING: radv is not a conformant Vulkan implementation, testing use only.
2026-07-21T09:13:18.190163+02:00 HOST-REDACTED-A steam[2552]: [Gamescope WSI] Forcing on VK_EXT_swapchain_maintenance1.
2026-07-21T09:13:18.280473+02:00 HOST-REDACTED-A kernel: usbcore: registered new interface driver snd-usb-audio
2026-07-21T09:13:18.290875+02:00 HOST-REDACTED-A (udev-worker)[692]: controlC2: Process '/usr/bin/alsactl restore 2' failed with exit code 99.
2026-07-21T09:13:18.292547+02:00 HOST-REDACTED-A systemd[2069]: Reached target Sound Card.
2026-07-21T09:13:18.358591+02:00 HOST-REDACTED-A (udev-worker)[736]: controlC3: Process '/usr/bin/alsactl restore 3' failed with exit code 99.
2026-07-21T09:13:18.499613+02:00 HOST-REDACTED-A rtkit-daemon[2176]: Successfully made thread 3116 of process 2716 owned by '1000' high priority at nice level -10.
2026-07-21T09:13:18.725063+02:00 HOST-REDACTED-A steam[2552]: ATTENTION: default value of option vk_xwayland_wait_ready overridden by environment.
2026-07-21T09:13:18.725880+02:00 HOST-REDACTED-A steam[2552]: ATTENTION: default value of option vk_xwayland_wait_ready overridden by environment.
2026-07-21T09:13:18.726607+02:00 HOST-REDACTED-A steam[2552]: [Gamescope WSI] Application info:
2026-07-21T09:13:18.726607+02:00 HOST-REDACTED-A steam[2552]:   pApplicationName: hellovr_vulkan
2026-07-21T09:13:18.726607+02:00 HOST-REDACTED-A steam[2552]:   applicationVersion: 1
2026-07-21T09:13:18.726607+02:00 HOST-REDACTED-A steam[2552]:   pEngineName: (null)
2026-07-21T09:13:18.726648+02:00 HOST-REDACTED-A steam[2552]:   engineVersion: 1
2026-07-21T09:13:18.726648+02:00 HOST-REDACTED-A steam[2552]:   apiVersion: 4194304
2026-07-21T09:13:18.726648+02:00 HOST-REDACTED-A steam[2552]: [Gamescope WSI] Executable name: vulkandriverquery
2026-07-21T09:13:18.729753+02:00 HOST-REDACTED-A steam[2552]: WARNING: radv is not a conformant Vulkan implementation, testing use only.
2026-07-21T09:13:18.732072+02:00 HOST-REDACTED-A steam[2552]: [Gamescope WSI] Forcing on VK_EXT_swapchain_maintenance1.
2026-07-21T09:13:18.882739+02:00 HOST-REDACTED-A kernel: mlx4_core 0000:0e:00.0: DMFS high rate steer mode is: disabled performance optimized steering
2026-07-21T09:13:18.882948+02:00 HOST-REDACTED-A kernel: mlx4_core 0000:0e:00.0: 31.504 Gb/s available PCIe bandwidth (8.0 GT/s PCIe x4 link)
2026-07-21T09:13:18.952466+02:00 HOST-REDACTED-A kernel: pps_core: LinuxPPS API ver. 1 registered
2026-07-21T09:13:18.952480+02:00 HOST-REDACTED-A kernel: pps_core: Software ver. 5.3.6 - Copyright 2005-2007 Rodolfo Giometti <giometti@linux.it>
2026-07-21T09:13:18.954478+02:00 HOST-REDACTED-A kernel: PTP clock support registered
2026-07-21T09:13:18.959477+02:00 HOST-REDACTED-A kernel: mlx4_en: Mellanox ConnectX HCA Ethernet driver v4.0-0
2026-07-21T09:13:18.959493+02:00 HOST-REDACTED-A kernel: mlx4_en 0000:0e:00.0: Activating port:1
2026-07-21T09:13:18.961473+02:00 HOST-REDACTED-A kernel: mlx4_en: 0000:0e:00.0: Port 1: Using 16 TX rings
2026-07-21T09:13:18.961480+02:00 HOST-REDACTED-A kernel: mlx4_en: 0000:0e:00.0: Port 1: Using 16 RX rings
2026-07-21T09:13:18.962474+02:00 HOST-REDACTED-A kernel: mlx4_en: 0000:0e:00.0: Port 1: Initializing port
2026-07-21T09:13:18.962478+02:00 HOST-REDACTED-A kernel: mlx4_en 0000:0e:00.0: registered PHC clock
2026-07-21T09:13:18.962859+02:00 HOST-REDACTED-A NetworkManager[2041]: <info>  [1784617998.9628] manager: (eth0): new Ethernet device (/org/freedesktop/NetworkManager/Devices/3)
2026-07-21T09:13:18.967481+02:00 HOST-REDACTED-A kernel: <mlx4_ib> mlx4_ib_probe: mlx4_ib: Mellanox ConnectX InfiniBand driver v4.0-0
2026-07-21T09:13:18.968463+02:00 HOST-REDACTED-A kernel: <mlx4_ib> mlx4_ib_probe: counter index 1 for port 1 allocated 1
2026-07-21T09:13:18.974018+02:00 HOST-REDACTED-A NetworkManager[2041]: <info>  [1784617998.9740] device (eth0): interface index 3 renamed iface from 'eth0' to 'enp14s0'
2026-07-21T09:13:18.974467+02:00 HOST-REDACTED-A kernel: mlx4_core 0000:0e:00.0 enp14s0: renamed from eth0
2026-07-21T09:13:18.975821+02:00 HOST-REDACTED-A NetworkManager[2041]: <info>  [1784617998.9758] device (enp14s0): state change: unmanaged -> unavailable (reason 'managed', managed-type: 'external')
2026-07-21T09:13:18.988467+02:00 HOST-REDACTED-A kernel: mlx4_en: enp14s0: Steering Mode 1
2026-07-21T09:13:19.008468+02:00 HOST-REDACTED-A kernel: mlx4_en: enp14s0: Link Down
2026-07-21T09:13:19.533657+02:00 HOST-REDACTED-A PluginLoader[2137]: [main][DEBUG]: Couldn't find GamepadUI tab, waiting...
2026-07-21T09:13:20.327721+02:00 HOST-REDACTED-A gamescope-session[2339]: [gamescope] [Info]  binding: (VolumeUp) -> Adding new trigger [XF86AudioRaiseVolume].
2026-07-21T09:13:20.327868+02:00 HOST-REDACTED-A gamescope-session[2339]: [gamescope] [Info]  binding: (VolumeDown) -> Adding new trigger [XF86AudioLowerVolume].
2026-07-21T09:13:20.385850+02:00 HOST-REDACTED-A gpu-trace[1746]: INFO - Executing get tracing status command
2026-07-21T09:13:20.385964+02:00 HOST-REDACTED-A gpu-trace[1746]: 127.0.0.1 - - [21/Jul/2026 09:13:20] "POST / HTTP/1.1" 200 -
2026-07-21T09:13:20.444746+02:00 HOST-REDACTED-A gpu-trace[1746]: INFO - Executing get tracing status command
2026-07-21T09:13:20.444792+02:00 HOST-REDACTED-A gpu-trace[1746]: 127.0.0.1 - - [21/Jul/2026 09:13:20] "POST / HTTP/1.1" 200 -
2026-07-21T09:13:20.543814+02:00 HOST-REDACTED-A gamescope-session[3554]: The XKEYBOARD keymap compiler (xkbcomp) reports:
2026-07-21T09:13:20.543814+02:00 HOST-REDACTED-A gamescope-session[3554]: > Warning:          Unsupported maximum keycode 708, clipping.
2026-07-21T09:13:20.543814+02:00 HOST-REDACTED-A gamescope-session[3554]: >                   X11 cannot support keycodes above 255.
2026-07-21T09:13:20.543949+02:00 HOST-REDACTED-A gamescope-session[3553]: The XKEYBOARD keymap compiler (xkbcomp) reports:
2026-07-21T09:13:20.543949+02:00 HOST-REDACTED-A gamescope-session[3553]: > Warning:          Unsupported maximum keycode 708, clipping.
2026-07-21T09:13:20.543949+02:00 HOST-REDACTED-A gamescope-session[3553]: >                   X11 cannot support keycodes above 255.
2026-07-21T09:13:20.544130+02:00 HOST-REDACTED-A gamescope-session[3554]: > Warning:          Could not resolve keysym XF86RefreshRateToggle
2026-07-21T09:13:20.544141+02:00 HOST-REDACTED-A gamescope-session[3553]: > Warning:          Could not resolve keysym XF86RefreshRateToggle
2026-07-21T09:13:20.544147+02:00 HOST-REDACTED-A gamescope-session[3554]: > Warning:          Could not resolve keysym XF86Accessibility
2026-07-21T09:13:20.544147+02:00 HOST-REDACTED-A gamescope-session[3554]: > Warning:          Could not resolve keysym XF86DoNotDisturb
2026-07-21T09:13:20.544159+02:00 HOST-REDACTED-A gamescope-session[3553]: > Warning:          Could not resolve keysym XF86Accessibility
2026-07-21T09:13:20.544159+02:00 HOST-REDACTED-A gamescope-session[3553]: > Warning:          Could not resolve keysym XF86DoNotDisturb
2026-07-21T09:13:20.544332+02:00 HOST-REDACTED-A gamescope-session[3554]: Errors from xkbcomp are not fatal to the X server
2026-07-21T09:13:20.544353+02:00 HOST-REDACTED-A gamescope-session[3553]: Errors from xkbcomp are not fatal to the X server
2026-07-21T09:13:20.544380+02:00 HOST-REDACTED-A systemd[1]: Starting Atomic Update Daemon...
2026-07-21T09:13:20.551703+02:00 HOST-REDACTED-A pkexec[3555]: pam_unix(polkit-1:session): session opened for user root(uid=0) by USER-REDACTED(uid=1000)
2026-07-21T09:13:20.552966+02:00 HOST-REDACTED-A pkexec[3555]: USER-REDACTED: Executing command [USER=root] [TTY=unknown] [CWD=/<USER-REDACTED>/.local/share/Steam] [COMMAND=/usr/bin/steamos-polkit-helpers/steamos-devkit-mode --enable]
2026-07-21T09:13:20.556799+02:00 HOST-REDACTED-A systemd[1]: Reload requested from client PID 3572 ('systemctl') (unit user@1000.service)...
2026-07-21T09:13:20.556803+02:00 HOST-REDACTED-A systemd[1]: Reloading...
2026-07-21T09:13:20.712078+02:00 HOST-REDACTED-A systemd[1]: Reloading finished in 155 ms.
2026-07-21T09:13:20.744312+02:00 HOST-REDACTED-A systemd[1]: Starting Time & Date Service...
2026-07-21T09:13:20.777809+02:00 HOST-REDACTED-A systemd[1]: Started Time & Date Service.
2026-07-21T09:13:20.781175+02:00 HOST-REDACTED-A sh[3678]: adjtime state 5 status 40 time Tue 2026-07-21 07:13:20.781154 UTC
2026-07-21T09:13:20.849860+02:00 HOST-REDACTED-A systemd[2069]: steam-launcher.service: Got notification message from PID 3680, but reception is disabled
2026-07-21T09:13:21.290121+02:00 HOST-REDACTED-A pkexec[3724]: pam_unix(polkit-1:session): session opened for user root(uid=0) by USER-REDACTED(uid=1000)
2026-07-21T09:13:21.291410+02:00 HOST-REDACTED-A pkexec[3724]: USER-REDACTED: Executing command [USER=root] [TTY=unknown] [CWD=/<USER-REDACTED>/.local/share/Steam] [COMMAND=/usr/bin/steamos-polkit-helpers/jupiter-check-support]
2026-07-21T09:13:21.312794+02:00 HOST-REDACTED-A systemd[2069]: Created slice Slice /app/dbus-:1.37-org.a11y.atspi.Registry.
2026-07-21T09:13:21.313183+02:00 HOST-REDACTED-A systemd[2069]: Started dbus-:1.37-org.a11y.atspi.Registry@0.service.
2026-07-21T09:13:21.325775+02:00 HOST-REDACTED-A at-spi2-registryd[3747]: SpiRegistry daemon is running with well-known name - org.a11y.atspi.Registry
2026-07-21T09:13:21.416330+02:00 HOST-REDACTED-A systemd[2069]: steam-launcher.service: Got notification message from PID 3753, but reception is disabled
2026-07-21T09:13:21.420587+02:00 HOST-REDACTED-A systemd[2069]: steam-launcher.service: Got notification message from PID 3761, but reception is disabled
2026-07-21T09:13:21.422700+02:00 HOST-REDACTED-A pkexec[3755]: pam_unix(polkit-1:session): session opened for user root(uid=0) by USER-REDACTED(uid=1000)
2026-07-21T09:13:21.423919+02:00 HOST-REDACTED-A pkexec[3755]: USER-REDACTED: Executing command [USER=root] [TTY=unknown] [CWD=/<USER-REDACTED>/.local/share/Steam] [COMMAND=/usr/bin/jupiter-initial-firmware-update check]
2026-07-21T09:13:21.455349+02:00 HOST-REDACTED-A NetworkManager[2041]: <info>  [1784618001.4553] device (enp14s0): carrier: link connected
2026-07-21T09:13:21.455466+02:00 HOST-REDACTED-A kernel: mlx4_en: enp14s0: Link Up
2026-07-21T09:13:21.456057+02:00 HOST-REDACTED-A NetworkManager[2041]: <info>  [1784618001.4560] device (enp14s0): state change: unavailable -> disconnected (reason 'carrier-changed', managed-type: 'full')
2026-07-21T09:13:21.456199+02:00 HOST-REDACTED-A NetworkManager[2041]: <info>  [1784618001.4561] policy: auto-activating connection 'Wired connection 2' (UUID-REDACTED)
2026-07-21T09:13:21.456367+02:00 HOST-REDACTED-A NetworkManager[2041]: <info>  [1784618001.4563] device (enp14s0): Activation: starting connection 'Wired connection 2' (UUID-REDACTED)
2026-07-21T09:13:21.456384+02:00 HOST-REDACTED-A NetworkManager[2041]: <info>  [1784618001.4563] device (enp14s0): state change: disconnected -> prepare (reason 'none', managed-type: 'full')
2026-07-21T09:13:21.456428+02:00 HOST-REDACTED-A NetworkManager[2041]: <info>  [1784618001.4564] manager: NetworkManager state is now CONNECTING
2026-07-21T09:13:21.456459+02:00 HOST-REDACTED-A NetworkManager[2041]: <info>  [1784618001.4564] device (enp14s0): state change: prepare -> config (reason 'none', managed-type: 'full')
2026-07-21T09:13:21.456472+02:00 HOST-REDACTED-A kernel: mlx4_core 0000:0e:00.0 mlx4_0: Port: 1 Link ACTIVE
2026-07-21T09:13:21.461252+02:00 HOST-REDACTED-A NetworkManager[2041]: <info>  [1784618001.4612] device (enp14s0): state change: config -> ip-config (reason 'none', managed-type: 'full')
2026-07-21T09:13:21.514471+02:00 HOST-REDACTED-A kernel: mlx4_en: enp14s0: Steering Mode 1
2026-07-21T09:13:21.543925+02:00 HOST-REDACTED-A NetworkManager[2041]: <info>  [1784618001.5439] dhcp4 (enp14s0): activation: beginning transaction (timeout in 45 seconds)
2026-07-21T09:13:21.544465+02:00 HOST-REDACTED-A kernel: mlx4_en: enp14s0: Link Down
2026-07-21T09:13:21.604589+02:00 HOST-REDACTED-A gamescope-session[2339]: [gamescope] [Info]  binding: (GRMarker) -> Adding new trigger [F12 + Control_L].
2026-07-21T09:13:21.604724+02:00 HOST-REDACTED-A gamescope-session[2339]: [gamescope] [Info]  binding: (GRBackgroundRecordingToggle) -> Adding new trigger [F11 + Control_L].
2026-07-21T09:13:21.605509+02:00 HOST-REDACTED-A gamescope-session[2339]: [gamescope] [Info]  binding: (GuideKeyboardHotkey) -> Adding new trigger [Tab + Shift_L].
2026-07-21T09:13:21.605540+02:00 HOST-REDACTED-A gamescope-session[2339]: [gamescope] [Info]  binding: (QAMKeyboardHotkey) -> Adding new trigger [Tab + Control_L + Shift_L].
2026-07-21T09:13:21.610465+02:00 HOST-REDACTED-A kernel: mlx4_core 0000:0e:00.0 mlx4_0: Port: 1 Link DOWN
2026-07-21T09:13:21.610612+02:00 HOST-REDACTED-A kernel: mlx4_en: enp14s0: Link Up
2026-07-21T09:13:21.682031+02:00 HOST-REDACTED-A systemd[1]: Starting Disk Manager...
2026-07-21T09:13:21.699137+02:00 HOST-REDACTED-A udisksd[3841]: udisks daemon version 2.10.1 starting
2026-07-21T09:13:21.705469+02:00 HOST-REDACTED-A kernel: nvme nvme0: using unchecked data buffer
2026-07-21T09:13:21.734797+02:00 HOST-REDACTED-A systemd[1]: Started Disk Manager.
2026-07-21T09:13:21.740980+02:00 HOST-REDACTED-A udisksd[3841]: Acquired the name org.freedesktop.UDisks2 on the system message bus
2026-07-21T09:13:23.568178+02:00 HOST-REDACTED-A NetworkManager[2041]: <info>  [1784618003.5681] dhcp4 (enp14s0): state changed new lease, address=IP-REDACTED, acd pending
2026-07-21T09:13:23.692496+02:00 HOST-REDACTED-A NetworkManager[2041]: <info>  [1784618003.6924] dhcp4 (enp14s0): state changed new lease, address=IP-REDACTED
2026-07-21T09:13:23.692851+02:00 HOST-REDACTED-A NetworkManager[2041]: <info>  [1784618003.6928] policy: set 'Wired connection 2' (enp14s0) as default for IPv4 routing and DNS
2026-07-21T09:13:23.693168+02:00 HOST-REDACTED-A systemd-resolved[664]: enp14s0: Bus client set default route setting: yes
2026-07-21T09:13:23.693308+02:00 HOST-REDACTED-A systemd-resolved[664]: enp14s0: Bus client set DNS server list to: IP-REDACTED
2026-07-21T09:13:23.714224+02:00 HOST-REDACTED-A NetworkManager[2041]: <info>  [1784618003.7142] device (enp14s0): state change: ip-config -> ip-check (reason 'none', managed-type: 'full')
2026-07-21T09:13:23.714702+02:00 HOST-REDACTED-A NetworkManager[2041]: <info>  [1784618003.7146] device (enp14s0): state change: ip-check -> secondaries (reason 'none', managed-type: 'full')
2026-07-21T09:13:23.714734+02:00 HOST-REDACTED-A NetworkManager[2041]: <info>  [1784618003.7147] device (enp14s0): state change: secondaries -> activated (reason 'none', managed-type: 'full')
2026-07-21T09:13:23.714822+02:00 HOST-REDACTED-A NetworkManager[2041]: <info>  [1784618003.7148] manager: NetworkManager state is now CONNECTED_SITE
2026-07-21T09:13:23.714885+02:00 HOST-REDACTED-A NetworkManager[2041]: <info>  [1784618003.7148] device (enp14s0): Activation: successful, device activated.
2026-07-21T09:13:23.715031+02:00 HOST-REDACTED-A NetworkManager[2041]: <info>  [1784618003.7150] manager: startup complete
2026-07-21T09:13:23.716055+02:00 HOST-REDACTED-A systemd[1]: Finished Network Manager Wait Online.
2026-07-21T09:13:23.716254+02:00 HOST-REDACTED-A systemd[1]: Reached target Network is Online.
2026-07-21T09:13:23.716892+02:00 HOST-REDACTED-A systemd[1]: Started RigSignal eBPF kernel daemon.
2026-07-21T09:13:23.716954+02:00 HOST-REDACTED-A systemd[1]: Reached target Multi-User System.
2026-07-21T09:13:23.716988+02:00 HOST-REDACTED-A systemd[1]: Reached target Graphical Interface.
2026-07-21T09:13:23.717508+02:00 HOST-REDACTED-A systemd[1]: Starting SteamOS Boot Registration...
2026-07-21T09:13:23.738699+02:00 HOST-REDACTED-A systemd[1]: Finished SteamOS Boot Registration.
2026-07-21T09:13:23.741512+02:00 HOST-REDACTED-A steam[2552]: [2026-07-21 09:13:23] Background update loop checking for update. . .
2026-07-21T09:13:23.741643+02:00 HOST-REDACTED-A steam[2552]: [2026-07-21 09:13:23] Checking for available updates...
2026-07-21T09:13:23.741643+02:00 HOST-REDACTED-A steam[2552]: [2026-07-21 09:13:23] Downloading manifest: https://client-update.akamai.steamstatic.com/steam_client_steamdeck_publicbeta_ubuntu12
2026-07-21T09:13:23.741760+02:00 HOST-REDACTED-A rigsignal-ebpf[3892]: 2026-07-21T07:13:23.741751Z  INFO rigsignal_ebpf: RigSignal eBPF daemon starting
2026-07-21T09:13:23.741815+02:00 HOST-REDACTED-A rigsignal-ebpf[3892]: 2026-07-21T07:13:23.741759Z  INFO rigsignal_ebpf: BPF probe path: /usr/local/lib/rigsignal/rigsignal-ebpf-probes
2026-07-21T09:13:23.741815+02:00 HOST-REDACTED-A rigsignal-ebpf[3892]: 2026-07-21T07:13:23.741762Z  INFO rigsignal_ebpf: ES endpoint: https://IP-REDACTED:9200
2026-07-21T09:13:23.741873+02:00 HOST-REDACTED-A rigsignal-ebpf[3892]: 2026-07-21T07:13:23.741871Z  INFO rigsignal_ebpf::loader: loading BPF object from /usr/local/lib/rigsignal/rigsignal-ebpf-probes
2026-07-21T09:13:23.761057+02:00 HOST-REDACTED-A rigsignal-ebpf[3892]: 2026-07-21T07:13:23.761046Z  INFO rigsignal_ebpf::loader: loaded probe 'schedlatency'
2026-07-21T09:13:23.761216+02:00 HOST-REDACTED-A rigsignal-ebpf[3892]: 2026-07-21T07:13:23.761213Z  INFO rigsignal_ebpf::loader: loaded probe 'bio'
2026-07-21T09:13:23.761258+02:00 HOST-REDACTED-A rigsignal-ebpf[3892]: 2026-07-21T07:13:23.761253Z  INFO rigsignal_ebpf::probes::gpu_sched: gpu_sched tracepoint variant selected variant="legacy" key_field="id" key_offset=32 scope_field="entity" scope_offset=8
2026-07-21T09:13:23.761460+02:00 HOST-REDACTED-A rigsignal-ebpf[3892]: 2026-07-21T07:13:23.761457Z  INFO rigsignal_ebpf::loader: loaded probe 'gpu_sched'
2026-07-21T09:13:23.761622+02:00 HOST-REDACTED-A rigsignal-ebpf[3892]: 2026-07-21T07:13:23.761619Z  INFO rigsignal_ebpf::loader: loaded probe 'mem'
2026-07-21T09:13:23.766219+02:00 HOST-REDACTED-A systemd[1]: NetworkManager-dispatcher.service: Deactivated successfully.
2026-07-21T09:13:23.791836+02:00 HOST-REDACTED-A steam[2552]: [2026-07-21 09:13:23] Manifest download: send request
2026-07-21T09:13:23.800362+02:00 HOST-REDACTED-A steam[2552]: /usr/share/themes/Breeze-Dark/gtk-2.0/widgets/entry:70: error: unexpected identifier 'direction', expected character '}'
2026-07-21T09:13:23.801326+02:00 HOST-REDACTED-A steam[2552]: /usr/share/themes/Breeze-Dark/gtk-2.0/widgets/styles:36: error: invalid string constant "combobox_entry", expected valid string constant
2026-07-21T09:13:23.821865+02:00 HOST-REDACTED-A NetworkManager[2041]: <info>  [1784618003.8218] manager: NetworkManager state is now CONNECTED_GLOBAL
2026-07-21T09:13:23.824514+02:00 HOST-REDACTED-A systemd[1]: Starting Network Manager Script Dispatcher Service...
2026-07-21T09:13:23.839577+02:00 HOST-REDACTED-A rigsignal-ebpf[3892]: 2026-07-21T07:13:23.839565Z  INFO rigsignal_ebpf::loader: loaded probe 'futex'
2026-07-21T09:13:23.840073+02:00 HOST-REDACTED-A rigsignal-ebpf[3892]: 2026-07-21T07:13:23.840068Z  INFO rigsignal_ebpf::loader: loaded probe 'irq'
2026-07-21T09:13:23.845501+02:00 HOST-REDACTED-A systemd[1]: Started Network Manager Script Dispatcher Service.
2026-07-21T09:13:23.967280+02:00 HOST-REDACTED-A rigsignal-ebpf[3892]: 2026-07-21T07:13:23.967264Z  INFO rigsignal_ebpf::loader: loaded probe 'vfs'
2026-07-21T09:13:23.991753+02:00 HOST-REDACTED-A steam[2552]: [2026-07-21 09:13:23] Manifest download: waiting for download to finish
2026-07-21T09:13:24.033862+02:00 HOST-REDACTED-A rigsignal-ebpf[3892]: 2026-07-21T07:13:24.033848Z  INFO rigsignal_ebpf::loader: loaded probe 'gpu_fence'
2026-07-21T09:13:24.108506+02:00 HOST-REDACTED-A rigsignal-ebpf[3892]: 2026-07-21T07:13:24.108465Z  INFO rigsignal_ebpf::loader: loaded probe 'gpu_submit'
2026-07-21T09:13:24.108506+02:00 HOST-REDACTED-A rigsignal-ebpf[3892]: 2026-07-21T07:13:24.108479Z  INFO rigsignal_ebpf::loader: probes: 9/9 loaded
2026-07-21T09:13:24.108631+02:00 HOST-REDACTED-A rigsignal-ebpf[3892]: 2026-07-21T07:13:24.108624Z  INFO rigsignal_ebpf::session: watching /tmp/rigsignal for session changes
2026-07-21T09:13:24.108692+02:00 HOST-REDACTED-A rigsignal-ebpf[3892]: 2026-07-21T07:13:24.108685Z  INFO rigsignal_ebpf: daemon running — 9/9 probes active
2026-07-21T09:13:24.507788+02:00 HOST-REDACTED-A PluginLoader[2137]: [loader][INFO]: Hot reload enabled
2026-07-21T09:13:24.537705+02:00 HOST-REDACTED-A PluginLoader[2137]: [main][INFO]: Loading Decky frontend!
2026-07-21T09:13:24.741926+02:00 HOST-REDACTED-A steam[2552]: [2026-07-21 09:13:24] Manifest download: finished
2026-07-21T09:13:24.742083+02:00 HOST-REDACTED-A steam[2552]: [2026-07-21 09:13:24] Downloaded new manifest: /steam_client_steamdeck_publicbeta_ubuntu12 version 1784588115, installed version 1784145295, existing pending version 0
2026-07-21T09:13:24.742434+02:00 HOST-REDACTED-A steam[2552]: [2026-07-21 09:13:24] Package file steamui_websrc_all.zip.vz.b7d8ceb77b6666d1c38193cd1ceb13f01768b4d1_26731092 missing or incorrect size
2026-07-21T09:13:24.742528+02:00 HOST-REDACTED-A steam[2552]: [2026-07-21 09:13:24] Package file bins_ubuntu12.zip.vz.b0f75d624073b24ab96fb8f4a86eb7d41042c724_40670460 missing or incorrect size
2026-07-21T09:13:24.742566+02:00 HOST-REDACTED-A steam[2552]: [2026-07-21 09:13:24] Package file bins_sdk_ubuntu12.zip.vz.6ce908cf4892e57d00a0305d1d27171d73d0e4ec_23429912 missing or incorrect size
2026-07-21T09:13:24.742724+02:00 HOST-REDACTED-A steam[2552]: [2026-07-21 09:13:24] Package file bins_misc_ubuntu12.zip.vz.60a73f697bba591ff5870532bf0c12fb64f5a80f_19666178 missing or incorrect size
2026-07-21T09:13:24.742776+02:00 HOST-REDACTED-A steam[2552]: [2026-07-21 09:13:24] Package file steam_ubuntu12.zip.vz.16f832a824f7f0d70b8bc2ec1441e3fef7bd8c64_3384137 missing or incorrect size
2026-07-21T09:13:24.742822+02:00 HOST-REDACTED-A steam[2552]: [2026-07-21 09:13:24] Package file bins_steamrt_ubuntu12.zip.vz.8799d6687c16131b41add392c78ee9c9c8e96535_60598780 missing or incorrect size
2026-07-21T09:13:24.742875+02:00 HOST-REDACTED-A steam[2552]: [2026-07-21 09:13:24] Package file steam_steamrt_ubuntu12.zip.vz.f15e60b65045df987089c2e99368e2653809c11b_3590498 missing or incorrect size
2026-07-21T09:13:24.742884+02:00 HOST-REDACTED-A steam[2552]: [2026-07-21 09:13:24] Add pending download: https://client-update.akamai.steamstatic.com/steamui_websrc_all.zip.vz.b7d8ceb77b6666d1c38193cd1ceb13f01768b4d1_26731092
2026-07-21T09:13:24.758499+02:00 HOST-REDACTED-A steam[2552]: [2026-07-21 09:13:24] Manifest download: send request
2026-07-21T09:13:24.767959+02:00 HOST-REDACTED-A steam[2552]: [2026-07-21 09:13:24] Add pending download: https://client-update.akamai.steamstatic.com/bins_ubuntu12.zip.vz.b0f75d624073b24ab96fb8f4a86eb7d41042c724_40670460
2026-07-21T09:13:24.769631+02:00 HOST-REDACTED-A steam[2552]: [2026-07-21 09:13:24] Manifest download: send request
2026-07-21T09:13:24.793023+02:00 HOST-REDACTED-A steam[2552]: [2026-07-21 09:13:24] Add pending download: https://client-update.akamai.steamstatic.com/bins_sdk_ubuntu12.zip.vz.6ce908cf4892e57d00a0305d1d27171d73d0e4ec_23429912
2026-07-21T09:13:24.819903+02:00 HOST-REDACTED-A steam[2552]: [2026-07-21 09:13:24] Manifest download: send request
2026-07-21T09:13:24.843143+02:00 HOST-REDACTED-A steam[2552]: [2026-07-21 09:13:24] Add pending download: https://client-update.akamai.steamstatic.com/bins_misc_ubuntu12.zip.vz.60a73f697bba591ff5870532bf0c12fb64f5a80f_19666178
2026-07-21T09:13:24.870481+02:00 HOST-REDACTED-A steam[2552]: [2026-07-21 09:13:24] Manifest download: send request
2026-07-21T09:13:24.893263+02:00 HOST-REDACTED-A steam[2552]: [2026-07-21 09:13:24] Add pending download: https://client-update.akamai.steamstatic.com/steam_ubuntu12.zip.vz.16f832a824f7f0d70b8bc2ec1441e3fef7bd8c64_3384137
2026-07-21T09:13:24.920792+02:00 HOST-REDACTED-A steam[2552]: [2026-07-21 09:13:24] Manifest download: send request
2026-07-21T09:13:24.943393+02:00 HOST-REDACTED-A steam[2552]: [2026-07-21 09:13:24] Add pending download: https://client-update.akamai.steamstatic.com/bins_steamrt_ubuntu12.zip.vz.8799d6687c16131b41add392c78ee9c9c8e96535_60598780
2026-07-21T09:13:24.971136+02:00 HOST-REDACTED-A steam[2552]: [2026-07-21 09:13:24] Manifest download: send request
2026-07-21T09:13:24.993515+02:00 HOST-REDACTED-A steam[2552]: [2026-07-21 09:13:24] Add pending download: https://client-update.akamai.steamstatic.com/steam_steamrt_ubuntu12.zip.vz.f15e60b65045df987089c2e99368e2653809c11b_3590498
2026-07-21T09:13:25.021557+02:00 HOST-REDACTED-A steam[2552]: [2026-07-21 09:13:25] Manifest download: send request
2026-07-21T09:13:25.043629+02:00 HOST-REDACTED-A steam[2552]: [2026-07-21 09:13:25] Downloading update (789 of 173,897 KB)...
2026-07-21T09:13:25.293742+02:00 HOST-REDACTED-A steam[2552]: [2026-07-21 09:13:25] Downloading update (1,711 of 173,897 KB)...
2026-07-21T09:13:25.543828+02:00 HOST-REDACTED-A steam[2552]: [2026-07-21 09:13:25] Downloading update (3,409 of 173,897 KB)...
2026-07-21T09:13:25.644984+02:00 HOST-REDACTED-A steam[2552]: Desktop state changed: desktop: { pos:    0,   0 size: 3440,1440 } primary: { pos:    0,   0 size: 3440,1440 }
2026-07-21T09:13:25.645209+02:00 HOST-REDACTED-A steam[2552]: Caching cursor image for default, size 32x32, serial 46, cache size = 0
2026-07-21T09:13:25.645542+02:00 HOST-REDACTED-A steam[2552]: Caching cursor image for left_ptr, size 256x256, serial 2, cache size = 0
2026-07-21T09:13:25.645867+02:00 HOST-REDACTED-A steam[2552]: CDesktopCapturePipeWire: Opening DRM render node /dev/dri/renderD129
2026-07-21T09:13:25.652411+02:00 HOST-REDACTED-A steam[2552]: CDesktopCapturePipeWire: setting stream node path: gamescope
2026-07-21T09:13:25.798511+02:00 HOST-REDACTED-A steam[2552]: [2026-07-21 09:13:25] Downloading update (5,493 of 173,897 KB)...
2026-07-21T09:13:25.987813+02:00 HOST-REDACTED-A steam[2552]: Timeout calling process LD_LIBRARY_PATH="${SYSTEM_LD_LIBRARY_PATH-${LD_LIBRARY_PATH}}" PATH="${SYSTEM_PATH-${PATH}}" steamos-select-branch -c
2026-07-21T09:13:25.987864+02:00 HOST-REDACTED-A steam[2552]: Timeout calling process LD_LIBRARY_PATH="${SYSTEM_LD_LIBRARY_PATH-${LD_LIBRARY_PATH}}" PATH="${SYSTEM_PATH-${PATH}}" steamos-select-branch -c
2026-07-21T09:13:26.040752+02:00 HOST-REDACTED-A steam[2552]: i386-linux-gnu-capsule-capture-libs: warning: Dependencies of /usr/lib32/libMangoHud.so not found, ignoring: Missing dependencies: Could not find "libxkbcommon.so.0" in LD_LIBRARY_PATH "/<USER-REDACTED>/.local/share/Steam/ubuntu12_32:/<USER-REDACTED>/.local/share/Steam/ubuntu12_32/panorama:/usr/lib32:/usr/lib/perf:/usr/lib", ld.so.cache, DT_RUNPATH or fallback /lib/i386-linux-gnu:/usr/lib/i386-linux-gnu:/usr/i686-pc-linux-gnu/lib:/lib32:/usr/lib32:/lib:/usr/lib
2026-07-21T09:13:26.048612+02:00 HOST-REDACTED-A steam[2552]: [2026-07-21 09:13:26] Downloading update (7,501 of 173,897 KB)...
2026-07-21T09:13:26.298706+02:00 HOST-REDACTED-A steam[2552]: [2026-07-21 09:13:26] Downloading update (10,094 of 173,897 KB)...
2026-07-21T09:13:26.300121+02:00 HOST-REDACTED-A steam[2552]: Proton: Upgrading prefix from GE-Proton10-34 to GE-Proton10-29 (/<USER-REDACTED>/.local/share/Steam/steamapps/compatdata/0/)
2026-07-21T09:13:26.300130+02:00 HOST-REDACTED-A steam[2552]: Proton: Prefix has an invalid version?! You may want to back up user files and delete this prefix.
2026-07-21T09:13:26.548793+02:00 HOST-REDACTED-A steam[2552]: [2026-07-21 09:13:26] Downloading update (13,164 of 173,897 KB)...
2026-07-21T09:13:26.798874+02:00 HOST-REDACTED-A steam[2552]: [2026-07-21 09:13:26] Downloading update (15,248 of 173,897 KB)...
2026-07-21T09:13:26.938935+02:00 HOST-REDACTED-A pkexec[4111]: pam_unix(polkit-1:session): session opened for user root(uid=0) by USER-REDACTED(uid=1000)
2026-07-21T09:13:26.940364+02:00 HOST-REDACTED-A pkexec[4111]: USER-REDACTED: Executing command [USER=root] [TTY=unknown] [CWD=/<USER-REDACTED>/.local/share/Steam] [COMMAND=/usr/bin/steamos-polkit-helpers/jupiter-dock-updater --check]
2026-07-21T09:13:27.048957+02:00 HOST-REDACTED-A steam[2552]: [2026-07-21 09:13:27] Downloading update (17,283 of 173,897 KB)...
2026-07-21T09:13:27.299045+02:00 HOST-REDACTED-A steam[2552]: [2026-07-21 09:13:27] Downloading update (19,665 of 173,897 KB)...
2026-07-21T09:13:27.476130+02:00 HOST-REDACTED-A steam[2552]: ProtonFixes[4099] WARN: Skipping fix execution. We are probably running a unit test.
2026-07-21T09:13:27.481854+02:00 HOST-REDACTED-A steam[2552]: wineserver: NTSync up and running!
2026-07-21T09:13:27.549113+02:00 HOST-REDACTED-A steam[2552]: [2026-07-21 09:13:27] Downloading update (22,103 of 173,897 KB)...
2026-07-21T09:13:27.799206+02:00 HOST-REDACTED-A steam[2552]: [2026-07-21 09:13:27] Downloading update (24,533 of 173,897 KB)...
2026-07-21T09:13:28.049274+02:00 HOST-REDACTED-A steam[2552]: [2026-07-21 09:13:28] Downloading update (26,549 of 173,897 KB)...
2026-07-21T09:13:28.299359+02:00 HOST-REDACTED-A steam[2552]: [2026-07-21 09:13:28] Downloading update (28,947 of 173,897 KB)...
2026-07-21T09:13:28.549437+02:00 HOST-REDACTED-A steam[2552]: [2026-07-21 09:13:28] Downloading update (31,337 of 173,897 KB)...
2026-07-21T09:13:28.713146+02:00 HOST-REDACTED-A steam[2552]: ATTENTION: default value of option vk_xwayland_wait_ready overridden by environment.
2026-07-21T09:13:28.714024+02:00 HOST-REDACTED-A steam[2552]: ATTENTION: default value of option vk_xwayland_wait_ready overridden by environment.
2026-07-21T09:13:28.715094+02:00 HOST-REDACTED-A steam[2552]: [Gamescope WSI] No application info given.
2026-07-21T09:13:28.715104+02:00 HOST-REDACTED-A steam[2552]: [Gamescope WSI] Executable name: explorer.exe
2026-07-21T09:13:28.718742+02:00 HOST-REDACTED-A steam[2552]: WARNING: radv is not a conformant Vulkan implementation, testing use only.
2026-07-21T09:13:28.799527+02:00 HOST-REDACTED-A steam[2552]: [2026-07-21 09:13:28] Downloading update (33,901 of 173,897 KB)...
2026-07-21T09:13:29.049634+02:00 HOST-REDACTED-A steam[2552]: [2026-07-21 09:13:29] Downloading update (36,136 of 173,897 KB)...
2026-07-21T09:13:29.299719+02:00 HOST-REDACTED-A steam[2552]: [2026-07-21 09:13:29] Downloading update (38,518 of 173,897 KB)...
2026-07-21T09:13:29.549804+02:00 HOST-REDACTED-A steam[2552]: [2026-07-21 09:13:29] Downloading update (40,888 of 173,897 KB)...
2026-07-21T09:13:29.799904+02:00 HOST-REDACTED-A steam[2552]: [2026-07-21 09:13:29] Downloading update (43,270 of 173,897 KB)...
2026-07-21T09:13:30.050005+02:00 HOST-REDACTED-A steam[2552]: [2026-07-21 09:13:30] Downloading update (45,633 of 173,897 KB)...
2026-07-21T09:13:30.300071+02:00 HOST-REDACTED-A steam[2552]: [2026-07-21 09:13:30] Downloading update (48,185 of 173,897 KB)...
2026-07-21T09:13:30.304069+02:00 HOST-REDACTED-A steam[2552]: ATTENTION: default value of option vk_xwayland_wait_ready overridden by environment.
2026-07-21T09:13:30.304758+02:00 HOST-REDACTED-A steam[2552]: ATTENTION: default value of option vk_xwayland_wait_ready overridden by environment.
2026-07-21T09:13:30.305566+02:00 HOST-REDACTED-A steam[2552]: [Gamescope WSI] Application info:
2026-07-21T09:13:30.305581+02:00 HOST-REDACTED-A steam[2552]:   pApplicationName: d3ddriverquery64.exe
2026-07-21T09:13:30.305581+02:00 HOST-REDACTED-A steam[2552]:   applicationVersion: 0
2026-07-21T09:13:30.305597+02:00 HOST-REDACTED-A steam[2552]:   pEngineName: DXVK
2026-07-21T09:13:30.305597+02:00 HOST-REDACTED-A steam[2552]:   engineVersion: 8417281
2026-07-21T09:13:30.305597+02:00 HOST-REDACTED-A steam[2552]:   apiVersion: 4206592
2026-07-21T09:13:30.305597+02:00 HOST-REDACTED-A steam[2552]: [Gamescope WSI] Executable name: d3ddriverquery64.exe
2026-07-21T09:13:30.309097+02:00 HOST-REDACTED-A steam[2552]: WARNING: radv is not a conformant Vulkan implementation, testing use only.
2026-07-21T09:13:30.311053+02:00 HOST-REDACTED-A steam[2552]: ATTENTION: default value of option vk_xwayland_wait_ready overridden by environment.
2026-07-21T09:13:30.311065+02:00 HOST-REDACTED-A steam[2552]: ATTENTION: default value of option vk_wsi_force_swapchain_to_current_extent overridden by environment.
2026-07-21T09:13:30.311615+02:00 HOST-REDACTED-A steam[2552]: ATTENTION: default value of option vk_xwayland_wait_ready overridden by environment.
2026-07-21T09:13:30.311635+02:00 HOST-REDACTED-A steam[2552]: ATTENTION: default value of option vk_wsi_force_swapchain_to_current_extent overridden by environment.
2026-07-21T09:13:30.312225+02:00 HOST-REDACTED-A steam[2552]: [Gamescope WSI] No application info given.
2026-07-21T09:13:30.312682+02:00 HOST-REDACTED-A steam[2552]: WARNING: radv is not a conformant Vulkan implementation, testing use only.
2026-07-21T09:13:30.313789+02:00 HOST-REDACTED-A steam[2552]: [Gamescope WSI] Forcing on VK_EXT_swapchain_maintenance1.
2026-07-21T09:13:30.315678+02:00 HOST-REDACTED-A steam[2552]: Fossilize INFO: Overriding serialization path: "/<USER-REDACTED>/.local/share/Steam/shader_cache_temp_dir_d3d11_64/fozpipelinesv6/steamapprun_pipeline_cache".
2026-07-21T09:13:30.496082+02:00 HOST-REDACTED-A steam[2552]: reaping pid: 2717 -- steam
2026-07-21T09:13:30.559685+02:00 HOST-REDACTED-A steam[2552]: [2026-07-21 09:13:30] Downloading update (50,599 of 173,897 KB)...
2026-07-21T09:13:30.809782+02:00 HOST-REDACTED-A steam[2552]: [2026-07-21 09:13:30] Downloading update (52,842 of 173,897 KB)...
2026-07-21T09:13:31.059855+02:00 HOST-REDACTED-A steam[2552]: [2026-07-21 09:13:31] Downloading update (55,236 of 173,897 KB)...
2026-07-21T09:13:31.312673+02:00 HOST-REDACTED-A steam[2552]: [2026-07-21 09:13:31] Downloading update (57,323 of 173,897 KB)...
2026-07-21T09:13:31.504656+02:00 HOST-REDACTED-A steam[2552]: i386-linux-gnu-capsule-capture-libs: warning: Dependencies of /usr/lib32/libMangoHud.so not found, ignoring: Missing dependencies: Could not find "libxkbcommon.so.0" in LD_LIBRARY_PATH "/<USER-REDACTED>/.local/share/Steam/ubuntu12_32:/<USER-REDACTED>/.local/share/Steam/ubuntu12_32/panorama:/usr/lib32:/usr/lib/perf:/usr/lib", ld.so.cache, DT_RUNPATH or fallback /lib/i386-linux-gnu:/usr/lib/i386-linux-gnu:/usr/i686-pc-linux-gnu/lib:/lib32:/usr/lib32:/lib:/usr/lib
2026-07-21T09:13:31.562770+02:00 HOST-REDACTED-A steam[2552]: [2026-07-21 09:13:31] Downloading update (59,757 of 173,897 KB)...
2026-07-21T09:13:31.657902+02:00 HOST-REDACTED-A steam[2552]: ProtonFixes[4379] WARN: Skipping fix execution. We are probably running a unit test.
2026-07-21T09:13:31.660496+02:00 HOST-REDACTED-A steam[2552]: wineserver: NTSync up and running!
2026-07-21T09:13:31.812855+02:00 HOST-REDACTED-A steam[2552]: [2026-07-21 09:13:31] Downloading update (62,179 of 173,897 KB)...
2026-07-21T09:13:32.062940+02:00 HOST-REDACTED-A steam[2552]: [2026-07-21 09:13:32] Downloading update (64,596 of 173,897 KB)...
2026-07-21T09:13:32.313014+02:00 HOST-REDACTED-A steam[2552]: [2026-07-21 09:13:32] Downloading update (67,010 of 173,897 KB)...
2026-07-21T09:13:32.563096+02:00 HOST-REDACTED-A steam[2552]: [2026-07-21 09:13:32] Downloading update (69,404 of 173,897 KB)...
2026-07-21T09:13:32.757323+02:00 HOST-REDACTED-A steam[2552]: ATTENTION: default value of option vk_xwayland_wait_ready overridden by environment.
2026-07-21T09:13:32.757978+02:00 HOST-REDACTED-A steam[2552]: ATTENTION: default value of option vk_xwayland_wait_ready overridden by environment.
2026-07-21T09:13:32.758723+02:00 HOST-REDACTED-A steam[2552]: [Gamescope WSI] No application info given.
2026-07-21T09:13:32.758751+02:00 HOST-REDACTED-A steam[2552]: [Gamescope WSI] Executable name: explorer.exe
2026-07-21T09:13:32.762764+02:00 HOST-REDACTED-A steam[2552]: WARNING: radv is not a conformant Vulkan implementation, testing use only.
2026-07-21T09:13:32.839765+02:00 HOST-REDACTED-A steam[2552]: [2026-07-21 09:13:32] Downloading update (71,484 of 173,897 KB)...
2026-07-21T09:13:32.862507+02:00 HOST-REDACTED-A steam[2552]: ATTENTION: default value of option vk_xwayland_wait_ready overridden by environment.
2026-07-21T09:13:32.863231+02:00 HOST-REDACTED-A steam[2552]: ATTENTION: default value of option vk_xwayland_wait_ready overridden by environment.
2026-07-21T09:13:32.863889+02:00 HOST-REDACTED-A steam[2552]: [Gamescope WSI] Application info:
2026-07-21T09:13:32.863910+02:00 HOST-REDACTED-A steam[2552]:   pApplicationName: d3ddriverquery64.exe
2026-07-21T09:13:32.863910+02:00 HOST-REDACTED-A steam[2552]:   applicationVersion: 0
2026-07-21T09:13:32.863910+02:00 HOST-REDACTED-A steam[2552]:   pEngineName: DXVK
2026-07-21T09:13:32.863910+02:00 HOST-REDACTED-A steam[2552]:   engineVersion: 8417281
2026-07-21T09:13:32.863945+02:00 HOST-REDACTED-A steam[2552]:   apiVersion: 4206592
2026-07-21T09:13:32.863945+02:00 HOST-REDACTED-A steam[2552]: [Gamescope WSI] Executable name: d3ddriverquery64.exe
2026-07-21T09:13:32.867218+02:00 HOST-REDACTED-A steam[2552]: WARNING: radv is not a conformant Vulkan implementation, testing use only.
2026-07-21T09:13:32.869164+02:00 HOST-REDACTED-A steam[2552]: ATTENTION: default value of option vk_xwayland_wait_ready overridden by environment.
2026-07-21T09:13:32.869182+02:00 HOST-REDACTED-A steam[2552]: ATTENTION: default value of option vk_wsi_force_swapchain_to_current_extent overridden by environment.
2026-07-21T09:13:32.869736+02:00 HOST-REDACTED-A steam[2552]: ATTENTION: default value of option vk_xwayland_wait_ready overridden by environment.
2026-07-21T09:13:32.869742+02:00 HOST-REDACTED-A steam[2552]: ATTENTION: default value of option vk_wsi_force_swapchain_to_current_extent overridden by environment.
2026-07-21T09:13:32.870336+02:00 HOST-REDACTED-A steam[2552]: [Gamescope WSI] No application info given.
2026-07-21T09:13:32.870806+02:00 HOST-REDACTED-A steam[2552]: WARNING: radv is not a conformant Vulkan implementation, testing use only.
2026-07-21T09:13:32.874842+02:00 HOST-REDACTED-A steam[2552]: ATTENTION: default value of option vk_xwayland_wait_ready overridden by environment.
2026-07-21T09:13:32.874849+02:00 HOST-REDACTED-A steam[2552]: ATTENTION: default value of option vk_wsi_force_swapchain_to_current_extent overridden by environment.
2026-07-21T09:13:32.875365+02:00 HOST-REDACTED-A steam[2552]: ATTENTION: default value of option vk_xwayland_wait_ready overridden by environment.
2026-07-21T09:13:32.875370+02:00 HOST-REDACTED-A steam[2552]: ATTENTION: default value of option vk_wsi_force_swapchain_to_current_extent overridden by environment.
2026-07-21T09:13:32.875992+02:00 HOST-REDACTED-A steam[2552]: [Gamescope WSI] Application info:
2026-07-21T09:13:32.875992+02:00 HOST-REDACTED-A steam[2552]:   pApplicationName: d3ddriverquery64.exe
2026-07-21T09:13:32.876020+02:00 HOST-REDACTED-A steam[2552]:   applicationVersion: 0
2026-07-21T09:13:32.876020+02:00 HOST-REDACTED-A steam[2552]:   pEngineName: vkd3d
2026-07-21T09:13:32.876020+02:00 HOST-REDACTED-A steam[2552]:   engineVersion: 12582912
2026-07-21T09:13:32.876020+02:00 HOST-REDACTED-A steam[2552]:   apiVersion: 4206592
2026-07-21T09:13:32.876472+02:00 HOST-REDACTED-A steam[2552]: WARNING: radv is not a conformant Vulkan implementation, testing use only.
2026-07-21T09:13:32.906436+02:00 HOST-REDACTED-A steam[2552]: [Gamescope WSI] Forcing on VK_EXT_swapchain_maintenance1.
2026-07-21T09:13:32.908561+02:00 HOST-REDACTED-A steam[2552]: Fossilize INFO: Overriding serialization path: "/<USER-REDACTED>/.local/share/Steam/shader_cache_temp_dir_d3d12_64/fozpipelinesv6/steamapprun_pipeline_cache".
2026-07-21T09:13:33.089842+02:00 HOST-REDACTED-A steam[2552]: [2026-07-21 09:13:33] Downloading update (73,870 of 173,897 KB)...
2026-07-21T09:13:33.103535+02:00 HOST-REDACTED-A steam[2552]: Timeout calling process LD_LIBRARY_PATH="${SYSTEM_LD_LIBRARY_PATH-${LD_LIBRARY_PATH}}" PATH="${SYSTEM_PATH-${PATH}}" steamos-select-branch -c
2026-07-21T09:13:33.103545+02:00 HOST-REDACTED-A steam[2552]: Timeout calling process LD_LIBRARY_PATH="${SYSTEM_LD_LIBRARY_PATH-${LD_LIBRARY_PATH}}" PATH="${SYSTEM_PATH-${PATH}}" steamos-select-branch -c
2026-07-21T09:13:33.339912+02:00 HOST-REDACTED-A steam[2552]: [2026-07-21 09:13:33] Downloading update (76,284 of 173,897 KB)...
2026-07-21T09:13:33.619408+02:00 HOST-REDACTED-A steam[2552]: [2026-07-21 09:13:33] Downloading update (78,346 of 173,897 KB)...
2026-07-21T09:13:33.855997+02:00 HOST-REDACTED-A systemd[1]: NetworkManager-dispatcher.service: Deactivated successfully.
2026-07-21T09:13:33.869488+02:00 HOST-REDACTED-A steam[2552]: [2026-07-21 09:13:33] Downloading update (80,839 of 173,897 KB)...
2026-07-21T09:13:34.022879+02:00 HOST-REDACTED-A steam[2552]: i386-linux-gnu-capsule-capture-libs: warning: Dependencies of /usr/lib32/libMangoHud.so not found, ignoring: Missing dependencies: Could not find "libxkbcommon.so.0" in LD_LIBRARY_PATH "/<USER-REDACTED>/.local/share/Steam/ubuntu12_32:/<USER-REDACTED>/.local/share/Steam/ubuntu12_32/panorama:/usr/lib32:/usr/lib/perf:/usr/lib", ld.so.cache, DT_RUNPATH or fallback /lib/i386-linux-gnu:/usr/lib/i386-linux-gnu:/usr/i686-pc-linux-gnu/lib:/lib32:/usr/lib32:/lib:/usr/lib
2026-07-21T09:13:34.119532+02:00 HOST-REDACTED-A steam[2552]: [2026-07-21 09:13:34] Downloading update (83,182 of 173,897 KB)...
2026-07-21T09:13:34.144488+02:00 HOST-REDACTED-A steam[2552]: ProtonFixes[4609] WARN: Skipping fix execution. We are probably running a unit test.
2026-07-21T09:13:34.145168+02:00 HOST-REDACTED-A steam[2552]: Proton: Upgrading prefix from GE-Proton10-29 to GE-Proton10-34 (/<USER-REDACTED>/.local/share/Steam/steamapps/compatdata/0/)
2026-07-21T09:13:34.145175+02:00 HOST-REDACTED-A steam[2552]: Proton: Prefix has an invalid version?! You may want to back up user files and delete this prefix.
2026-07-21T09:13:34.369622+02:00 HOST-REDACTED-A steam[2552]: [2026-07-21 09:13:34] Downloading update (85,591 of 173,897 KB)...
2026-07-21T09:13:34.642395+02:00 HOST-REDACTED-A steam[2552]: [2026-07-21 09:13:34] Downloading update (88,254 of 173,897 KB)...
2026-07-21T09:13:34.892475+02:00 HOST-REDACTED-A steam[2552]: [2026-07-21 09:13:34] Downloading update (90,192 of 173,897 KB)...
2026-07-21T09:13:35.142536+02:00 HOST-REDACTED-A steam[2552]: [2026-07-21 09:13:35] Downloading update (92,593 of 173,897 KB)...
2026-07-21T09:13:35.172677+02:00 HOST-REDACTED-A steam[2552]: ProtonFixes[4609] WARN: Skipping fix execution. We are probably running a unit test.
2026-07-21T09:13:35.178171+02:00 HOST-REDACTED-A steam[2552]: wineserver: NTSync up and running!
2026-07-21T09:13:35.392610+02:00 HOST-REDACTED-A steam[2552]: [2026-07-21 09:13:35] Downloading update (95,015 of 173,897 KB)...
2026-07-21T09:13:35.642681+02:00 HOST-REDACTED-A steam[2552]: [2026-07-21 09:13:35] Downloading update (97,425 of 173,897 KB)...
2026-07-21T09:13:35.892779+02:00 HOST-REDACTED-A steam[2552]: [2026-07-21 09:13:35] Downloading update (99,815 of 173,897 KB)...
2026-07-21T09:13:36.142875+02:00 HOST-REDACTED-A steam[2552]: [2026-07-21 09:13:36] Downloading update (102,221 of 173,897 KB)...
2026-07-21T09:13:36.235904+02:00 HOST-REDACTED-A steam[2552]: ATTENTION: default value of option vk_xwayland_wait_ready overridden by environment.
2026-07-21T09:13:36.236572+02:00 HOST-REDACTED-A steam[2552]: ATTENTION: default value of option vk_xwayland_wait_ready overridden by environment.
2026-07-21T09:13:36.237214+02:00 HOST-REDACTED-A steam[2552]: [Gamescope WSI] No application info given.
2026-07-21T09:13:36.237223+02:00 HOST-REDACTED-A steam[2552]: [Gamescope WSI] Executable name: explorer.exe
2026-07-21T09:13:36.240296+02:00 HOST-REDACTED-A steam[2552]: WARNING: radv is not a conformant Vulkan implementation, testing use only.
2026-07-21T09:13:36.352011+02:00 HOST-REDACTED-A steam[2552]: ATTENTION: default value of option vk_xwayland_wait_ready overridden by environment.
2026-07-21T09:13:36.352011+02:00 HOST-REDACTED-A steam[2552]: ATTENTION: default value of option vk_wsi_force_swapchain_to_current_extent overridden by environment.
2026-07-21T09:13:36.352730+02:00 HOST-REDACTED-A steam[2552]: ATTENTION: default value of option vk_xwayland_wait_ready overridden by environment.
2026-07-21T09:13:36.352742+02:00 HOST-REDACTED-A steam[2552]: ATTENTION: default value of option vk_wsi_force_swapchain_to_current_extent overridden by environment.
2026-07-21T09:13:36.353401+02:00 HOST-REDACTED-A steam[2552]: [Gamescope WSI] Application info:
2026-07-21T09:13:36.353401+02:00 HOST-REDACTED-A steam[2552]:   pApplicationName: xalia.exe
2026-07-21T09:13:36.353427+02:00 HOST-REDACTED-A steam[2552]:   applicationVersion: 0
2026-07-21T09:13:36.353427+02:00 HOST-REDACTED-A steam[2552]:   pEngineName: DXVK
2026-07-21T09:13:36.353427+02:00 HOST-REDACTED-A steam[2552]:   engineVersion: 12582912
2026-07-21T09:13:36.353427+02:00 HOST-REDACTED-A steam[2552]:   apiVersion: 4206592
2026-07-21T09:13:36.353427+02:00 HOST-REDACTED-A steam[2552]: [Gamescope WSI] Executable name: xalia.exe
2026-07-21T09:13:36.356959+02:00 HOST-REDACTED-A steam[2552]: WARNING: radv is not a conformant Vulkan implementation, testing use only.
2026-07-21T09:13:36.359012+02:00 HOST-REDACTED-A steam[2552]: ATTENTION: default value of option vk_xwayland_wait_ready overridden by environment.
2026-07-21T09:13:36.359032+02:00 HOST-REDACTED-A steam[2552]: ATTENTION: default value of option vk_wsi_force_swapchain_to_current_extent overridden by environment.
2026-07-21T09:13:36.359549+02:00 HOST-REDACTED-A steam[2552]: ATTENTION: default value of option vk_xwayland_wait_ready overridden by environment.
2026-07-21T09:13:36.359559+02:00 HOST-REDACTED-A steam[2552]: ATTENTION: default value of option vk_wsi_force_swapchain_to_current_extent overridden by environment.
2026-07-21T09:13:36.360162+02:00 HOST-REDACTED-A steam[2552]: [Gamescope WSI] No application info given.
2026-07-21T09:13:36.360665+02:00 HOST-REDACTED-A steam[2552]: WARNING: radv is not a conformant Vulkan implementation, testing use only.
2026-07-21T09:13:36.392955+02:00 HOST-REDACTED-A steam[2552]: [2026-07-21 09:13:36] Downloading update (104,563 of 173,897 KB)...
2026-07-21T09:13:36.643070+02:00 HOST-REDACTED-A steam[2552]: [2026-07-21 09:13:36] Downloading update (105,370 of 173,897 KB)...
2026-07-21T09:13:36.893151+02:00 HOST-REDACTED-A steam[2552]: [2026-07-21 09:13:36] Downloading update (106,225 of 173,897 KB)...
2026-07-21T09:13:37.143228+02:00 HOST-REDACTED-A steam[2552]: [2026-07-21 09:13:37] Downloading update (107,327 of 173,897 KB)...
2026-07-21T09:13:37.393318+02:00 HOST-REDACTED-A steam[2552]: [2026-07-21 09:13:37] Downloading update (108,337 of 173,897 KB)...
2026-07-21T09:13:37.643398+02:00 HOST-REDACTED-A steam[2552]: [2026-07-21 09:13:37] Downloading update (108,822 of 173,897 KB)...
2026-07-21T09:13:37.837095+02:00 HOST-REDACTED-A steam[2552]: ATTENTION: default value of option vk_xwayland_wait_ready overridden by environment.
2026-07-21T09:13:37.837779+02:00 HOST-REDACTED-A steam[2552]: ATTENTION: default value of option vk_xwayland_wait_ready overridden by environment.
2026-07-21T09:13:37.838423+02:00 HOST-REDACTED-A steam[2552]: [Gamescope WSI] Application info:
2026-07-21T09:13:37.838430+02:00 HOST-REDACTED-A steam[2552]:   pApplicationName: d3ddriverquery64.exe
2026-07-21T09:13:37.838430+02:00 HOST-REDACTED-A steam[2552]:   applicationVersion: 0
2026-07-21T09:13:37.838430+02:00 HOST-REDACTED-A steam[2552]:   pEngineName: DXVK
2026-07-21T09:13:37.838449+02:00 HOST-REDACTED-A steam[2552]:   engineVersion: 12582912
2026-07-21T09:13:37.838449+02:00 HOST-REDACTED-A steam[2552]:   apiVersion: 4206592
2026-07-21T09:13:37.838449+02:00 HOST-REDACTED-A steam[2552]: [Gamescope WSI] Executable name: d3ddriverquery64.exe
2026-07-21T09:13:37.838772+02:00 HOST-REDACTED-A steam[2552]: ATTENTION: default value of option vk_xwayland_wait_ready overridden by environment.
2026-07-21T09:13:37.839448+02:00 HOST-REDACTED-A steam[2552]: ATTENTION: default value of option vk_xwayland_wait_ready overridden by environment.
2026-07-21T09:13:37.840061+02:00 HOST-REDACTED-A steam[2552]: [Gamescope WSI] Application info:
2026-07-21T09:13:37.840061+02:00 HOST-REDACTED-A steam[2552]:   pApplicationName: xalia.exe
2026-07-21T09:13:37.840075+02:00 HOST-REDACTED-A steam[2552]:   applicationVersion: 0
2026-07-21T09:13:37.840075+02:00 HOST-REDACTED-A steam[2552]:   pEngineName: DXVK
2026-07-21T09:13:37.840075+02:00 HOST-REDACTED-A steam[2552]:   engineVersion: 12582912
2026-07-21T09:13:37.840075+02:00 HOST-REDACTED-A steam[2552]:   apiVersion: 4206592
2026-07-21T09:13:37.840075+02:00 HOST-REDACTED-A steam[2552]: [Gamescope WSI] Executable name: xalia.exe
2026-07-21T09:13:37.841943+02:00 HOST-REDACTED-A steam[2552]: WARNING: radv is not a conformant Vulkan implementation, testing use only.
2026-07-21T09:13:37.842560+02:00 HOST-REDACTED-A steam[2552]: WARNING: radv is not a conformant Vulkan implementation, testing use only.
2026-07-21T09:13:37.844085+02:00 HOST-REDACTED-A steam[2552]: ATTENTION: default value of option vk_xwayland_wait_ready overridden by environment.
2026-07-21T09:13:37.844100+02:00 HOST-REDACTED-A steam[2552]: ATTENTION: default value of option vk_wsi_force_swapchain_to_current_extent overridden by environment.
2026-07-21T09:13:37.844527+02:00 HOST-REDACTED-A steam[2552]: ATTENTION: default value of option vk_xwayland_wait_ready overridden by environment.
2026-07-21T09:13:37.844539+02:00 HOST-REDACTED-A steam[2552]: ATTENTION: default value of option vk_wsi_force_swapchain_to_current_extent overridden by environment.
2026-07-21T09:13:37.844646+02:00 HOST-REDACTED-A steam[2552]: ATTENTION: default value of option vk_xwayland_wait_ready overridden by environment.
2026-07-21T09:13:37.844652+02:00 HOST-REDACTED-A steam[2552]: ATTENTION: default value of option vk_wsi_force_swapchain_to_current_extent overridden by environment.
2026-07-21T09:13:37.845050+02:00 HOST-REDACTED-A steam[2552]: ATTENTION: default value of option vk_xwayland_wait_ready overridden by environment.
2026-07-21T09:13:37.845056+02:00 HOST-REDACTED-A steam[2552]: ATTENTION: default value of option vk_wsi_force_swapchain_to_current_extent overridden by environment.
2026-07-21T09:13:37.845262+02:00 HOST-REDACTED-A steam[2552]: [Gamescope WSI] No application info given.
2026-07-21T09:13:37.845680+02:00 HOST-REDACTED-A steam[2552]: [Gamescope WSI] No application info given.
2026-07-21T09:13:37.845770+02:00 HOST-REDACTED-A steam[2552]: WARNING: radv is not a conformant Vulkan implementation, testing use only.
2026-07-21T09:13:37.846133+02:00 HOST-REDACTED-A steam[2552]: WARNING: radv is not a conformant Vulkan implementation, testing use only.
2026-07-21T09:13:37.847003+02:00 HOST-REDACTED-A steam[2552]: [Gamescope WSI] Forcing on VK_EXT_swapchain_maintenance1.
2026-07-21T09:13:37.848955+02:00 HOST-REDACTED-A steam[2552]: Fossilize INFO: Overriding serialization path: "/<USER-REDACTED>/.local/share/Steam/shader_cache_temp_dir_d3d11_64/fozpipelinesv6/steamapprun_pipeline_cache".
2026-07-21T09:13:37.893478+02:00 HOST-REDACTED-A steam[2552]: [2026-07-21 09:13:37] Downloading update (109,362 of 173,897 KB)...
2026-07-21T09:13:38.143526+02:00 HOST-REDACTED-A steam[2552]: [2026-07-21 09:13:38] Downloading update (109,736 of 173,897 KB)...
2026-07-21T09:13:38.393614+02:00 HOST-REDACTED-A steam[2552]: [2026-07-21 09:13:38] Downloading update (110,544 of 173,897 KB)...
2026-07-21T09:13:38.643697+02:00 HOST-REDACTED-A steam[2552]: [2026-07-21 09:13:38] Downloading update (111,156 of 173,897 KB)...
2026-07-21T09:13:38.899292+02:00 HOST-REDACTED-A steam[2552]: [2026-07-21 09:13:38] Downloading update (111,876 of 173,897 KB)...
2026-07-21T09:13:39.160783+02:00 HOST-REDACTED-A steam[2552]: [2026-07-21 09:13:39] Downloading update (112,329 of 173,897 KB)...
2026-07-21T09:13:39.169750+02:00 HOST-REDACTED-A steam[2552]: i386-linux-gnu-capsule-capture-libs: warning: Dependencies of /usr/lib32/libMangoHud.so not found, ignoring: Missing dependencies: Could not find "libxkbcommon.so.0" in LD_LIBRARY_PATH "/<USER-REDACTED>/.local/share/Steam/ubuntu12_32:/<USER-REDACTED>/.local/share/Steam/ubuntu12_32/panorama:/usr/lib32:/usr/lib/perf:/usr/lib", ld.so.cache, DT_RUNPATH or fallback /lib/i386-linux-gnu:/usr/lib/i386-linux-gnu:/usr/i686-pc-linux-gnu/lib:/lib32:/usr/lib32:/lib:/usr/lib
2026-07-21T09:13:39.294964+02:00 HOST-REDACTED-A steam[2552]: ProtonFixes[4903] WARN: Skipping fix execution. We are probably running a unit test.
2026-07-21T09:13:39.326501+02:00 HOST-REDACTED-A steam[2552]: ProtonFixes[4903] WARN: Skipping fix execution. We are probably running a unit test.
2026-07-21T09:13:39.329295+02:00 HOST-REDACTED-A steam[2552]: wineserver: NTSync up and running!
2026-07-21T09:13:39.410903+02:00 HOST-REDACTED-A steam[2552]: [2026-07-21 09:13:39] Downloading update (112,814 of 173,897 KB)...
2026-07-21T09:13:39.660994+02:00 HOST-REDACTED-A steam[2552]: [2026-07-21 09:13:39] Downloading update (113,323 of 173,897 KB)...
2026-07-21T09:13:39.911071+02:00 HOST-REDACTED-A steam[2552]: [2026-07-21 09:13:39] Downloading update (113,705 of 173,897 KB)...
2026-07-21T09:13:40.161143+02:00 HOST-REDACTED-A steam[2552]: [2026-07-21 09:13:40] Downloading update (114,138 of 173,897 KB)...
2026-07-21T09:13:40.372666+02:00 HOST-REDACTED-A steam[2552]: ATTENTION: default value of option vk_xwayland_wait_ready overridden by environment.
2026-07-21T09:13:40.373352+02:00 HOST-REDACTED-A steam[2552]: ATTENTION: default value of option vk_xwayland_wait_ready overridden by environment.
2026-07-21T09:13:40.373990+02:00 HOST-REDACTED-A steam[2552]: [Gamescope WSI] No application info given.
2026-07-21T09:13:40.373997+02:00 HOST-REDACTED-A steam[2552]: [Gamescope WSI] Executable name: explorer.exe
2026-07-21T09:13:40.378332+02:00 HOST-REDACTED-A steam[2552]: WARNING: radv is not a conformant Vulkan implementation, testing use only.
2026-07-21T09:13:40.411221+02:00 HOST-REDACTED-A steam[2552]: [2026-07-21 09:13:40] Downloading update (114,508 of 173,897 KB)...
2026-07-21T09:13:40.478242+02:00 HOST-REDACTED-A steam[2552]: ATTENTION: default value of option vk_xwayland_wait_ready overridden by environment.
2026-07-21T09:13:40.478287+02:00 HOST-REDACTED-A steam[2552]: ATTENTION: default value of option vk_wsi_force_swapchain_to_current_extent overridden by environment.
2026-07-21T09:13:40.478301+02:00 HOST-REDACTED-A steam[2552]: ATTENTION: default value of option vk_xwayland_wait_ready overridden by environment.
2026-07-21T09:13:40.478957+02:00 HOST-REDACTED-A steam[2552]: ATTENTION: default value of option vk_xwayland_wait_ready overridden by environment.
2026-07-21T09:13:40.478963+02:00 HOST-REDACTED-A steam[2552]: ATTENTION: default value of option vk_wsi_force_swapchain_to_current_extent overridden by environment.
2026-07-21T09:13:40.479320+02:00 HOST-REDACTED-A steam[2552]: ATTENTION: default value of option vk_xwayland_wait_ready overridden by environment.
2026-07-21T09:13:40.479619+02:00 HOST-REDACTED-A steam[2552]: [Gamescope WSI] Application info:
2026-07-21T09:13:40.479637+02:00 HOST-REDACTED-A steam[2552]:   pApplicationName: xalia.exe
2026-07-21T09:13:40.479637+02:00 HOST-REDACTED-A steam[2552]:   applicationVersion: 0
2026-07-21T09:13:40.479637+02:00 HOST-REDACTED-A steam[2552]:   pEngineName: DXVK
2026-07-21T09:13:40.479667+02:00 HOST-REDACTED-A steam[2552]:   engineVersion: 12582912
2026-07-21T09:13:40.479667+02:00 HOST-REDACTED-A steam[2552]:   apiVersion: 4206592
2026-07-21T09:13:40.479667+02:00 HOST-REDACTED-A steam[2552]: [Gamescope WSI] Executable name: xalia.exe
2026-07-21T09:13:40.479942+02:00 HOST-REDACTED-A steam[2552]: [Gamescope WSI] Application info:
2026-07-21T09:13:40.479968+02:00 HOST-REDACTED-A steam[2552]:   pApplicationName: d3ddriverquery64.exe
2026-07-21T09:13:40.479968+02:00 HOST-REDACTED-A steam[2552]:   applicationVersion: 0
2026-07-21T09:13:40.479968+02:00 HOST-REDACTED-A steam[2552]:   pEngineName: DXVK
2026-07-21T09:13:40.479968+02:00 HOST-REDACTED-A steam[2552]:   engineVersion: 12582912
2026-07-21T09:13:40.479968+02:00 HOST-REDACTED-A steam[2552]:   apiVersion: 4206592
2026-07-21T09:13:40.479968+02:00 HOST-REDACTED-A steam[2552]: [Gamescope WSI] Executable name: d3ddriverquery64.exe
2026-07-21T09:13:40.482526+02:00 HOST-REDACTED-A steam[2552]: WARNING: radv is not a conformant Vulkan implementation, testing use only.
2026-07-21T09:13:40.482593+02:00 HOST-REDACTED-A steam[2552]: WARNING: radv is not a conformant Vulkan implementation, testing use only.
2026-07-21T09:13:40.484576+02:00 HOST-REDACTED-A steam[2552]: ATTENTION: default value of option vk_xwayland_wait_ready overridden by environment.
2026-07-21T09:13:40.484597+02:00 HOST-REDACTED-A steam[2552]: ATTENTION: default value of option vk_wsi_force_swapchain_to_current_extent overridden by environment.
2026-07-21T09:13:40.484889+02:00 HOST-REDACTED-A steam[2552]: ATTENTION: default value of option vk_xwayland_wait_ready overridden by environment.
2026-07-21T09:13:40.484895+02:00 HOST-REDACTED-A steam[2552]: ATTENTION: default value of option vk_wsi_force_swapchain_to_current_extent overridden by environment.
2026-07-21T09:13:40.485103+02:00 HOST-REDACTED-A steam[2552]: ATTENTION: default value of option vk_xwayland_wait_ready overridden by environment.
2026-07-21T09:13:40.485117+02:00 HOST-REDACTED-A steam[2552]: ATTENTION: default value of option vk_wsi_force_swapchain_to_current_extent overridden by environment.
2026-07-21T09:13:40.485409+02:00 HOST-REDACTED-A steam[2552]: ATTENTION: default value of option vk_xwayland_wait_ready overridden by environment.
2026-07-21T09:13:40.485415+02:00 HOST-REDACTED-A steam[2552]: ATTENTION: default value of option vk_wsi_force_swapchain_to_current_extent overridden by environment.
2026-07-21T09:13:40.485722+02:00 HOST-REDACTED-A steam[2552]: [Gamescope WSI] No application info given.
2026-07-21T09:13:40.485999+02:00 HOST-REDACTED-A steam[2552]: [Gamescope WSI] No application info given.
2026-07-21T09:13:40.486202+02:00 HOST-REDACTED-A steam[2552]: WARNING: radv is not a conformant Vulkan implementation, testing use only.
2026-07-21T09:13:40.486469+02:00 HOST-REDACTED-A steam[2552]: WARNING: radv is not a conformant Vulkan implementation, testing use only.
2026-07-21T09:13:40.491162+02:00 HOST-REDACTED-A steam[2552]: ATTENTION: default value of option vk_xwayland_wait_ready overridden by environment.
2026-07-21T09:13:40.491162+02:00 HOST-REDACTED-A steam[2552]: ATTENTION: default value of option vk_wsi_force_swapchain_to_current_extent overridden by environment.
2026-07-21T09:13:40.491763+02:00 HOST-REDACTED-A steam[2552]: ATTENTION: default value of option vk_xwayland_wait_ready overridden by environment.
2026-07-21T09:13:40.491769+02:00 HOST-REDACTED-A steam[2552]: ATTENTION: default value of option vk_wsi_force_swapchain_to_current_extent overridden by environment.
2026-07-21T09:13:40.492451+02:00 HOST-REDACTED-A steam[2552]: [Gamescope WSI] Application info:
2026-07-21T09:13:40.492473+02:00 HOST-REDACTED-A steam[2552]:   pApplicationName: d3ddriverquery64.exe
2026-07-21T09:13:40.492473+02:00 HOST-REDACTED-A steam[2552]:   applicationVersion: 0
2026-07-21T09:13:40.492473+02:00 HOST-REDACTED-A steam[2552]:   pEngineName: vkd3d
2026-07-21T09:13:40.492473+02:00 HOST-REDACTED-A steam[2552]:   engineVersion: 12582912
2026-07-21T09:13:40.492473+02:00 HOST-REDACTED-A steam[2552]:   apiVersion: 4206592
2026-07-21T09:13:40.492934+02:00 HOST-REDACTED-A steam[2552]: WARNING: radv is not a conformant Vulkan implementation, testing use only.
2026-07-21T09:13:40.524967+02:00 HOST-REDACTED-A steam[2552]: [Gamescope WSI] Forcing on VK_EXT_swapchain_maintenance1.
2026-07-21T09:13:40.527271+02:00 HOST-REDACTED-A steam[2552]: Fossilize INFO: Overriding serialization path: "/<USER-REDACTED>/.local/share/Steam/shader_cache_temp_dir_d3d12_64/fozpipelinesv6/steamapprun_pipeline_cache".
2026-07-21T09:13:40.544804+02:00 HOST-REDACTED-A steam[2552]: reaping pid: 3689 -- steamos-select-
2026-07-21T09:13:40.661307+02:00 HOST-REDACTED-A steam[2552]: [2026-07-21 09:13:40] Downloading update (114,922 of 173,897 KB)...
2026-07-21T09:13:40.780248+02:00 HOST-REDACTED-A sh[3678]: Exit without adjtimex synchronized.
2026-07-21T09:13:40.807245+02:00 HOST-REDACTED-A systemd[1]: Started Atomic Update Daemon.
2026-07-21T09:13:40.807320+02:00 HOST-REDACTED-A systemd[1]: Startup finished in 14.457s (firmware) + 585ms (loader) + 4.975s (kernel) + 29.902s (userspace) = 49.920s.
2026-07-21T09:13:40.911391+02:00 HOST-REDACTED-A steam[2552]: [2026-07-21 09:13:40] Downloading update (115,518 of 173,897 KB)...
2026-07-21T09:13:41.161482+02:00 HOST-REDACTED-A steam[2552]: [2026-07-21 09:13:41] Downloading update (115,888 of 173,897 KB)...
2026-07-21T09:13:41.411524+02:00 HOST-REDACTED-A steam[2552]: [2026-07-21 09:13:41] Downloading update (116,492 of 173,897 KB)...
2026-07-21T09:13:41.661631+02:00 HOST-REDACTED-A steam[2552]: [2026-07-21 09:13:41] Downloading update (117,063 of 173,897 KB)...
2026-07-21T09:13:41.713238+02:00 HOST-REDACTED-A steam[2552]: i386-linux-gnu-capsule-capture-libs: warning: Dependencies of /usr/lib32/libMangoHud.so not found, ignoring: Missing dependencies: Could not find "libxkbcommon.so.0" in LD_LIBRARY_PATH "/<USER-REDACTED>/.local/share/Steam/ubuntu12_32:/<USER-REDACTED>/.local/share/Steam/ubuntu12_32/panorama:/usr/lib32:/usr/lib/perf:/usr/lib", ld.so.cache, DT_RUNPATH or fallback /lib/i386-linux-gnu:/usr/lib/i386-linux-gnu:/usr/i686-pc-linux-gnu/lib:/lib32:/usr/lib32:/lib:/usr/lib
2026-07-21T09:13:41.932392+02:00 HOST-REDACTED-A steam[2552]: ProtonFixes[5140] WARN: Skipping fix execution. We are probably running a unit test.
2026-07-21T09:13:41.933297+02:00 HOST-REDACTED-A steam[2552]: Proton: Upgrading prefix from GE-Proton10-34 to GE-Proton11-1 (/<USER-REDACTED>/.local/share/Steam/steamapps/compatdata/0/)
2026-07-21T09:13:41.933311+02:00 HOST-REDACTED-A steam[2552]: Proton: Prefix has an invalid version?! You may want to back up user files and delete this prefix.
2026-07-21T09:13:41.958345+02:00 HOST-REDACTED-A steam[2552]: [2026-07-21 09:13:41] Downloading update (117,637 of 173,897 KB)...
2026-07-21T09:13:42.208464+02:00 HOST-REDACTED-A steam[2552]: [2026-07-21 09:13:42] Downloading update (118,528 of 173,897 KB)...
2026-07-21T09:13:42.458543+02:00 HOST-REDACTED-A steam[2552]: [2026-07-21 09:13:42] Downloading update (119,498 of 173,897 KB)...
2026-07-21T09:13:42.708624+02:00 HOST-REDACTED-A steam[2552]: [2026-07-21 09:13:42] Downloading update (120,850 of 173,897 KB)...
2026-07-21T09:13:42.958710+02:00 HOST-REDACTED-A steam[2552]: [2026-07-21 09:13:42] Downloading update (121,518 of 173,897 KB)...
2026-07-21T09:13:43.124436+02:00 HOST-REDACTED-A steam[2552]: ProtonFixes[5140] WARN: Skipping fix execution. We are probably running a unit test.
2026-07-21T09:13:43.129418+02:00 HOST-REDACTED-A steam[2552]: ntsync: up and running.
2026-07-21T09:13:43.208954+02:00 HOST-REDACTED-A steam[2552]: [2026-07-21 09:13:43] Downloading update (122,870 of 173,897 KB)...
2026-07-21T09:13:42.721513+02:00 HOST-REDACTED-A systemd-resolved[664]: Clock change detected. Flushing caches.
2026-07-21T09:13:42.776948+02:00 HOST-REDACTED-A systemd-journald[635]: Time jumped backwards, rotating.
2026-07-21T09:13:42.776989+02:00 HOST-REDACTED-A steam[2552]: [2026-07-21 09:13:42] Downloading update (124,326 of 173,897 KB)...
2026-07-21T09:13:42.721553+02:00 HOST-REDACTED-A systemd-timesyncd[657]: Contacted time server 185.51.192.61:123 (2.arch.pool.ntp.org).
2026-07-21T09:13:42.721583+02:00 HOST-REDACTED-A systemd-timesyncd[657]: Initial clock synchronization to Tue 2026-07-21 09:13:42.721495 CEST.
2026-07-21T09:13:42.788356+02:00 HOST-REDACTED-A python[1759]: 2026-07-21 09:13:42,788 ERROR steamos_log_submitter.helpers.journal: Failed reading journal for unit steam-notif-daemon.service
2026-07-21T09:13:42.980432+02:00 HOST-REDACTED-A steam[2552]: [2026-07-21 09:13:42] Downloading update (125,059 of 173,897 KB)...
2026-07-21T09:13:43.034120+02:00 HOST-REDACTED-A systemd[1]: systemd-hostnamed.service: Deactivated successfully.
2026-07-21T09:13:43.230494+02:00 HOST-REDACTED-A steam[2552]: [2026-07-21 09:13:43] Downloading update (125,834 of 173,897 KB)...
2026-07-21T09:13:43.462127+02:00 HOST-REDACTED-A steam[2552]: ATTENTION: default value of option vk_xwayland_wait_ready overridden by environment.
2026-07-21T09:13:43.462869+02:00 HOST-REDACTED-A steam[2552]: ATTENTION: default value of option vk_xwayland_wait_ready overridden by environment.
2026-07-21T09:13:43.463511+02:00 HOST-REDACTED-A steam[2552]: [Gamescope WSI] No application info given.
2026-07-21T09:13:43.463520+02:00 HOST-REDACTED-A steam[2552]: [Gamescope WSI] Executable name: explorer.exe
2026-07-21T09:13:43.466917+02:00 HOST-REDACTED-A steam[2552]: WARNING: radv is not a conformant Vulkan implementation, testing use only.
2026-07-21T09:13:43.480588+02:00 HOST-REDACTED-A steam[2552]: [2026-07-21 09:13:43] Downloading update (126,741 of 173,897 KB)...
2026-07-21T09:13:43.613482+02:00 HOST-REDACTED-A steam[2552]: ATTENTION: default value of option vk_xwayland_wait_ready overridden by environment.
2026-07-21T09:13:43.613525+02:00 HOST-REDACTED-A steam[2552]: ATTENTION: default value of option vk_wsi_force_swapchain_to_current_extent overridden by environment.
2026-07-21T09:13:43.614058+02:00 HOST-REDACTED-A steam[2552]: ATTENTION: default value of option vk_xwayland_wait_ready overridden by environment.
2026-07-21T09:13:43.614064+02:00 HOST-REDACTED-A steam[2552]: ATTENTION: default value of option vk_wsi_force_swapchain_to_current_extent overridden by environment.
2026-07-21T09:13:43.614715+02:00 HOST-REDACTED-A steam[2552]: [Gamescope WSI] Application info:
2026-07-21T09:13:43.614730+02:00 HOST-REDACTED-A steam[2552]:   pApplicationName: xalia.exe
2026-07-21T09:13:43.614730+02:00 HOST-REDACTED-A steam[2552]:   applicationVersion: 0
2026-07-21T09:13:43.614730+02:00 HOST-REDACTED-A steam[2552]:   pEngineName: DXVK
2026-07-21T09:13:43.614730+02:00 HOST-REDACTED-A steam[2552]:   engineVersion: 12582912
2026-07-21T09:13:43.614730+02:00 HOST-REDACTED-A steam[2552]:   apiVersion: 4206592
2026-07-21T09:13:43.614730+02:00 HOST-REDACTED-A steam[2552]: [Gamescope WSI] Executable name: xalia.exe
2026-07-21T09:13:43.618757+02:00 HOST-REDACTED-A steam[2552]: WARNING: radv is not a conformant Vulkan implementation, testing use only.
2026-07-21T09:13:43.621011+02:00 HOST-REDACTED-A steam[2552]: ATTENTION: default value of option vk_xwayland_wait_ready overridden by environment.
2026-07-21T09:13:43.621021+02:00 HOST-REDACTED-A steam[2552]: ATTENTION: default value of option vk_wsi_force_swapchain_to_current_extent overridden by environment.
2026-07-21T09:13:43.621535+02:00 HOST-REDACTED-A steam[2552]: ATTENTION: default value of option vk_xwayland_wait_ready overridden by environment.
2026-07-21T09:13:43.621541+02:00 HOST-REDACTED-A steam[2552]: ATTENTION: default value of option vk_wsi_force_swapchain_to_current_extent overridden by environment.
2026-07-21T09:13:43.622134+02:00 HOST-REDACTED-A steam[2552]: [Gamescope WSI] No application info given.
2026-07-21T09:13:43.622590+02:00 HOST-REDACTED-A steam[2552]: WARNING: radv is not a conformant Vulkan implementation, testing use only.
2026-07-21T09:13:43.730691+02:00 HOST-REDACTED-A steam[2552]: [2026-07-21 09:13:43] Downloading update (127,866 of 173,897 KB)...
2026-07-21T09:13:43.787935+02:00 HOST-REDACTED-A PluginLoader[2137]: [updater][DEBUG]: checking for updates
2026-07-21T09:13:43.787935+02:00 HOST-REDACTED-A PluginLoader[2137]: [updater][DEBUG]: current branch: 1
2026-07-21T09:13:43.841782+02:00 HOST-REDACTED-A PluginLoader[2137]: [updater][DEBUG]: release type: pre-release
2026-07-21T09:13:43.841913+02:00 HOST-REDACTED-A PluginLoader[2137]: [updater][DEBUG]: determining release type to find, branch is 1
2026-07-21T09:13:43.841925+02:00 HOST-REDACTED-A PluginLoader[2137]: [updater][DEBUG]: release type: pre-release
2026-07-21T09:13:43.841944+02:00 HOST-REDACTED-A PluginLoader[2137]: [updater][INFO]: Updated remote version information
2026-07-21T09:13:43.841958+02:00 HOST-REDACTED-A PluginLoader[2137]: [wsrouter][DEBUG]: Firing frontend event loader/notify_updates with args ()
2026-07-21T09:13:43.841982+02:00 HOST-REDACTED-A PluginLoader[2137]: [wsrouter][WARNING]: Dropping message as there is no connected socket: {'type': 3, 'event': 'loader/notify_updates', 'args': ()}
2026-07-21T09:13:44.002634+02:00 HOST-REDACTED-A steam[2552]: [2026-07-21 09:13:44] Downloading update (129,020 of 173,897 KB)...
2026-07-21T09:13:44.252706+02:00 HOST-REDACTED-A steam[2552]: [2026-07-21 09:13:44] Downloading update (129,517 of 173,897 KB)...
2026-07-21T09:13:44.502797+02:00 HOST-REDACTED-A steam[2552]: [2026-07-21 09:13:44] Downloading update (130,344 of 173,897 KB)...
2026-07-21T09:13:44.752862+02:00 HOST-REDACTED-A steam[2552]: [2026-07-21 09:13:44] Downloading update (131,306 of 173,897 KB)...
2026-07-21T09:13:45.002942+02:00 HOST-REDACTED-A steam[2552]: [2026-07-21 09:13:45] Downloading update (131,938 of 173,897 KB)...
2026-07-21T09:13:45.160850+02:00 HOST-REDACTED-A steam[2552]: ATTENTION: default value of option vk_xwayland_wait_ready overridden by environment.
2026-07-21T09:13:45.161435+02:00 HOST-REDACTED-A steam[2552]: ATTENTION: default value of option vk_xwayland_wait_ready overridden by environment.
2026-07-21T09:13:45.162097+02:00 HOST-REDACTED-A steam[2552]: [Gamescope WSI] Application info:
2026-07-21T09:13:45.162097+02:00 HOST-REDACTED-A steam[2552]:   pApplicationName: d3ddriverquery64.exe
2026-07-21T09:13:45.162097+02:00 HOST-REDACTED-A steam[2552]:   applicationVersion: 0
2026-07-21T09:13:45.162097+02:00 HOST-REDACTED-A steam[2552]:   pEngineName: DXVK
2026-07-21T09:13:45.162097+02:00 HOST-REDACTED-A steam[2552]:   engineVersion: 12582912
2026-07-21T09:13:45.162161+02:00 HOST-REDACTED-A steam[2552]:   apiVersion: 4206592
2026-07-21T09:13:45.162161+02:00 HOST-REDACTED-A steam[2552]: [Gamescope WSI] Executable name: d3ddriverquery64.exe
2026-07-21T09:13:45.165529+02:00 HOST-REDACTED-A steam[2552]: WARNING: radv is not a conformant Vulkan implementation, testing use only.
2026-07-21T09:13:45.166366+02:00 HOST-REDACTED-A steam[2552]: ATTENTION: default value of option vk_xwayland_wait_ready overridden by environment.
2026-07-21T09:13:45.166962+02:00 HOST-REDACTED-A steam[2552]: ATTENTION: default value of option vk_xwayland_wait_ready overridden by environment.
2026-07-21T09:13:45.167608+02:00 HOST-REDACTED-A steam[2552]: [Gamescope WSI] Application info:
2026-07-21T09:13:45.167628+02:00 HOST-REDACTED-A steam[2552]:   pApplicationName: xalia.exe
2026-07-21T09:13:45.167628+02:00 HOST-REDACTED-A steam[2552]:   applicationVersion: 0
2026-07-21T09:13:45.167628+02:00 HOST-REDACTED-A steam[2552]:   pEngineName: DXVK
2026-07-21T09:13:45.167628+02:00 HOST-REDACTED-A steam[2552]:   engineVersion: 12582912
2026-07-21T09:13:45.167628+02:00 HOST-REDACTED-A steam[2552]:   apiVersion: 4206592
2026-07-21T09:13:45.167628+02:00 HOST-REDACTED-A steam[2552]: [Gamescope WSI] Executable name: xalia.exe
2026-07-21T09:13:45.167871+02:00 HOST-REDACTED-A steam[2552]: ATTENTION: default value of option vk_xwayland_wait_ready overridden by environment.
2026-07-21T09:13:45.167884+02:00 HOST-REDACTED-A steam[2552]: ATTENTION: default value of option vk_wsi_force_swapchain_to_current_extent overridden by environment.
2026-07-21T09:13:45.168400+02:00 HOST-REDACTED-A steam[2552]: ATTENTION: default value of option vk_xwayland_wait_ready overridden by environment.
2026-07-21T09:13:45.168408+02:00 HOST-REDACTED-A steam[2552]: ATTENTION: default value of option vk_wsi_force_swapchain_to_current_extent overridden by environment.
2026-07-21T09:13:45.168991+02:00 HOST-REDACTED-A steam[2552]: [Gamescope WSI] No application info given.
2026-07-21T09:13:45.169444+02:00 HOST-REDACTED-A steam[2552]: WARNING: radv is not a conformant Vulkan implementation, testing use only.
2026-07-21T09:13:45.170049+02:00 HOST-REDACTED-A steam[2552]: WARNING: radv is not a conformant Vulkan implementation, testing use only.
2026-07-21T09:13:45.171521+02:00 HOST-REDACTED-A steam[2552]: [Gamescope WSI] Forcing on VK_EXT_swapchain_maintenance1.
2026-07-21T09:13:45.172308+02:00 HOST-REDACTED-A steam[2552]: ATTENTION: default value of option vk_xwayland_wait_ready overridden by environment.
2026-07-21T09:13:45.172314+02:00 HOST-REDACTED-A steam[2552]: ATTENTION: default value of option vk_wsi_force_swapchain_to_current_extent overridden by environment.
2026-07-21T09:13:45.172841+02:00 HOST-REDACTED-A steam[2552]: ATTENTION: default value of option vk_xwayland_wait_ready overridden by environment.
2026-07-21T09:13:45.172847+02:00 HOST-REDACTED-A steam[2552]: ATTENTION: default value of option vk_wsi_force_swapchain_to_current_extent overridden by environment.
2026-07-21T09:13:45.173435+02:00 HOST-REDACTED-A steam[2552]: [Gamescope WSI] No application info given.
2026-07-21T09:13:45.173463+02:00 HOST-REDACTED-A steam[2552]: Fossilize INFO: Overriding serialization path: "/<USER-REDACTED>/.local/share/Steam/shader_cache_temp_dir_d3d11_64/fozpipelinesv6/steamapprun_pipeline_cache".
2026-07-21T09:13:45.173901+02:00 HOST-REDACTED-A steam[2552]: WARNING: radv is not a conformant Vulkan implementation, testing use only.
2026-07-21T09:13:45.253028+02:00 HOST-REDACTED-A steam[2552]: [2026-07-21 09:13:45] Downloading update (132,531 of 173,897 KB)...
2026-07-21T09:13:45.503115+02:00 HOST-REDACTED-A steam[2552]: [2026-07-21 09:13:45] Downloading update (132,571 of 173,897 KB)...
2026-07-21T09:13:45.753192+02:00 HOST-REDACTED-A steam[2552]: [2026-07-21 09:13:45] Downloading update (133,223 of 173,897 KB)...
2026-07-21T09:13:46.003285+02:00 HOST-REDACTED-A steam[2552]: [2026-07-21 09:13:46] Downloading update (133,990 of 173,897 KB)...
2026-07-21T09:13:46.192896+02:00 HOST-REDACTED-A steam[2552]: i386-linux-gnu-capsule-capture-libs: warning: Dependencies of /usr/lib32/libMangoHud.so not found, ignoring: Missing dependencies: Could not find "libxkbcommon.so.0" in LD_LIBRARY_PATH "/<USER-REDACTED>/.local/share/Steam/ubuntu12_32:/<USER-REDACTED>/.local/share/Steam/ubuntu12_32/panorama:/usr/lib32:/usr/lib/perf:/usr/lib", ld.so.cache, DT_RUNPATH or fallback /lib/i386-linux-gnu:/usr/lib/i386-linux-gnu:/usr/i686-pc-linux-gnu/lib:/lib32:/usr/lib32:/lib:/usr/lib
2026-07-21T09:13:46.253347+02:00 HOST-REDACTED-A steam[2552]: [2026-07-21 09:13:46] Downloading update (134,778 of 173,897 KB)...
2026-07-21T09:13:46.314832+02:00 HOST-REDACTED-A steam[2552]: ProtonFixes[5452] WARN: Skipping fix execution. We are probably running a unit test.
2026-07-21T09:13:46.332066+02:00 HOST-REDACTED-A steam[2552]: ProtonFixes[5452] WARN: Skipping fix execution. We are probably running a unit test.
2026-07-21T09:13:46.333497+02:00 HOST-REDACTED-A steam[2552]: ntsync: up and running.
2026-07-21T09:13:46.503435+02:00 HOST-REDACTED-A steam[2552]: [2026-07-21 09:13:46] Downloading update (135,394 of 173,897 KB)...
2026-07-21T09:13:46.753526+02:00 HOST-REDACTED-A steam[2552]: [2026-07-21 09:13:46] Downloading update (136,201 of 173,897 KB)...
2026-07-21T09:13:46.761784+02:00 HOST-REDACTED-A rigsignal-agent[2129]: 2026-07-21T07:13:46.761775Z  INFO rigsignal_agent::session: No game detected — idle polling
2026-07-21T09:13:47.003614+02:00 HOST-REDACTED-A steam[2552]: [2026-07-21 09:13:47] Downloading update (136,595 of 173,897 KB)...
2026-07-21T09:13:47.253683+02:00 HOST-REDACTED-A steam[2552]: [2026-07-21 09:13:47] Downloading update (136,909 of 173,897 KB)...
2026-07-21T09:13:47.375181+02:00 HOST-REDACTED-A steam[2552]: ATTENTION: default value of option vk_xwayland_wait_ready overridden by environment.
2026-07-21T09:13:47.375736+02:00 HOST-REDACTED-A steam[2552]: ATTENTION: default value of option vk_xwayland_wait_ready overridden by environment.
2026-07-21T09:13:47.376389+02:00 HOST-REDACTED-A steam[2552]: [Gamescope WSI] No application info given.
2026-07-21T09:13:47.376411+02:00 HOST-REDACTED-A steam[2552]: [Gamescope WSI] Executable name: explorer.exe
2026-07-21T09:13:47.379857+02:00 HOST-REDACTED-A steam[2552]: WARNING: radv is not a conformant Vulkan implementation, testing use only.
2026-07-21T09:13:47.503789+02:00 HOST-REDACTED-A steam[2552]: [2026-07-21 09:13:47] Downloading update (137,044 of 173,897 KB)...
2026-07-21T09:13:47.504639+02:00 HOST-REDACTED-A steam[2552]: ATTENTION: default value of option vk_xwayland_wait_ready overridden by environment.
2026-07-21T09:13:47.505234+02:00 HOST-REDACTED-A steam[2552]: ATTENTION: default value of option vk_xwayland_wait_ready overridden by environment.
2026-07-21T09:13:47.505904+02:00 HOST-REDACTED-A steam[2552]: [Gamescope WSI] Application info:
2026-07-21T09:13:47.505904+02:00 HOST-REDACTED-A steam[2552]:   pApplicationName: d3ddriverquery64.exe
2026-07-21T09:13:47.505904+02:00 HOST-REDACTED-A steam[2552]:   applicationVersion: 0
2026-07-21T09:13:47.505958+02:00 HOST-REDACTED-A steam[2552]:   pEngineName: DXVK
2026-07-21T09:13:47.505958+02:00 HOST-REDACTED-A steam[2552]:   engineVersion: 12582912
2026-07-21T09:13:47.505958+02:00 HOST-REDACTED-A steam[2552]:   apiVersion: 4206592
2026-07-21T09:13:47.505958+02:00 HOST-REDACTED-A steam[2552]: [Gamescope WSI] Executable name: d3ddriverquery64.exe
2026-07-21T09:13:47.508988+02:00 HOST-REDACTED-A steam[2552]: ATTENTION: default value of option vk_xwayland_wait_ready overridden by environment.
2026-07-21T09:13:47.509007+02:00 HOST-REDACTED-A steam[2552]: ATTENTION: default value of option vk_wsi_force_swapchain_to_current_extent overridden by environment.
2026-07-21T09:13:47.509655+02:00 HOST-REDACTED-A steam[2552]: ATTENTION: default value of option vk_xwayland_wait_ready overridden by environment.
2026-07-21T09:13:47.509655+02:00 HOST-REDACTED-A steam[2552]: WARNING: radv is not a conformant Vulkan implementation, testing use only.
2026-07-21T09:13:47.509690+02:00 HOST-REDACTED-A steam[2552]: ATTENTION: default value of option vk_wsi_force_swapchain_to_current_extent overridden by environment.
2026-07-21T09:13:47.510360+02:00 HOST-REDACTED-A steam[2552]: [Gamescope WSI] Application info:
2026-07-21T09:13:47.510360+02:00 HOST-REDACTED-A steam[2552]:   pApplicationName: xalia.exe
2026-07-21T09:13:47.510387+02:00 HOST-REDACTED-A steam[2552]:   applicationVersion: 0
2026-07-21T09:13:47.510387+02:00 HOST-REDACTED-A steam[2552]:   pEngineName: DXVK
2026-07-21T09:13:47.510387+02:00 HOST-REDACTED-A steam[2552]:   engineVersion: 12582912
2026-07-21T09:13:47.510387+02:00 HOST-REDACTED-A steam[2552]:   apiVersion: 4206592
2026-07-21T09:13:47.510387+02:00 HOST-REDACTED-A steam[2552]: [Gamescope WSI] Executable name: xalia.exe
2026-07-21T09:13:47.512154+02:00 HOST-REDACTED-A steam[2552]: WARNING: radv is not a conformant Vulkan implementation, testing use only.
2026-07-21T09:13:47.512215+02:00 HOST-REDACTED-A steam[2552]: ATTENTION: default value of option vk_xwayland_wait_ready overridden by environment.
2026-07-21T09:13:47.512221+02:00 HOST-REDACTED-A steam[2552]: ATTENTION: default value of option vk_wsi_force_swapchain_to_current_extent overridden by environment.
2026-07-21T09:13:47.512767+02:00 HOST-REDACTED-A steam[2552]: ATTENTION: default value of option vk_xwayland_wait_ready overridden by environment.
2026-07-21T09:13:47.512780+02:00 HOST-REDACTED-A steam[2552]: ATTENTION: default value of option vk_wsi_force_swapchain_to_current_extent overridden by environment.
2026-07-21T09:13:47.513394+02:00 HOST-REDACTED-A steam[2552]: [Gamescope WSI] No application info given.
2026-07-21T09:13:47.513848+02:00 HOST-REDACTED-A steam[2552]: WARNING: radv is not a conformant Vulkan implementation, testing use only.
2026-07-21T09:13:47.514582+02:00 HOST-REDACTED-A steam[2552]: ATTENTION: default value of option vk_xwayland_wait_ready overridden by environment.
2026-07-21T09:13:47.514588+02:00 HOST-REDACTED-A steam[2552]: ATTENTION: default value of option vk_wsi_force_swapchain_to_current_extent overridden by environment.
2026-07-21T09:13:47.515105+02:00 HOST-REDACTED-A steam[2552]: ATTENTION: default value of option vk_xwayland_wait_ready overridden by environment.
2026-07-21T09:13:47.515119+02:00 HOST-REDACTED-A steam[2552]: ATTENTION: default value of option vk_wsi_force_swapchain_to_current_extent overridden by environment.
2026-07-21T09:13:47.515698+02:00 HOST-REDACTED-A steam[2552]: [Gamescope WSI] No application info given.
2026-07-21T09:13:47.516161+02:00 HOST-REDACTED-A steam[2552]: WARNING: radv is not a conformant Vulkan implementation, testing use only.
2026-07-21T09:13:47.519275+02:00 HOST-REDACTED-A steam[2552]: ATTENTION: default value of option vk_xwayland_wait_ready overridden by environment.
2026-07-21T09:13:47.519291+02:00 HOST-REDACTED-A steam[2552]: ATTENTION: default value of option vk_wsi_force_swapchain_to_current_extent overridden by environment.
2026-07-21T09:13:47.519822+02:00 HOST-REDACTED-A steam[2552]: ATTENTION: default value of option vk_xwayland_wait_ready overridden by environment.
2026-07-21T09:13:47.519828+02:00 HOST-REDACTED-A steam[2552]: ATTENTION: default value of option vk_wsi_force_swapchain_to_current_extent overridden by environment.
2026-07-21T09:13:47.520453+02:00 HOST-REDACTED-A steam[2552]: [Gamescope WSI] Application info:
2026-07-21T09:13:47.520459+02:00 HOST-REDACTED-A steam[2552]:   pApplicationName: d3ddriverquery64.exe
2026-07-21T09:13:47.520459+02:00 HOST-REDACTED-A steam[2552]:   applicationVersion: 0
2026-07-21T09:13:47.520459+02:00 HOST-REDACTED-A steam[2552]:   pEngineName: vkd3d
2026-07-21T09:13:47.520475+02:00 HOST-REDACTED-A steam[2552]:   engineVersion: 12587008
2026-07-21T09:13:47.520475+02:00 HOST-REDACTED-A steam[2552]:   apiVersion: 4206592
2026-07-21T09:13:47.520918+02:00 HOST-REDACTED-A steam[2552]: WARNING: radv is not a conformant Vulkan implementation, testing use only.
2026-07-21T09:13:47.555661+02:00 HOST-REDACTED-A steam[2552]: [Gamescope WSI] Forcing on VK_EXT_swapchain_maintenance1.
2026-07-21T09:13:47.557814+02:00 HOST-REDACTED-A steam[2552]: Fossilize INFO: Overriding serialization path: "/<USER-REDACTED>/.local/share/Steam/shader_cache_temp_dir_d3d12_64/fozpipelinesv6/steamapprun_pipeline_cache".
2026-07-21T09:13:47.753857+02:00 HOST-REDACTED-A steam[2552]: [2026-07-21 09:13:47] Downloading update (137,267 of 173,897 KB)...
2026-07-21T09:13:48.003937+02:00 HOST-REDACTED-A steam[2552]: [2026-07-21 09:13:48] Downloading update (137,486 of 173,897 KB)...
2026-07-21T09:13:48.254017+02:00 HOST-REDACTED-A steam[2552]: [2026-07-21 09:13:48] Downloading update (137,816 of 173,897 KB)...
2026-07-21T09:13:48.504086+02:00 HOST-REDACTED-A steam[2552]: [2026-07-21 09:13:48] Downloading update (138,190 of 173,897 KB)...
2026-07-21T09:13:48.754166+02:00 HOST-REDACTED-A steam[2552]: [2026-07-21 09:13:48] Downloading update (138,710 of 173,897 KB)...
2026-07-21T09:13:49.004245+02:00 HOST-REDACTED-A steam[2552]: [2026-07-21 09:13:49] Downloading update (139,450 of 173,897 KB)...
2026-07-21T09:13:49.254340+02:00 HOST-REDACTED-A steam[2552]: [2026-07-21 09:13:49] Downloading update (140,051 of 173,897 KB)...
2026-07-21T09:13:49.504398+02:00 HOST-REDACTED-A steam[2552]: [2026-07-21 09:13:49] Downloading update (140,917 of 173,897 KB)...
2026-07-21T09:13:49.754475+02:00 HOST-REDACTED-A steam[2552]: [2026-07-21 09:13:49] Downloading update (141,566 of 173,897 KB)...
2026-07-21T09:13:49.837281+02:00 HOST-REDACTED-A steam[2552]: reaping pid: 4162 -- steamos-select-
2026-07-21T09:13:50.004569+02:00 HOST-REDACTED-A steam[2552]: [2026-07-21 09:13:50] Downloading update (142,357 of 173,897 KB)...
2026-07-21T09:13:50.254653+02:00 HOST-REDACTED-A steam[2552]: [2026-07-21 09:13:50] Downloading update (143,168 of 173,897 KB)...
2026-07-21T09:13:50.504730+02:00 HOST-REDACTED-A steam[2552]: [2026-07-21 09:13:50] Downloading update (143,956 of 173,897 KB)...
2026-07-21T09:13:50.710106+02:00 HOST-REDACTED-A systemd[1]: systemd-timedated.service: Deactivated successfully.
2026-07-21T09:13:50.754810+02:00 HOST-REDACTED-A steam[2552]: [2026-07-21 09:13:50] Downloading update (144,747 of 173,897 KB)...
2026-07-21T09:13:51.004956+02:00 HOST-REDACTED-A steam[2552]: [2026-07-21 09:13:51] Downloading update (145,550 of 173,897 KB)...
2026-07-21T09:13:51.255035+02:00 HOST-REDACTED-A steam[2552]: [2026-07-21 09:13:51] Downloading update (146,342 of 173,897 KB)...
2026-07-21T09:13:51.505138+02:00 HOST-REDACTED-A steam[2552]: [2026-07-21 09:13:51] Downloading update (147,113 of 173,897 KB)...
2026-07-21T09:13:51.755253+02:00 HOST-REDACTED-A steam[2552]: [2026-07-21 09:13:51] Downloading update (147,920 of 173,897 KB)...
2026-07-21T09:13:52.005358+02:00 HOST-REDACTED-A steam[2552]: [2026-07-21 09:13:52] Downloading update (148,692 of 173,897 KB)...
2026-07-21T09:13:52.255425+02:00 HOST-REDACTED-A steam[2552]: [2026-07-21 09:13:52] Downloading update (149,483 of 173,897 KB)...
2026-07-21T09:13:52.505488+02:00 HOST-REDACTED-A steam[2552]: [2026-07-21 09:13:52] Downloading update (149,956 of 173,897 KB)...
2026-07-21T09:13:52.755556+02:00 HOST-REDACTED-A steam[2552]: [2026-07-21 09:13:52] Downloading update (150,167 of 173,897 KB)...
2026-07-21T09:13:53.005626+02:00 HOST-REDACTED-A steam[2552]: [2026-07-21 09:13:53] Downloading update (150,382 of 173,897 KB)...
2026-07-21T09:13:53.505771+02:00 HOST-REDACTED-A steam[2552]: [2026-07-21 09:13:53] Downloading update (150,525 of 173,897 KB)...
2026-07-21T09:13:53.755865+02:00 HOST-REDACTED-A steam[2552]: [2026-07-21 09:13:53] Downloading update (150,704 of 173,897 KB)...
2026-07-21T09:13:54.005941+02:00 HOST-REDACTED-A steam[2552]: [2026-07-21 09:13:54] Downloading update (150,919 of 173,897 KB)...
2026-07-21T09:13:54.256024+02:00 HOST-REDACTED-A steam[2552]: [2026-07-21 09:13:54] Downloading update (151,177 of 173,897 KB)...
2026-07-21T09:13:54.506091+02:00 HOST-REDACTED-A steam[2552]: [2026-07-21 09:13:54] Downloading update (151,352 of 173,897 KB)...
2026-07-21T09:13:54.756207+02:00 HOST-REDACTED-A steam[2552]: [2026-07-21 09:13:54] Downloading update (151,471 of 173,897 KB)...
2026-07-21T09:13:55.006289+02:00 HOST-REDACTED-A steam[2552]: [2026-07-21 09:13:55] Downloading update (151,591 of 173,897 KB)...
2026-07-21T09:13:55.256367+02:00 HOST-REDACTED-A steam[2552]: [2026-07-21 09:13:55] Downloading update (151,722 of 173,897 KB)...
2026-07-21T09:13:55.506471+02:00 HOST-REDACTED-A steam[2552]: [2026-07-21 09:13:55] Downloading update (151,929 of 173,897 KB)...
2026-07-21T09:13:55.756550+02:00 HOST-REDACTED-A steam[2552]: [2026-07-21 09:13:55] Downloading update (152,024 of 173,897 KB)...
2026-07-21T09:13:56.006622+02:00 HOST-REDACTED-A steam[2552]: [2026-07-21 09:13:56] Downloading update (152,143 of 173,897 KB)...
2026-07-21T09:13:56.256701+02:00 HOST-REDACTED-A steam[2552]: [2026-07-21 09:13:56] Downloading update (152,322 of 173,897 KB)...
2026-07-21T09:13:56.506783+02:00 HOST-REDACTED-A steam[2552]: [2026-07-21 09:13:56] Downloading update (152,418 of 173,897 KB)...
2026-07-21T09:13:56.756842+02:00 HOST-REDACTED-A steam[2552]: [2026-07-21 09:13:56] Downloading update (152,553 of 173,897 KB)...
2026-07-21T09:13:57.006919+02:00 HOST-REDACTED-A steam[2552]: [2026-07-21 09:13:57] Downloading update (152,692 of 173,897 KB)...
2026-07-21T09:13:57.256986+02:00 HOST-REDACTED-A steam[2552]: [2026-07-21 09:13:57] Downloading update (152,811 of 173,897 KB)...
2026-07-21T09:13:57.507064+02:00 HOST-REDACTED-A steam[2552]: [2026-07-21 09:13:57] Downloading update (152,970 of 173,897 KB)...
2026-07-21T09:13:57.757133+02:00 HOST-REDACTED-A steam[2552]: [2026-07-21 09:13:57] Downloading update (153,074 of 173,897 KB)...
2026-07-21T09:13:58.007210+02:00 HOST-REDACTED-A steam[2552]: [2026-07-21 09:13:58] Downloading update (153,229 of 173,897 KB)...
2026-07-21T09:13:58.257284+02:00 HOST-REDACTED-A steam[2552]: [2026-07-21 09:13:58] Downloading update (153,269 of 173,897 KB)...
2026-07-21T09:13:58.507358+02:00 HOST-REDACTED-A steam[2552]: [2026-07-21 09:13:58] Downloading update (153,404 of 173,897 KB)...
2026-07-21T09:13:58.757426+02:00 HOST-REDACTED-A steam[2552]: [2026-07-21 09:13:58] Downloading update (153,467 of 173,897 KB)...
2026-07-21T09:13:59.007493+02:00 HOST-REDACTED-A steam[2552]: [2026-07-21 09:13:59] Downloading update (153,547 of 173,897 KB)...
2026-07-21T09:13:59.257569+02:00 HOST-REDACTED-A steam[2552]: [2026-07-21 09:13:59] Downloading update (153,698 of 173,897 KB)...
2026-07-21T09:13:59.507659+02:00 HOST-REDACTED-A steam[2552]: [2026-07-21 09:13:59] Downloading update (153,877 of 173,897 KB)...
2026-07-21T09:13:59.757722+02:00 HOST-REDACTED-A steam[2552]: [2026-07-21 09:13:59] Downloading update (154,012 of 173,897 KB)...
2026-07-21T09:14:00.007805+02:00 HOST-REDACTED-A steam[2552]: [2026-07-21 09:14:00] Downloading update (154,171 of 173,897 KB)...
2026-07-21T09:14:00.257839+02:00 HOST-REDACTED-A steam[2552]: [2026-07-21 09:14:00] Downloading update (154,334 of 173,897 KB)...
2026-07-21T09:14:00.507917+02:00 HOST-REDACTED-A steam[2552]: [2026-07-21 09:14:00] Downloading update (154,533 of 173,897 KB)...
2026-07-21T09:14:00.758000+02:00 HOST-REDACTED-A steam[2552]: [2026-07-21 09:14:00] Downloading update (154,768 of 173,897 KB)...
2026-07-21T09:14:01.008076+02:00 HOST-REDACTED-A steam[2552]: [2026-07-21 09:14:01] Downloading update (155,006 of 173,897 KB)...
2026-07-21T09:14:01.258200+02:00 HOST-REDACTED-A steam[2552]: [2026-07-21 09:14:01] Downloading update (155,360 of 173,897 KB)...
2026-07-21T09:14:01.508289+02:00 HOST-REDACTED-A steam[2552]: [2026-07-21 09:14:01] Downloading update (155,631 of 173,897 KB)...
2026-07-21T09:14:01.758309+02:00 HOST-REDACTED-A steam[2552]: [2026-07-21 09:14:01] Downloading update (156,072 of 173,897 KB)...
2026-07-21T09:14:02.008406+02:00 HOST-REDACTED-A steam[2552]: [2026-07-21 09:14:02] Downloading update (156,466 of 173,897 KB)...
2026-07-21T09:14:02.258474+02:00 HOST-REDACTED-A steam[2552]: [2026-07-21 09:14:02] Downloading update (157,058 of 173,897 KB)...
2026-07-21T09:14:02.508574+02:00 HOST-REDACTED-A steam[2552]: [2026-07-21 09:14:02] Downloading update (157,587 of 173,897 KB)...
2026-07-21T09:14:02.758652+02:00 HOST-REDACTED-A steam[2552]: [2026-07-21 09:14:02] Downloading update (158,335 of 173,897 KB)...
2026-07-21T09:14:03.008729+02:00 HOST-REDACTED-A steam[2552]: [2026-07-21 09:14:03] Downloading update (159,126 of 173,897 KB)...
2026-07-21T09:14:03.258839+02:00 HOST-REDACTED-A steam[2552]: [2026-07-21 09:14:03] Downloading update (160,152 of 173,897 KB)...
2026-07-21T09:14:03.508934+02:00 HOST-REDACTED-A steam[2552]: [2026-07-21 09:14:03] Downloading update (160,808 of 173,897 KB)...
2026-07-21T09:14:03.759051+02:00 HOST-REDACTED-A steam[2552]: [2026-07-21 09:14:03] Downloading update (161,612 of 173,897 KB)...
2026-07-21T09:14:04.009144+02:00 HOST-REDACTED-A steam[2552]: [2026-07-21 09:14:04] Downloading update (162,284 of 173,897 KB)...
2026-07-21T09:14:04.259170+02:00 HOST-REDACTED-A steam[2552]: [2026-07-21 09:14:04] Downloading update (163,071 of 173,897 KB)...
2026-07-21T09:14:04.509245+02:00 HOST-REDACTED-A steam[2552]: [2026-07-21 09:14:04] Downloading update (163,902 of 173,897 KB)...
2026-07-21T09:14:04.759318+02:00 HOST-REDACTED-A steam[2552]: [2026-07-21 09:14:04] Downloading update (164,689 of 173,897 KB)...
2026-07-21T09:14:05.009395+02:00 HOST-REDACTED-A steam[2552]: [2026-07-21 09:14:05] Downloading update (165,540 of 173,897 KB)...
2026-07-21T09:14:05.259482+02:00 HOST-REDACTED-A steam[2552]: [2026-07-21 09:14:05] Downloading update (166,507 of 173,897 KB)...
2026-07-21T09:14:05.509570+02:00 HOST-REDACTED-A steam[2552]: [2026-07-21 09:14:05] Downloading update (166,996 of 173,897 KB)...
2026-07-21T09:14:05.759654+02:00 HOST-REDACTED-A steam[2552]: [2026-07-21 09:14:05] Downloading update (167,688 of 173,897 KB)...
2026-07-21T09:14:06.009723+02:00 HOST-REDACTED-A steam[2552]: [2026-07-21 09:14:06] Downloading update (167,823 of 173,897 KB)...
2026-07-21T09:14:06.509846+02:00 HOST-REDACTED-A steam[2552]: [2026-07-21 09:14:06] Downloading update (167,950 of 173,897 KB)...
2026-07-21T09:14:06.759929+02:00 HOST-REDACTED-A steam[2552]: [2026-07-21 09:14:06] Downloading update (168,145 of 173,897 KB)...
2026-07-21T09:14:07.009996+02:00 HOST-REDACTED-A steam[2552]: [2026-07-21 09:14:07] Downloading update (168,217 of 173,897 KB)...
2026-07-21T09:14:07.260074+02:00 HOST-REDACTED-A steam[2552]: [2026-07-21 09:14:07] Downloading update (168,384 of 173,897 KB)...
2026-07-21T09:14:07.510160+02:00 HOST-REDACTED-A steam[2552]: [2026-07-21 09:14:07] Downloading update (168,578 of 173,897 KB)...
2026-07-21T09:14:07.760233+02:00 HOST-REDACTED-A steam[2552]: [2026-07-21 09:14:07] Downloading update (168,714 of 173,897 KB)...
2026-07-21T09:14:08.010320+02:00 HOST-REDACTED-A steam[2552]: [2026-07-21 09:14:08] Downloading update (168,833 of 173,897 KB)...
2026-07-21T09:14:08.260398+02:00 HOST-REDACTED-A steam[2552]: [2026-07-21 09:14:08] Downloading update (168,952 of 173,897 KB)...
2026-07-21T09:14:08.510471+02:00 HOST-REDACTED-A steam[2552]: [2026-07-21 09:14:08] Downloading update (169,107 of 173,897 KB)...
2026-07-21T09:14:08.760541+02:00 HOST-REDACTED-A steam[2552]: [2026-07-21 09:14:08] Downloading update (169,282 of 173,897 KB)...
2026-07-21T09:14:09.010649+02:00 HOST-REDACTED-A steam[2552]: [2026-07-21 09:14:09] Downloading update (169,465 of 173,897 KB)...
2026-07-21T09:14:09.260745+02:00 HOST-REDACTED-A steam[2552]: [2026-07-21 09:14:09] Downloading update (169,700 of 173,897 KB)...
2026-07-21T09:14:09.510838+02:00 HOST-REDACTED-A steam[2552]: [2026-07-21 09:14:09] Downloading update (169,962 of 173,897 KB)...
2026-07-21T09:14:09.760984+02:00 HOST-REDACTED-A steam[2552]: [2026-07-21 09:14:09] Downloading update (170,253 of 173,897 KB)...
2026-07-21T09:14:10.011065+02:00 HOST-REDACTED-A steam[2552]: [2026-07-21 09:14:10] Downloading update (170,571 of 173,897 KB)...
2026-07-21T09:14:10.261123+02:00 HOST-REDACTED-A steam[2552]: [2026-07-21 09:14:10] Downloading update (170,909 of 173,897 KB)...
2026-07-21T09:14:10.511200+02:00 HOST-REDACTED-A steam[2552]: [2026-07-21 09:14:10] Downloading update (171,382 of 173,897 KB)...
2026-07-21T09:14:10.761294+02:00 HOST-REDACTED-A steam[2552]: [2026-07-21 09:14:10] Downloading update (171,871 of 173,897 KB)...
2026-07-21T09:14:11.011399+02:00 HOST-REDACTED-A steam[2552]: [2026-07-21 09:14:11] Downloading update (172,440 of 173,897 KB)...
2026-07-21T09:14:11.261486+02:00 HOST-REDACTED-A steam[2552]: [2026-07-21 09:14:11] Downloading update (173,136 of 173,897 KB)...
2026-07-21T09:14:11.580927+02:00 HOST-REDACTED-A steam[2552]: [2026-07-21 09:14:11] Downloading update (173,897 of 173,897 KB)...
2026-07-21T09:14:11.581179+02:00 HOST-REDACTED-A steam[2552]: [2026-07-21 09:14:11] Download complete.
2026-07-21T09:14:11.581191+02:00 HOST-REDACTED-A steam[2552]: [2026-07-21 09:14:11] Saving metrics to disk (/<USER-REDACTED>/.local/share/Steam/package/steam_client_metrics.bin)
2026-07-21T09:14:19.761065+02:00 HOST-REDACTED-A rigsignal-agent[2129]: 2026-07-21T07:14:19.761049Z  INFO rigsignal_agent::session: No game detected — idle polling
2026-07-21T09:14:51.761121+02:00 HOST-REDACTED-A rigsignal-agent[2129]: 2026-07-21T07:14:51.761089Z  INFO rigsignal_agent::session: No game detected — idle polling
2026-07-21T09:15:19.585578+02:00 HOST-REDACTED-A steam[2552]: [2026-07-21 09:15:19] uninstalled manifest found in /<USER-REDACTED>/.local/share/Steam/package/steam_client_steamdeck_publicbeta_ubuntu12 (1).
2026-07-21T09:15:19.585923+02:00 HOST-REDACTED-A steam[2552]: [2026-07-21 09:15:19] Background update loop checking for update. . .
2026-07-21T09:15:19.586009+02:00 HOST-REDACTED-A steam[2552]: [2026-07-21 09:15:19] Checking for available updates...
2026-07-21T09:15:19.586027+02:00 HOST-REDACTED-A steam[2552]: [2026-07-21 09:15:19] Downloading manifest: https://client-update.akamai.steamstatic.com/steam_client_steamdeck_publicbeta_ubuntu12
2026-07-21T09:15:19.600865+02:00 HOST-REDACTED-A pkexec[5780]: pam_unix(polkit-1:session): session opened for user root(uid=0) by USER-REDACTED(uid=1000)
2026-07-21T09:15:19.602487+02:00 HOST-REDACTED-A pkexec[5780]: USER-REDACTED: Executing command [USER=root] [TTY=unknown] [CWD=/<USER-REDACTED>/.local/share/Steam] [COMMAND=/usr/bin/steamos-polkit-helpers/steamos-update --supports-duplicate-detection]
2026-07-21T09:15:19.617306+02:00 HOST-REDACTED-A steam[2552]: [2026-07-21 09:15:19] Manifest download: send request
2026-07-21T09:15:19.622797+02:00 HOST-REDACTED-A pkexec[5791]: pam_unix(polkit-1:session): session opened for user root(uid=0) by USER-REDACTED(uid=1000)
2026-07-21T09:15:19.624312+02:00 HOST-REDACTED-A pkexec[5791]: USER-REDACTED: Executing command [USER=root] [TTY=unknown] [CWD=/<USER-REDACTED>/.local/share/Steam] [COMMAND=/usr/bin/steamos-polkit-helpers/steamos-update --enable-duplicate-detection check]
2026-07-21T09:15:19.836131+02:00 HOST-REDACTED-A steam[2552]: [2026-07-21 09:15:19] Manifest download: waiting for download to finish
2026-07-21T09:15:20.336237+02:00 HOST-REDACTED-A steam[2552]: [2026-07-21 09:15:20] Manifest download: finished
2026-07-21T09:15:20.336354+02:00 HOST-REDACTED-A steam[2552]: [2026-07-21 09:15:20] Download skipped: /steam_client_steamdeck_publicbeta_ubuntu12 version 1784588115, installed version 1784145295, existing pending version 1784588115
2026-07-21T09:15:20.336372+02:00 HOST-REDACTED-A steam[2552]: [2026-07-21 09:15:20] Nothing to do
2026-07-21T09:15:24.761007+02:00 HOST-REDACTED-A rigsignal-agent[2129]: 2026-07-21T07:15:24.760977Z  INFO rigsignal_agent::session: No game detected — idle polling
2026-07-21T09:15:56.761445+02:00 HOST-REDACTED-A rigsignal-agent[2129]: 2026-07-21T07:15:56.761429Z  INFO rigsignal_agent::session: No game detected — idle polling
2026-07-21T09:16:30.760666+02:00 HOST-REDACTED-A rigsignal-agent[2129]: 2026-07-21T07:16:30.760599Z  INFO rigsignal_agent::session: No game detected — idle polling
2026-07-21T09:17:02.760684+02:00 HOST-REDACTED-A rigsignal-agent[2129]: 2026-07-21T07:17:02.760653Z  INFO rigsignal_agent::session: No game detected — idle polling
2026-07-21T09:17:35.760792+02:00 HOST-REDACTED-A rigsignal-agent[2129]: 2026-07-21T07:17:35.760761Z  INFO rigsignal_agent::session: No game detected — idle polling
2026-07-21T09:18:08.760767+02:00 HOST-REDACTED-A rigsignal-agent[2129]: 2026-07-21T07:18:08.760735Z  INFO rigsignal_agent::session: No game detected — idle polling
2026-07-21T09:18:40.761659+02:00 HOST-REDACTED-A rigsignal-agent[2129]: 2026-07-21T07:18:40.761628Z  INFO rigsignal_agent::session: No game detected — idle polling
2026-07-21T09:19:15.761156+02:00 HOST-REDACTED-A rigsignal-agent[2129]: 2026-07-21T07:19:15.761090Z  INFO rigsignal_agent::session: No game detected — idle polling
2026-07-21T09:19:48.761042+02:00 HOST-REDACTED-A rigsignal-agent[2129]: 2026-07-21T07:19:48.761012Z  INFO rigsignal_agent::session: No game detected — idle polling
2026-07-21T09:20:22.760754+02:00 HOST-REDACTED-A rigsignal-agent[2129]: 2026-07-21T07:20:22.760724Z  INFO rigsignal_agent::session: No game detected — idle polling
2026-07-21T09:20:55.761158+02:00 HOST-REDACTED-A rigsignal-agent[2129]: 2026-07-21T07:20:55.761143Z  INFO rigsignal_agent::session: No game detected — idle polling
2026-07-21T09:21:27.760490+02:00 HOST-REDACTED-A rigsignal-agent[2129]: 2026-07-21T07:21:27.760458Z  INFO rigsignal_agent::session: No game detected — idle polling
2026-07-21T09:22:01.761498+02:00 HOST-REDACTED-A rigsignal-agent[2129]: 2026-07-21T07:22:01.761483Z  INFO rigsignal_agent::session: No game detected — idle polling
2026-07-21T09:22:36.761080+02:00 HOST-REDACTED-A rigsignal-agent[2129]: 2026-07-21T07:22:36.761015Z  INFO rigsignal_agent::session: No game detected — idle polling
2026-07-21T09:23:09.761220+02:00 HOST-REDACTED-A rigsignal-agent[2129]: 2026-07-21T07:23:09.761205Z  INFO rigsignal_agent::session: No game detected — idle polling
2026-07-21T09:23:43.761176+02:00 HOST-REDACTED-A rigsignal-agent[2129]: 2026-07-21T07:23:43.761146Z  INFO rigsignal_agent::session: No game detected — idle polling
2026-07-21T09:24:17.761151+02:00 HOST-REDACTED-A rigsignal-agent[2129]: 2026-07-21T07:24:17.761119Z  INFO rigsignal_agent::session: No game detected — idle polling
2026-07-21T09:24:52.761202+02:00 HOST-REDACTED-A rigsignal-agent[2129]: 2026-07-21T07:24:52.761171Z  INFO rigsignal_agent::session: No game detected — idle polling
2026-07-21T09:25:24.761271+02:00 HOST-REDACTED-A rigsignal-agent[2129]: 2026-07-21T07:25:24.761211Z  INFO rigsignal_agent::session: No game detected — idle polling
2026-07-21T09:25:59.761043+02:00 HOST-REDACTED-A rigsignal-agent[2129]: 2026-07-21T07:25:59.761012Z  INFO rigsignal_agent::session: No game detected — idle polling
2026-07-21T09:26:33.760566+02:00 HOST-REDACTED-A rigsignal-agent[2129]: 2026-07-21T07:26:33.760536Z  INFO rigsignal_agent::session: No game detected — idle polling
2026-07-21T09:27:04.761397+02:00 HOST-REDACTED-A rigsignal-agent[2129]: 2026-07-21T07:27:04.761367Z  INFO rigsignal_agent::session: No game detected — idle polling
2026-07-21T09:27:36.761543+02:00 HOST-REDACTED-A rigsignal-agent[2129]: 2026-07-21T07:27:36.761511Z  INFO rigsignal_agent::session: No game detected — idle polling
2026-07-21T09:28:08.545319+02:00 HOST-REDACTED-A systemd[1]: Starting Cleanup of Temporary Directories...
2026-07-21T09:28:08.591110+02:00 HOST-REDACTED-A systemd[1]: systemd-tmpfiles-clean.service: Deactivated successfully.
2026-07-21T09:28:08.591198+02:00 HOST-REDACTED-A systemd[1]: Finished Cleanup of Temporary Directories.
2026-07-21T09:28:09.761161+02:00 HOST-REDACTED-A rigsignal-agent[2129]: 2026-07-21T07:28:09.761150Z  INFO rigsignal_agent::session: No game detected — idle polling
2026-07-21T09:28:42.761199+02:00 HOST-REDACTED-A rigsignal-agent[2129]: 2026-07-21T07:28:42.761186Z  INFO rigsignal_agent::session: No game detected — idle polling
2026-07-21T09:29:02.560074+02:00 HOST-REDACTED-A sshd-session[6466]: Accepted publickey for USER-REDACTED from IP-REDACTED port 65140 ssh2: ED25519 SSH-FINGERPRINT-REDACTED
2026-07-21T09:29:02.561534+02:00 HOST-REDACTED-A sshd-session[6466]: pam_unix(sshd:session): session opened for user USER-REDACTED(uid=1000) by USER-REDACTED(uid=0)
2026-07-21T09:29:02.575466+02:00 HOST-REDACTED-A systemd-logind[1772]: New session 3 of user USER-REDACTED.
2026-07-21T09:29:02.597850+02:00 HOST-REDACTED-A systemd[1]: Started Session 3 of User USER-REDACTED.
2026-07-21T09:29:15.761717+02:00 HOST-REDACTED-A rigsignal-agent[2129]: 2026-07-21T07:29:15.761702Z  INFO rigsignal_agent::session: No game detected — idle polling
2026-07-21T09:29:50.760711+02:00 HOST-REDACTED-A rigsignal-agent[2129]: 2026-07-21T07:29:50.760680Z  INFO rigsignal_agent::session: No game detected — idle polling
2026-07-21T09:30:25.761081+02:00 HOST-REDACTED-A rigsignal-agent[2129]: 2026-07-21T07:30:25.761050Z  INFO rigsignal_agent::session: No game detected — idle polling
2026-07-21T09:30:55.700344+02:00 HOST-REDACTED-A sshd-session[6578]: Accepted publickey for USER-REDACTED from IP-REDACTED port 49080 ssh2: ED25519 SSH-FINGERPRINT-REDACTED
2026-07-21T09:30:55.701851+02:00 HOST-REDACTED-A sshd-session[6578]: pam_unix(sshd:session): session opened for user USER-REDACTED(uid=1000) by USER-REDACTED(uid=0)
2026-07-21T09:30:55.717294+02:00 HOST-REDACTED-A systemd-logind[1772]: New session 4 of user USER-REDACTED.
2026-07-21T09:30:55.739866+02:00 HOST-REDACTED-A systemd[1]: Started Session 4 of User USER-REDACTED.
2026-07-21T09:30:55.794809+02:00 HOST-REDACTED-A systemd[1]: Starting RAUC Update Service...
2026-07-21T09:30:55.821280+02:00 HOST-REDACTED-A rauc[6594]: No data directory or status file set, falling back to per-slot status.
                                                      Consider setting 'data-directory=<path>' or 'statusfile=<path>/per-slot' explicitly.
2026-07-21T09:30:55.821283+02:00 HOST-REDACTED-A rauc[6594]: Using per-slot statusfile. System status information not supported!
2026-07-21T09:30:55.821326+02:00 HOST-REDACTED-A rauc[6594]: Using system config file /etc/rauc/system.conf
2026-07-21T09:30:55.821344+02:00 HOST-REDACTED-A rauc[6594]: Failed to resolve realpath for '/dev/disk/by-partsets/dev/rootfs'
2026-07-21T09:30:55.821347+02:00 HOST-REDACTED-A rauc[6594]: Failed to resolve realpath for '/dev/disk/by-partsets/A/verity'
2026-07-21T09:30:55.821353+02:00 HOST-REDACTED-A rauc[6594]: Failed to resolve realpath for '/dev/disk/by-partsets/B/verity'
2026-07-21T09:30:55.821387+02:00 HOST-REDACTED-A rauc[6594]: Service started
2026-07-21T09:30:55.822137+02:00 HOST-REDACTED-A systemd[1]: Started RAUC Update Service.
2026-07-21T09:30:55.834224+02:00 HOST-REDACTED-A sshd-session[6584]: Received disconnect from IP-REDACTED port 49080:11: disconnected by user
2026-07-21T09:30:55.834266+02:00 HOST-REDACTED-A sshd-session[6584]: Disconnected from user USER-REDACTED IP-REDACTED port 49080
2026-07-21T09:30:55.834473+02:00 HOST-REDACTED-A sshd-session[6578]: pam_unix(sshd:session): session closed for user USER-REDACTED
2026-07-21T09:30:55.836976+02:00 HOST-REDACTED-A systemd[1]: session-4.scope: Deactivated successfully.
2026-07-21T09:30:55.837596+02:00 HOST-REDACTED-A systemd-logind[1772]: Removed session 4.
2026-07-21T09:30:59.761230+02:00 HOST-REDACTED-A rigsignal-agent[2129]: 2026-07-21T07:30:59.761202Z  INFO rigsignal_agent::session: No game detected — idle polling
2026-07-21T09:31:33.761405+02:00 HOST-REDACTED-A rigsignal-agent[2129]: 2026-07-21T07:31:33.761344Z  INFO rigsignal_agent::session: No game detected — idle polling
2026-07-21T09:32:07.760941+02:00 HOST-REDACTED-A rigsignal-agent[2129]: 2026-07-21T07:32:07.760909Z  INFO rigsignal_agent::session: No game detected — idle polling
2026-07-21T09:32:41.760761+02:00 HOST-REDACTED-A rigsignal-agent[2129]: 2026-07-21T07:32:41.760734Z  INFO rigsignal_agent::session: No game detected — idle polling
2026-07-21T09:33:14.760966+02:00 HOST-REDACTED-A rigsignal-agent[2129]: 2026-07-21T07:33:14.760935Z  INFO rigsignal_agent::session: No game detected — idle polling
2026-07-21T09:33:48.761373+02:00 HOST-REDACTED-A rigsignal-agent[2129]: 2026-07-21T07:33:48.761348Z  INFO rigsignal_agent::session: No game detected — idle polling
2026-07-21T09:34:10.541308+02:00 HOST-REDACTED-A sshd-session[6776]: Accepted publickey for USER-REDACTED from IP-REDACTED port 43532 ssh2: ED25519 SSH-FINGERPRINT-REDACTED
2026-07-21T09:34:10.542720+02:00 HOST-REDACTED-A sshd-session[6776]: pam_unix(sshd:session): session opened for user USER-REDACTED(uid=1000) by USER-REDACTED(uid=0)
2026-07-21T09:34:10.564756+02:00 HOST-REDACTED-A systemd-logind[1772]: New session 5 of user USER-REDACTED.
2026-07-21T09:34:10.580851+02:00 HOST-REDACTED-A systemd[1]: Started Session 5 of User USER-REDACTED.
2026-07-21T09:34:10.631806+02:00 HOST-REDACTED-A sshd-session[6782]: Received disconnect from IP-REDACTED port 43532:11: disconnected by user
2026-07-21T09:34:10.631868+02:00 HOST-REDACTED-A sshd-session[6782]: Disconnected from user USER-REDACTED IP-REDACTED port 43532
2026-07-21T09:34:10.634753+02:00 HOST-REDACTED-A systemd[1]: session-5.scope: Deactivated successfully.
2026-07-21T09:34:10.632103+02:00 HOST-REDACTED-A sshd-session[6776]: pam_unix(sshd:session): session closed for user USER-REDACTED
2026-07-21T09:34:10.635408+02:00 HOST-REDACTED-A systemd-logind[1772]: Removed session 5.
2026-07-21T09:34:21.761153+02:00 HOST-REDACTED-A rigsignal-agent[2129]: 2026-07-21T07:34:21.761122Z  INFO rigsignal_agent::session: No game detected — idle polling
2026-07-21T09:34:54.761246+02:00 HOST-REDACTED-A rigsignal-agent[2129]: 2026-07-21T07:34:54.761215Z  INFO rigsignal_agent::session: No game detected — idle polling
2026-07-21T09:35:07.553447+02:00 HOST-REDACTED-A sshd-session[6838]: Accepted publickey for USER-REDACTED from IP-REDACTED port 34012 ssh2: ED25519 SSH-FINGERPRINT-REDACTED
2026-07-21T09:35:07.555043+02:00 HOST-REDACTED-A sshd-session[6838]: pam_unix(sshd:session): session opened for user USER-REDACTED(uid=1000) by USER-REDACTED(uid=0)
2026-07-21T09:35:07.574836+02:00 HOST-REDACTED-A systemd-logind[1772]: New session 6 of user USER-REDACTED.
2026-07-21T09:35:07.595845+02:00 HOST-REDACTED-A systemd[1]: Started Session 6 of User USER-REDACTED.
2026-07-21T09:35:07.647955+02:00 HOST-REDACTED-A sshd-session[6844]: Received disconnect from IP-REDACTED port 34012:11: disconnected by user
2026-07-21T09:35:07.647990+02:00 HOST-REDACTED-A sshd-session[6844]: Disconnected from user USER-REDACTED IP-REDACTED port 34012
2026-07-21T09:35:07.648152+02:00 HOST-REDACTED-A sshd-session[6838]: pam_unix(sshd:session): session closed for user USER-REDACTED
2026-07-21T09:35:07.651647+02:00 HOST-REDACTED-A systemd[1]: session-6.scope: Deactivated successfully.
2026-07-21T09:35:07.652572+02:00 HOST-REDACTED-A systemd-logind[1772]: Removed session 6.
2026-07-21T09:35:29.761206+02:00 HOST-REDACTED-A rigsignal-agent[2129]: 2026-07-21T07:35:29.761191Z  INFO rigsignal_agent::session: No game detected — idle polling
2026-07-21T09:36:02.760844+02:00 HOST-REDACTED-A rigsignal-agent[2129]: 2026-07-21T07:36:02.760812Z  INFO rigsignal_agent::session: No game detected — idle polling
2026-07-21T09:36:36.761409+02:00 HOST-REDACTED-A rigsignal-agent[2129]: 2026-07-21T07:36:36.761378Z  INFO rigsignal_agent::session: No game detected — idle polling
2026-07-21T09:37:09.761380+02:00 HOST-REDACTED-A rigsignal-agent[2129]: 2026-07-21T07:37:09.761348Z  INFO rigsignal_agent::session: No game detected — idle polling
2026-07-21T09:37:43.761228+02:00 HOST-REDACTED-A rigsignal-agent[2129]: 2026-07-21T07:37:43.761200Z  INFO rigsignal_agent::session: No game detected — idle polling
2026-07-21T09:38:17.761046+02:00 HOST-REDACTED-A rigsignal-agent[2129]: 2026-07-21T07:38:17.761015Z  INFO rigsignal_agent::session: No game detected — idle polling
2026-07-21T09:38:51.760863+02:00 HOST-REDACTED-A rigsignal-agent[2129]: 2026-07-21T07:38:51.760848Z  INFO rigsignal_agent::session: No game detected — idle polling
2026-07-21T09:39:24.761405+02:00 HOST-REDACTED-A rigsignal-agent[2129]: 2026-07-21T07:39:24.761386Z  INFO rigsignal_agent::session: No game detected — idle polling
2026-07-21T09:39:57.760998+02:00 HOST-REDACTED-A rigsignal-agent[2129]: 2026-07-21T07:39:57.760984Z  INFO rigsignal_agent::session: No game detected — idle polling
2026-07-21T09:40:31.760618+02:00 HOST-REDACTED-A rigsignal-agent[2129]: 2026-07-21T07:40:31.760578Z  INFO rigsignal_agent::session: No game detected — idle polling
2026-07-21T09:41:04.760850+02:00 HOST-REDACTED-A rigsignal-agent[2129]: 2026-07-21T07:41:04.760835Z  INFO rigsignal_agent::session: No game detected — idle polling
2026-07-21T09:41:37.760713+02:00 HOST-REDACTED-A rigsignal-agent[2129]: 2026-07-21T07:41:37.760681Z  INFO rigsignal_agent::session: No game detected — idle polling
2026-07-21T09:42:12.761307+02:00 HOST-REDACTED-A rigsignal-agent[2129]: 2026-07-21T07:42:12.761274Z  INFO rigsignal_agent::session: No game detected — idle polling
2026-07-21T09:42:44.761813+02:00 HOST-REDACTED-A rigsignal-agent[2129]: 2026-07-21T07:42:44.761780Z  INFO rigsignal_agent::session: No game detected — idle polling
2026-07-21T09:43:19.761103+02:00 HOST-REDACTED-A rigsignal-agent[2129]: 2026-07-21T07:43:19.761066Z  INFO rigsignal_agent::session: No game detected — idle polling
2026-07-21T09:43:52.761150+02:00 HOST-REDACTED-A rigsignal-agent[2129]: 2026-07-21T07:43:52.761135Z  INFO rigsignal_agent::session: No game detected — idle polling
2026-07-21T09:44:27.761197+02:00 HOST-REDACTED-A rigsignal-agent[2129]: 2026-07-21T07:44:27.761185Z  INFO rigsignal_agent::session: No game detected — idle polling
2026-07-21T09:45:01.761249+02:00 HOST-REDACTED-A rigsignal-agent[2129]: 2026-07-21T07:45:01.761218Z  INFO rigsignal_agent::session: No game detected — idle polling
2026-07-21T09:45:35.761364+02:00 HOST-REDACTED-A rigsignal-agent[2129]: 2026-07-21T07:45:35.761349Z  INFO rigsignal_agent::session: No game detected — idle polling
2026-07-21T09:46:08.760664+02:00 HOST-REDACTED-A rigsignal-agent[2129]: 2026-07-21T07:46:08.760633Z  INFO rigsignal_agent::session: No game detected — idle polling
2026-07-21T09:46:41.761077+02:00 HOST-REDACTED-A rigsignal-agent[2129]: 2026-07-21T07:46:41.761050Z  INFO rigsignal_agent::session: No game detected — idle polling
2026-07-21T09:47:15.762011+02:00 HOST-REDACTED-A rigsignal-agent[2129]: 2026-07-21T07:47:15.761993Z  INFO rigsignal_agent::session: No game detected — idle polling
2026-07-21T09:47:49.761324+02:00 HOST-REDACTED-A rigsignal-agent[2129]: 2026-07-21T07:47:49.761294Z  INFO rigsignal_agent::session: No game detected — idle polling
2026-07-21T09:48:19.910747+02:00 HOST-REDACTED-A steam[2552]: [2026-07-21 09:48:19] uninstalled manifest found in /<USER-REDACTED>/.local/share/Steam/package/steam_client_steamdeck_publicbeta_ubuntu12 (1).
2026-07-21T09:48:24.760699+02:00 HOST-REDACTED-A rigsignal-agent[2129]: 2026-07-21T07:48:24.760686Z  INFO rigsignal_agent::session: No game detected — idle polling
2026-07-21T09:48:57.761311+02:00 HOST-REDACTED-A rigsignal-agent[2129]: 2026-07-21T07:48:57.761281Z  INFO rigsignal_agent::session: No game detected — idle polling
2026-07-21T09:49:30.761052+02:00 HOST-REDACTED-A rigsignal-agent[2129]: 2026-07-21T07:49:30.761025Z  INFO rigsignal_agent::session: No game detected — idle polling
2026-07-21T09:50:04.761213+02:00 HOST-REDACTED-A rigsignal-agent[2129]: 2026-07-21T07:50:04.761181Z  INFO rigsignal_agent::session: No game detected — idle polling
2026-07-21T09:50:39.761188+02:00 HOST-REDACTED-A rigsignal-agent[2129]: 2026-07-21T07:50:39.761173Z  INFO rigsignal_agent::session: No game detected — idle polling
2026-07-21T09:51:14.760958+02:00 HOST-REDACTED-A rigsignal-agent[2129]: 2026-07-21T07:51:14.760929Z  INFO rigsignal_agent::session: No game detected — idle polling
2026-07-21T09:51:48.760605+02:00 HOST-REDACTED-A rigsignal-agent[2129]: 2026-07-21T07:51:48.760574Z  INFO rigsignal_agent::session: No game detected — idle polling
2026-07-21T09:52:21.761319+02:00 HOST-REDACTED-A rigsignal-agent[2129]: 2026-07-21T07:52:21.761285Z  INFO rigsignal_agent::session: No game detected — idle polling
2026-07-21T09:52:56.761767+02:00 HOST-REDACTED-A rigsignal-agent[2129]: 2026-07-21T07:52:56.761750Z  INFO rigsignal_agent::session: No game detected — idle polling
2026-07-21T09:53:03.995021+02:00 HOST-REDACTED-A sshd-session[7700]: Accepted publickey for USER-REDACTED from IP-REDACTED port 38344 ssh2: ED25519 SSH-FINGERPRINT-REDACTED
2026-07-21T09:53:03.997096+02:00 HOST-REDACTED-A sshd-session[7700]: pam_unix(sshd:session): session opened for user USER-REDACTED(uid=1000) by USER-REDACTED(uid=0)
2026-07-21T09:53:04.018539+02:00 HOST-REDACTED-A systemd-logind[1772]: New session 7 of user USER-REDACTED.
2026-07-21T09:53:04.026843+02:00 HOST-REDACTED-A systemd[1]: Started Session 7 of User USER-REDACTED.
2026-07-21T09:53:04.109864+02:00 HOST-REDACTED-A systemd[1]: Starting Time & Date Service...
2026-07-21T09:53:04.144376+02:00 HOST-REDACTED-A systemd[1]: Started Time & Date Service.
2026-07-21T09:53:04.159687+02:00 HOST-REDACTED-A sshd-session[7706]: Received disconnect from IP-REDACTED port 38344:11: disconnected by user
2026-07-21T09:53:04.159720+02:00 HOST-REDACTED-A sshd-session[7706]: Disconnected from user USER-REDACTED IP-REDACTED port 38344
2026-07-21T09:53:04.159891+02:00 HOST-REDACTED-A sshd-session[7700]: pam_unix(sshd:session): session closed for user USER-REDACTED
2026-07-21T09:53:04.162473+02:00 HOST-REDACTED-A systemd[1]: session-7.scope: Deactivated successfully.
2026-07-21T09:53:04.162962+02:00 HOST-REDACTED-A systemd-logind[1772]: Removed session 7.
2026-07-21T09:53:25.705948+02:00 HOST-REDACTED-A sshd-session[7785]: Accepted publickey for USER-REDACTED from IP-REDACTED port 48274 ssh2: ED25519 SSH-FINGERPRINT-REDACTED
2026-07-21T09:53:25.707652+02:00 HOST-REDACTED-A sshd-session[7785]: pam_unix(sshd:session): session opened for user USER-REDACTED(uid=1000) by USER-REDACTED(uid=0)
2026-07-21T09:53:25.727848+02:00 HOST-REDACTED-A systemd-logind[1772]: New session 8 of user USER-REDACTED.
2026-07-21T09:53:25.746850+02:00 HOST-REDACTED-A systemd[1]: Started Session 8 of User USER-REDACTED.
2026-07-21T09:53:25.794586+02:00 HOST-REDACTED-A sshd-session[7791]: Received disconnect from IP-REDACTED port 48274:11: disconnected by user
2026-07-21T09:53:25.794621+02:00 HOST-REDACTED-A sshd-session[7791]: Disconnected from user USER-REDACTED IP-REDACTED port 48274
2026-07-21T09:53:25.794788+02:00 HOST-REDACTED-A sshd-session[7785]: pam_unix(sshd:session): session closed for user USER-REDACTED
2026-07-21T09:53:25.797434+02:00 HOST-REDACTED-A systemd[1]: session-8.scope: Deactivated successfully.
2026-07-21T09:53:25.798138+02:00 HOST-REDACTED-A systemd-logind[1772]: Removed session 8.
2026-07-21T09:53:26.761423+02:00 HOST-REDACTED-A rigsignal-agent[2129]: 2026-07-21T07:53:26.761395Z  INFO rigsignal_agent::session: No game detected — idle polling
2026-07-21T09:53:34.150821+02:00 HOST-REDACTED-A systemd[1]: systemd-timedated.service: Deactivated successfully.
2026-07-21T09:54:00.760549+02:00 HOST-REDACTED-A rigsignal-agent[2129]: 2026-07-21T07:54:00.760518Z  INFO rigsignal_agent::session: No game detected — idle polling
2026-07-21T09:54:33.761912+02:00 HOST-REDACTED-A rigsignal-agent[2129]: 2026-07-21T07:54:33.761883Z  INFO rigsignal_agent::session: No game detected — idle polling
2026-07-21T09:55:07.761058+02:00 HOST-REDACTED-A rigsignal-agent[2129]: 2026-07-21T07:55:07.761027Z  INFO rigsignal_agent::session: No game detected — idle polling
2026-07-21T09:55:40.761305+02:00 HOST-REDACTED-A rigsignal-agent[2129]: 2026-07-21T07:55:40.761243Z  INFO rigsignal_agent::session: No game detected — idle polling
2026-07-21T09:56:08.930835+02:00 HOST-REDACTED-A sshd-session[7939]: Accepted publickey for USER-REDACTED from IP-REDACTED port 34914 ssh2: ED25519 SSH-FINGERPRINT-REDACTED
2026-07-21T09:56:08.932700+02:00 HOST-REDACTED-A sshd-session[7939]: pam_unix(sshd:session): session opened for user USER-REDACTED(uid=1000) by USER-REDACTED(uid=0)
2026-07-21T09:56:08.945681+02:00 HOST-REDACTED-A systemd-logind[1772]: New session 9 of user USER-REDACTED.
2026-07-21T09:56:08.969852+02:00 HOST-REDACTED-A systemd[1]: Started Session 9 of User USER-REDACTED.
2026-07-21T09:56:09.022836+02:00 HOST-REDACTED-A sshd-session[7945]: Received disconnect from IP-REDACTED port 34914:11: disconnected by user
2026-07-21T09:56:09.022872+02:00 HOST-REDACTED-A sshd-session[7945]: Disconnected from user USER-REDACTED IP-REDACTED port 34914
2026-07-21T09:56:09.023039+02:00 HOST-REDACTED-A sshd-session[7939]: pam_unix(sshd:session): session closed for user USER-REDACTED
2026-07-21T09:56:09.026274+02:00 HOST-REDACTED-A systemd[1]: session-9.scope: Deactivated successfully.
2026-07-21T09:56:09.026865+02:00 HOST-REDACTED-A systemd-logind[1772]: Removed session 9.
2026-07-21T09:56:14.761297+02:00 HOST-REDACTED-A rigsignal-agent[2129]: 2026-07-21T07:56:14.761268Z  INFO rigsignal_agent::session: No game detected — idle polling
2026-07-21T09:56:47.760942+02:00 HOST-REDACTED-A rigsignal-agent[2129]: 2026-07-21T07:56:47.760911Z  INFO rigsignal_agent::session: No game detected — idle polling
2026-07-21T09:57:19.761444+02:00 HOST-REDACTED-A rigsignal-agent[2129]: 2026-07-21T07:57:19.761430Z  INFO rigsignal_agent::session: No game detected — idle polling
2026-07-21T09:57:22.456523+02:00 HOST-REDACTED-A sudo[8004]:     USER-REDACTED : TTY=pts/0 ; PWD=/<USER-REDACTED> ; USER=root ; COMMAND=/usr/bin/rauc status --detailed
2026-07-21T09:57:22.458053+02:00 HOST-REDACTED-A sudo[8004]: pam_unix(sudo:session): session opened for user root(uid=0) by USER-REDACTED(uid=1000)
2026-07-21T09:57:22.474109+02:00 HOST-REDACTED-A sudo[8004]: pam_unix(sudo:session): session closed for user root
2026-07-21T09:57:53.761272+02:00 HOST-REDACTED-A rigsignal-agent[2129]: 2026-07-21T07:57:53.761257Z  INFO rigsignal_agent::session: No game detected — idle polling
2026-07-21T09:58:26.761176+02:00 HOST-REDACTED-A rigsignal-agent[2129]: 2026-07-21T07:58:26.761112Z  INFO rigsignal_agent::session: No game detected — idle polling
2026-07-21T09:59:00.761412+02:00 HOST-REDACTED-A rigsignal-agent[2129]: 2026-07-21T07:59:00.761381Z  INFO rigsignal_agent::session: No game detected — idle polling
2026-07-21T09:59:34.761507+02:00 HOST-REDACTED-A rigsignal-agent[2129]: 2026-07-21T07:59:34.761480Z  INFO rigsignal_agent::session: No game detected — idle polling
2026-07-21T10:00:07.761185+02:00 HOST-REDACTED-A rigsignal-agent[2129]: 2026-07-21T08:00:07.761154Z  INFO rigsignal_agent::session: No game detected — idle polling
2026-07-21T10:00:36.199347+02:00 HOST-REDACTED-A systemd[2069]: Starting Prune harvested RigSignal spool files older than 48h...
2026-07-21T10:00:36.329033+02:00 HOST-REDACTED-A rigsignal-spool-retention[8188]: deleted=917 bytes=143289139 skipped=2413 registry=/<USER-REDACTED>/elastic/elastic-agent-9.4.3-linux-x86_64/data/elastic-agent-1bfb56/run/filestream-default/registry/filebeat/log.json
2026-07-21T10:00:36.332070+02:00 HOST-REDACTED-A systemd[2069]: Finished Prune harvested RigSignal spool files older than 48h.
2026-07-21T10:00:36.763216+02:00 HOST-REDACTED-A rigsignal-agent[2129]: 2026-07-21T08:00:36.763183Z  WARN rigsignal_agent: Tick 2844 spool rotation error: No such file or directory (os error 2)
2026-07-21T10:00:37.911906+02:00 HOST-REDACTED-A rigsignal-agent[2129]: 2026-07-21T08:00:37.911895Z  WARN rigsignal_agent: Tick 2845 spool rotation error: No such file or directory (os error 2)
2026-07-21T10:00:38.759712+02:00 HOST-REDACTED-A rigsignal-agent[2129]: 2026-07-21T08:00:38.759679Z  WARN rigsignal_agent: Tick 2846 spool rotation error: No such file or directory (os error 2)
2026-07-21T10:00:39.760135+02:00 HOST-REDACTED-A rigsignal-agent[2129]: 2026-07-21T08:00:39.760110Z  WARN rigsignal_agent: Tick 2847 spool rotation error: No such file or directory (os error 2)
2026-07-21T10:00:40.761163+02:00 HOST-REDACTED-A rigsignal-agent[2129]: 2026-07-21T08:00:40.761137Z  WARN rigsignal_agent: Tick 2848 spool rotation error: No such file or directory (os error 2)
2026-07-21T10:00:41.759411+02:00 HOST-REDACTED-A rigsignal-agent[2129]: 2026-07-21T08:00:41.759385Z  WARN rigsignal_agent: Tick 2849 spool rotation error: No such file or directory (os error 2)
2026-07-21T10:00:42.760920+02:00 HOST-REDACTED-A rigsignal-agent[2129]: 2026-07-21T08:00:42.760895Z  INFO rigsignal_agent::session: No game detected — idle polling
2026-07-21T10:00:42.762296+02:00 HOST-REDACTED-A rigsignal-agent[2129]: 2026-07-21T08:00:42.762279Z  WARN rigsignal_agent: Tick 2850 spool rotation error: No such file or directory (os error 2)
2026-07-21T10:00:43.912010+02:00 HOST-REDACTED-A rigsignal-agent[2129]: 2026-07-21T08:00:43.911983Z  WARN rigsignal_agent: Tick 2851 spool rotation error: No such file or directory (os error 2)
2026-07-21T10:00:44.760381+02:00 HOST-REDACTED-A rigsignal-agent[2129]: 2026-07-21T08:00:44.760354Z  WARN rigsignal_agent: Tick 2852 spool rotation error: No such file or directory (os error 2)
2026-07-21T10:00:45.759296+02:00 HOST-REDACTED-A rigsignal-agent[2129]: 2026-07-21T08:00:45.759270Z  WARN rigsignal_agent: Tick 2853 spool rotation error: No such file or directory (os error 2)
2026-07-21T10:00:46.760294+02:00 HOST-REDACTED-A rigsignal-agent[2129]: 2026-07-21T08:00:46.760267Z  WARN rigsignal_agent: Tick 2854 spool rotation error: No such file or directory (os error 2)
2026-07-21T10:00:47.759383+02:00 HOST-REDACTED-A rigsignal-agent[2129]: 2026-07-21T08:00:47.759357Z  WARN rigsignal_agent: Tick 2855 spool rotation error: No such file or directory (os error 2)
2026-07-21T10:00:48.761813+02:00 HOST-REDACTED-A rigsignal-agent[2129]: 2026-07-21T08:00:48.761786Z  WARN rigsignal_agent: Tick 2856 spool rotation error: No such file or directory (os error 2)
2026-07-21T10:00:49.912222+02:00 HOST-REDACTED-A rigsignal-agent[2129]: 2026-07-21T08:00:49.912212Z  WARN rigsignal_agent: Tick 2857 spool rotation error: No such file or directory (os error 2)
2026-07-21T10:00:50.759540+02:00 HOST-REDACTED-A rigsignal-agent[2129]: 2026-07-21T08:00:50.759514Z  WARN rigsignal_agent: Tick 2858 spool rotation error: No such file or directory (os error 2)
2026-07-21T10:00:51.759611+02:00 HOST-REDACTED-A rigsignal-agent[2129]: 2026-07-21T08:00:51.759584Z  WARN rigsignal_agent: Tick 2859 spool rotation error: No such file or directory (os error 2)
2026-07-21T10:00:52.760488+02:00 HOST-REDACTED-A rigsignal-agent[2129]: 2026-07-21T08:00:52.760462Z  WARN rigsignal_agent: Tick 2860 spool rotation error: No such file or directory (os error 2)
2026-07-21T10:00:53.761827+02:00 HOST-REDACTED-A rigsignal-agent[2129]: 2026-07-21T08:00:53.761801Z  WARN rigsignal_agent: Tick 2861 spool rotation error: No such file or directory (os error 2)
2026-07-21T10:00:54.759807+02:00 HOST-REDACTED-A rigsignal-agent[2129]: 2026-07-21T08:00:54.759781Z  WARN rigsignal_agent: Tick 2862 spool rotation error: No such file or directory (os error 2)
2026-07-21T10:00:55.911985+02:00 HOST-REDACTED-A rigsignal-agent[2129]: 2026-07-21T08:00:55.911959Z  WARN rigsignal_agent: Tick 2863 spool rotation error: No such file or directory (os error 2)
2026-07-21T10:00:56.769274+02:00 HOST-REDACTED-A rigsignal-agent[2129]: 2026-07-21T08:00:56.769248Z  WARN rigsignal_agent: Tick 2864 spool rotation error: No such file or directory (os error 2)
2026-07-21T10:01:16.760717+02:00 HOST-REDACTED-A rigsignal-agent[2129]: 2026-07-21T08:01:16.760657Z  INFO rigsignal_agent::session: No game detected — idle polling
2026-07-21T10:01:48.761327+02:00 HOST-REDACTED-A rigsignal-agent[2129]: 2026-07-21T08:01:48.761295Z  INFO rigsignal_agent::session: No game detected — idle polling
2026-07-21T10:02:22.761586+02:00 HOST-REDACTED-A rigsignal-agent[2129]: 2026-07-21T08:02:22.761568Z  INFO rigsignal_agent::session: No game detected — idle polling
2026-07-21T10:02:30.721665+02:00 HOST-REDACTED-A sudo[8287]:     USER-REDACTED : TTY=pts/0 ; PWD=/<USER-REDACTED> ; USER=root ; COMMAND=/usr/bin/mount -o ro /dev/disk/by-partsets/A/rootfs /mnt
2026-07-21T10:02:30.723724+02:00 HOST-REDACTED-A sudo[8287]: pam_unix(sudo:session): session opened for user root(uid=0) by USER-REDACTED(uid=1000)
2026-07-21T10:02:30.732796+02:00 HOST-REDACTED-A kernel: BTRFS: device label rootfs devid 1 transid 99 /dev/nvme2n1p4 (259:11) scanned by mount (8299)
2026-07-21T10:02:30.739044+02:00 HOST-REDACTED-A kernel: BTRFS info (device nvme2n1p4): first mount of filesystem UUID-REDACTED
2026-07-21T10:02:30.739058+02:00 HOST-REDACTED-A kernel: BTRFS info (device nvme2n1p4): using crc32c (crc32c-x86) checksum algorithm
2026-07-21T10:02:30.739066+02:00 HOST-REDACTED-A kernel: BTRFS info (device nvme2n1p4): enabling ssd optimizations
2026-07-21T10:02:30.739072+02:00 HOST-REDACTED-A kernel: BTRFS info (device nvme2n1p4): turning on async discard
2026-07-21T10:02:30.739079+02:00 HOST-REDACTED-A kernel: BTRFS info (device nvme2n1p4): enabling free space tree
2026-07-21T10:02:30.737308+02:00 HOST-REDACTED-A sudo[8287]: pam_unix(sudo:session): session closed for user root
2026-07-21T10:02:30.748985+02:00 HOST-REDACTED-A sudo[8322]:     USER-REDACTED : TTY=pts/0 ; PWD=/<USER-REDACTED> ; USER=root ; COMMAND=/usr/bin/umount /mnt
2026-07-21T10:02:30.750283+02:00 HOST-REDACTED-A sudo[8322]: pam_unix(sudo:session): session opened for user root(uid=0) by USER-REDACTED(uid=1000)
2026-07-21T10:02:30.752806+02:00 HOST-REDACTED-A kernel: BTRFS info (device nvme2n1p4): last unmount of filesystem UUID-REDACTED
2026-07-21T10:02:30.753203+02:00 HOST-REDACTED-A systemd[1]: var-mnt.mount: Deactivated successfully.
2026-07-21T10:02:30.753465+02:00 HOST-REDACTED-A sudo[8322]: pam_unix(sudo:session): session closed for user root
2026-07-21T10:02:55.760465+02:00 HOST-REDACTED-A rigsignal-agent[2129]: 2026-07-21T08:02:55.760451Z  INFO rigsignal_agent::session: No game detected — idle polling
2026-07-21T10:03:28.761591+02:00 HOST-REDACTED-A rigsignal-agent[2129]: 2026-07-21T08:03:28.761560Z  INFO rigsignal_agent::session: No game detected — idle polling
2026-07-21T10:04:02.761244+02:00 HOST-REDACTED-A rigsignal-agent[2129]: 2026-07-21T08:04:02.761229Z  INFO rigsignal_agent::session: No game detected — idle polling
2026-07-21T10:04:36.760665+02:00 HOST-REDACTED-A rigsignal-agent[2129]: 2026-07-21T08:04:36.760637Z  INFO rigsignal_agent::session: No game detected — idle polling
2026-07-21T10:04:46.877384+02:00 HOST-REDACTED-A sshd-session[8449]: Accepted publickey for USER-REDACTED from IP-REDACTED port 43256 ssh2: ED25519 SSH-FINGERPRINT-REDACTED
2026-07-21T10:04:46.879230+02:00 HOST-REDACTED-A sshd-session[8449]: pam_unix(sshd:session): session opened for user USER-REDACTED(uid=1000) by USER-REDACTED(uid=0)
2026-07-21T10:04:46.906277+02:00 HOST-REDACTED-A systemd-logind[1772]: New session 10 of user USER-REDACTED.
2026-07-21T10:04:46.923851+02:00 HOST-REDACTED-A systemd[1]: Started Session 10 of User USER-REDACTED.
2026-07-21T10:04:46.973100+02:00 HOST-REDACTED-A sshd-session[8455]: Received disconnect from IP-REDACTED port 43256:11: disconnected by user
2026-07-21T10:04:46.973165+02:00 HOST-REDACTED-A sshd-session[8455]: Disconnected from user USER-REDACTED IP-REDACTED port 43256
2026-07-21T10:04:46.973483+02:00 HOST-REDACTED-A sshd-session[8449]: pam_unix(sshd:session): session closed for user USER-REDACTED
2026-07-21T10:04:46.977093+02:00 HOST-REDACTED-A systemd[1]: session-10.scope: Deactivated successfully.
2026-07-21T10:04:46.977695+02:00 HOST-REDACTED-A systemd-logind[1772]: Removed session 10.
2026-07-21T10:04:53.698015+02:00 HOST-REDACTED-A sshd-session[8470]: Accepted publickey for USER-REDACTED from IP-REDACTED port 43258 ssh2: ED25519 SSH-FINGERPRINT-REDACTED
2026-07-21T10:04:53.699764+02:00 HOST-REDACTED-A sshd-session[8470]: pam_unix(sshd:session): session opened for user USER-REDACTED(uid=1000) by USER-REDACTED(uid=0)
2026-07-21T10:04:53.715712+02:00 HOST-REDACTED-A systemd-logind[1772]: New session 11 of user USER-REDACTED.
2026-07-21T10:04:53.735852+02:00 HOST-REDACTED-A systemd[1]: Started Session 11 of User USER-REDACTED.
2026-07-21T10:04:53.784745+02:00 HOST-REDACTED-A sshd-session[8476]: Received disconnect from IP-REDACTED port 43258:11: disconnected by user
2026-07-21T10:04:53.784814+02:00 HOST-REDACTED-A sshd-session[8476]: Disconnected from user USER-REDACTED IP-REDACTED port 43258
2026-07-21T10:04:53.785072+02:00 HOST-REDACTED-A sshd-session[8470]: pam_unix(sshd:session): session closed for user USER-REDACTED
2026-07-21T10:04:53.787849+02:00 HOST-REDACTED-A systemd[1]: session-11.scope: Deactivated successfully.
2026-07-21T10:04:53.788407+02:00 HOST-REDACTED-A systemd-logind[1772]: Removed session 11.
2026-07-21T10:04:57.579322+02:00 HOST-REDACTED-A sshd-session[8493]: Accepted publickey for USER-REDACTED from IP-REDACTED port 38278 ssh2: ED25519 SSH-FINGERPRINT-REDACTED
2026-07-21T10:04:57.580736+02:00 HOST-REDACTED-A sshd-session[8493]: pam_unix(sshd:session): session opened for user USER-REDACTED(uid=1000) by USER-REDACTED(uid=0)
2026-07-21T10:04:57.596623+02:00 HOST-REDACTED-A systemd-logind[1772]: New session 12 of user USER-REDACTED.
2026-07-21T10:04:57.617844+02:00 HOST-REDACTED-A systemd[1]: Started Session 12 of User USER-REDACTED.
2026-07-21T10:04:57.666690+02:00 HOST-REDACTED-A sshd-session[8499]: Received disconnect from IP-REDACTED port 38278:11: disconnected by user
2026-07-21T10:04:57.666720+02:00 HOST-REDACTED-A sshd-session[8499]: Disconnected from user USER-REDACTED IP-REDACTED port 38278
2026-07-21T10:04:57.666897+02:00 HOST-REDACTED-A sshd-session[8493]: pam_unix(sshd:session): session closed for user USER-REDACTED
2026-07-21T10:04:57.670219+02:00 HOST-REDACTED-A systemd[1]: session-12.scope: Deactivated successfully.
2026-07-21T10:04:57.670778+02:00 HOST-REDACTED-A systemd-logind[1772]: Removed session 12.
2026-07-21T10:05:10.761785+02:00 HOST-REDACTED-A rigsignal-agent[2129]: 2026-07-21T08:05:10.761760Z  INFO rigsignal_agent::session: No game detected — idle polling
2026-07-21T10:05:42.761023+02:00 HOST-REDACTED-A rigsignal-agent[2129]: 2026-07-21T08:05:42.760995Z  INFO rigsignal_agent::session: No game detected — idle polling
2026-07-21T10:06:17.760764+02:00 HOST-REDACTED-A rigsignal-agent[2129]: 2026-07-21T08:06:17.760750Z  INFO rigsignal_agent::session: No game detected — idle polling
2026-07-21T10:06:50.760757+02:00 HOST-REDACTED-A rigsignal-agent[2129]: 2026-07-21T08:06:50.760742Z  INFO rigsignal_agent::session: No game detected — idle polling
2026-07-21T10:07:25.760757+02:00 HOST-REDACTED-A rigsignal-agent[2129]: 2026-07-21T08:07:25.760694Z  INFO rigsignal_agent::session: No game detected — idle polling
2026-07-21T10:07:59.760655+02:00 HOST-REDACTED-A rigsignal-agent[2129]: 2026-07-21T08:07:59.760624Z  INFO rigsignal_agent::session: No game detected — idle polling
2026-07-21T10:08:33.761023+02:00 HOST-REDACTED-A rigsignal-agent[2129]: 2026-07-21T08:08:33.760989Z  INFO rigsignal_agent::session: No game detected — idle polling
2026-07-21T10:09:08.761392+02:00 HOST-REDACTED-A rigsignal-agent[2129]: 2026-07-21T08:09:08.761377Z  INFO rigsignal_agent::session: No game detected — idle polling
2026-07-21T10:09:42.761100+02:00 HOST-REDACTED-A rigsignal-agent[2129]: 2026-07-21T08:09:42.761086Z  INFO rigsignal_agent::session: No game detected — idle polling
2026-07-21T10:10:17.760816+02:00 HOST-REDACTED-A rigsignal-agent[2129]: 2026-07-21T08:10:17.760780Z  INFO rigsignal_agent::session: No game detected — idle polling
2026-07-21T10:10:52.761572+02:00 HOST-REDACTED-A rigsignal-agent[2129]: 2026-07-21T08:10:52.761558Z  INFO rigsignal_agent::session: No game detected — idle polling
2026-07-21T10:11:11.220989+02:00 HOST-REDACTED-A sudo[8795]:     USER-REDACTED : TTY=pts/0 ; PWD=/<USER-REDACTED> ; USER=root ; COMMAND=/usr/bin/steamos-reboot --reboot-other
2026-07-21T10:11:11.222505+02:00 HOST-REDACTED-A sudo[8795]: pam_unix(sudo:session): session opened for user root(uid=0) by USER-REDACTED(uid=1000)
2026-07-21T10:11:11.246967+02:00 HOST-REDACTED-A systemd-logind[1772]: The system will reboot now!
2026-07-21T10:11:11.247088+02:00 HOST-REDACTED-A systemd-logind[1772]: System is rebooting.
2026-07-21T10:11:11.248741+02:00 HOST-REDACTED-A sudo[8795]: pam_unix(sudo:session): session closed for user root
2026-07-21T10:11:11.251530+02:00 HOST-REDACTED-A sddm-helper[2116]: Signal received: SIGTERM
2026-07-21T10:11:11.251916+02:00 HOST-REDACTED-A sshd-session[6466]: error: mm_reap: preauth child terminated by signal 15
2026-07-21T10:11:11.251610+02:00 HOST-REDACTED-A systemd[1]: Stopping Session 2 of User USER-REDACTED...
2026-07-21T10:11:11.251964+02:00 HOST-REDACTED-A sshd-session[6466]: pam_unix(sshd:session): session closed for user USER-REDACTED
2026-07-21T10:11:11.251756+02:00 HOST-REDACTED-A systemd[1]: Stopping Session 3 of User USER-REDACTED...
2026-07-21T10:11:11.251869+02:00 HOST-REDACTED-A systemd[1]: Removed slice Slice /system/getty.
2026-07-21T10:11:11.252004+02:00 HOST-REDACTED-A systemd[1]: Removed slice Slice /system/modprobe.
2026-07-21T10:11:11.252083+02:00 HOST-REDACTED-A systemd[1]: proc-sys-fs-binfmt_misc.automount: Deactivated successfully.
2026-07-21T10:11:11.252116+02:00 HOST-REDACTED-A sddm[2101]: Authentication error: SDDM::Auth::ERROR_INTERNAL "Process crashed"
2026-07-21T10:11:11.252129+02:00 HOST-REDACTED-A sddm[2101]: Auth: sddm-helper (--socket /tmp/sddm-auth-UUID-REDACTED --id 1 --start start-gamescope-session --user USER-REDACTED --autologin) crashed (exit code 1)
2026-07-21T10:11:11.252145+02:00 HOST-REDACTED-A sddm[2101]: Authentication error: SDDM::Auth::ERROR_INTERNAL "Process crashed"
2026-07-21T10:11:11.252148+02:00 HOST-REDACTED-A sddm[2101]: Auth: sddm-helper exited with 1
2026-07-21T10:11:11.252237+02:00 HOST-REDACTED-A systemd[1]: Unset automount Arbitrary Executable File Formats File System Automount Point.
2026-07-21T10:11:11.252289+02:00 HOST-REDACTED-A systemd[1]: Stopped target Bluetooth Support.
2026-07-21T10:11:11.252325+02:00 HOST-REDACTED-A systemd[1]: Stopped target Local Encrypted Volumes.
2026-07-21T10:11:11.252362+02:00 HOST-REDACTED-A systemd[1]: Stopped target Local Integrity Protected Volumes.
2026-07-21T10:11:11.252400+02:00 HOST-REDACTED-A systemd[1]: Stopped target Host and Network Name Lookups.
2026-07-21T10:11:11.252434+02:00 HOST-REDACTED-A systemd[1]: Stopped target Sound Card.
2026-07-21T10:11:11.252465+02:00 HOST-REDACTED-A systemd[1]: Stopped target SSH Access Available.
2026-07-21T10:11:11.252495+02:00 HOST-REDACTED-A systemd[1]: Stopped target SteamOS Offload.
2026-07-21T10:11:11.252527+02:00 HOST-REDACTED-A systemd[1]: Stopped target Timer Units.
2026-07-21T10:11:11.252547+02:00 HOST-REDACTED-A systemd[1]: mandoc.timer: Deactivated successfully.
2026-07-21T10:11:11.252564+02:00 HOST-REDACTED-A systemd[1]: Stopped Daily manpage database update.
2026-07-21T10:11:11.252584+02:00 HOST-REDACTED-A systemd[1]: shadow.timer: Deactivated successfully.
2026-07-21T10:11:11.252597+02:00 HOST-REDACTED-A systemd[1]: Stopped Daily verification of password and group files.
2026-07-21T10:11:11.252616+02:00 HOST-REDACTED-A systemd[1]: systemd-tmpfiles-clean.timer: Deactivated successfully.
2026-07-21T10:11:11.252632+02:00 HOST-REDACTED-A systemd[1]: Stopped Daily Cleanup of Temporary Directories.
2026-07-21T10:11:11.252663+02:00 HOST-REDACTED-A systemd[1]: Stopped target System Time Set.
2026-07-21T10:11:11.252694+02:00 HOST-REDACTED-A systemd[1]: Stopped target Trusted Platform Module.
2026-07-21T10:11:11.252726+02:00 HOST-REDACTED-A systemd[1]: Stopped target Local Verity Protected Volumes.
2026-07-21T10:11:11.252772+02:00 HOST-REDACTED-A systemd[1]: lvm2-lvmpolld.socket: Deactivated successfully.
2026-07-21T10:11:11.252819+02:00 HOST-REDACTED-A systemd[1]: Closed LVM2 poll daemon socket.
2026-07-21T10:11:11.253444+02:00 HOST-REDACTED-A bluetoothd[1739]: Terminating
2026-07-21T10:11:11.252866+02:00 HOST-REDACTED-A systemd[1]: systemd-rfkill.socket: Deactivated successfully.
2026-07-21T10:11:11.252892+02:00 HOST-REDACTED-A systemd[1]: Closed Load/Save RF Kill Switch Status /dev/rfkill Watch.
2026-07-21T10:11:11.253285+02:00 HOST-REDACTED-A systemd[1]: Unmounting /esp...
2026-07-21T10:11:11.253410+02:00 HOST-REDACTED-A systemd[1]: Stopping Atomic Update Daemon...
2026-07-21T10:11:11.253479+02:00 HOST-REDACTED-A systemd[1]: Stopping Bluetooth service...
2026-07-21T10:11:11.253567+02:00 HOST-REDACTED-A systemd[1]: Stopping Thunderbolt system service...
2026-07-21T10:11:11.253585+02:00 HOST-REDACTED-A systemd[1]: kdumpst-init.service: Deactivated successfully.
2026-07-21T10:11:11.253655+02:00 HOST-REDACTED-A systemd[1]: Stopped kdumpst loader boot-time service.
2026-07-21T10:11:11.253691+02:00 HOST-REDACTED-A bluetoothd[1739]: Stopping SDP server
2026-07-21T10:11:11.253708+02:00 HOST-REDACTED-A bluetoothd[1739]: Exit
2026-07-21T10:11:11.254318+02:00 HOST-REDACTED-A systemd[1]: Starting Generate shutdown-ramfs...
2026-07-21T10:11:11.254378+02:00 HOST-REDACTED-A rauc[6594]: stopping service
2026-07-21T10:11:11.254405+02:00 HOST-REDACTED-A systemd[1]: Stopping RAUC Update Service...
2026-07-21T10:11:11.254489+02:00 HOST-REDACTED-A systemd[1]: Stopping RealtimeKit Scheduling Policy Service...
2026-07-21T10:11:11.254501+02:00 HOST-REDACTED-A systemd[1]: steamos-boot.service: Deactivated successfully.
2026-07-21T10:11:11.254558+02:00 HOST-REDACTED-A systemd[1]: Stopped SteamOS Boot Registration.
2026-07-21T10:11:11.254612+02:00 HOST-REDACTED-A systemd[1]: Stopped target Graphical Interface.
2026-07-21T10:11:11.254647+02:00 HOST-REDACTED-A systemd[1]: Stopped target Multi-User System.
2026-07-21T10:11:11.254687+02:00 HOST-REDACTED-A systemd[1]: Stopped target Login Prompts.
2026-07-21T10:11:11.255038+02:00 HOST-REDACTED-A systemd[1]: Unmounting /efi...
2026-07-21T10:11:11.255124+02:00 HOST-REDACTED-A systemd[1]: Stopping Early OOM Daemon...
2026-07-21T10:11:11.255137+02:00 HOST-REDACTED-A systemd[1]: cec-sysconf.service: Deactivated successfully.
2026-07-21T10:11:11.255200+02:00 HOST-REDACTED-A systemd[1]: Stopped Hardware Specific CEC Configuration.
2026-07-21T10:11:11.255287+02:00 HOST-REDACTED-A systemd[1]: Stopping Service for enabling and controlling dmem cgroup limits for boosting foreground games, system-level...
2026-07-21T10:11:11.256127+02:00 HOST-REDACTED-A systemd[2069]: Stopped target Gamescope Session.
2026-07-21T10:11:11.256279+02:00 HOST-REDACTED-A dbus-broker[3217]: Dispatched 18 messages @ 2(±2)μs / message.
2026-07-21T10:11:11.256342+02:00 HOST-REDACTED-A systemd[2069]: Stopping Accessibility services bus...
2026-07-21T10:11:11.256469+02:00 HOST-REDACTED-A systemd[2069]: Stopping mangoapp...
2026-07-21T10:11:11.256573+02:00 HOST-REDACTED-A systemd[2069]: Stopping Xbindkeys for Gamescope session...
2026-07-21T10:11:11.256768+02:00 HOST-REDACTED-A systemd[2069]: Stopping Wrapper for Ibus...
2026-07-21T10:11:11.273016+02:00 HOST-REDACTED-A systemd[1]: Stopping GPU performance capture daemon...
2026-07-21T10:11:11.273031+02:00 HOST-REDACTED-A systemd[1]: pipewire-sysconf.service: Deactivated successfully.
2026-07-21T10:11:11.273060+02:00 HOST-REDACTED-A systemd[2069]: Stopping Steam Launcher...
2026-07-21T10:11:11.273115+02:00 HOST-REDACTED-A systemd[1]: Stopped Hardware Specific Pipewire Configuration.
2026-07-21T10:11:11.273191+02:00 HOST-REDACTED-A systemd[2069]: Stopping Steam Notification Daemon...
2026-07-21T10:11:11.273231+02:00 HOST-REDACTED-A systemd[1]: Stopping SteamDeck Plugin Loader...
2026-07-21T10:11:11.273238+02:00 HOST-REDACTED-A systemd[1]: plymouth-quit-wait.service: Deactivated successfully.
2026-07-21T10:11:11.273299+02:00 HOST-REDACTED-A systemd[1]: Stopped Hold until boot process finishes up.
2026-07-21T10:11:11.273386+02:00 HOST-REDACTED-A systemd[2069]: Stopping Power Button daemon for SteamOS...
2026-07-21T10:11:11.273417+02:00 HOST-REDACTED-A rigsignal-ebpf[3892]: 2026-07-21T08:11:11.273401Z  INFO rigsignal_ebpf: received SIGTERM — shutting down
2026-07-21T10:11:11.273545+02:00 HOST-REDACTED-A rigsignal-ebpf[3892]: 2026-07-21T08:11:11.273528Z  INFO rigsignal_ebpf: rigsignal-ebpf stopped
2026-07-21T10:11:11.273448+02:00 HOST-REDACTED-A systemd[1]: Stopping RigSignal eBPF kernel daemon...
2026-07-21T10:11:11.273574+02:00 HOST-REDACTED-A PluginLoader[2137]: [main][INFO]: Shutting down...
2026-07-21T10:11:11.273574+02:00 HOST-REDACTED-A PluginLoader[2137]: [main][INFO]: Disabling reload...
2026-07-21T10:11:11.273496+02:00 HOST-REDACTED-A sddm[2101]: Signal received: SIGTERM
2026-07-21T10:11:11.273595+02:00 HOST-REDACTED-A sshd[2053]: Received signal 15; terminating.
2026-07-21T10:11:11.273744+02:00 HOST-REDACTED-A PluginLoader[2137]: [main][INFO]: Killing plugins...
2026-07-21T10:11:11.273744+02:00 HOST-REDACTED-A PluginLoader[2137]: [plugin][INFO]: Shutting down decky-lsfg-vk
2026-07-21T10:11:11.273744+02:00 HOST-REDACTED-A PluginLoader[2137]: [plugin][INFO]: Shutting down Decky-Framegen
2026-07-21T10:11:11.273558+02:00 HOST-REDACTED-A systemd[1]: Stopping Simple Desktop Display Manager...
2026-07-21T10:11:11.273784+02:00 HOST-REDACTED-A PluginLoader[2137]: [plugin][INFO]: Stopping response listener for decky-lsfg-vk
2026-07-21T10:11:11.273805+02:00 HOST-REDACTED-A python[1754]: Received SIGUSR1, exiting.
2026-07-21T10:11:11.273805+02:00 HOST-REDACTED-A python[1754]: Shutting down the httpd server
2026-07-21T10:11:11.273577+02:00 HOST-REDACTED-A systemd[2069]: Stopping Portal service (gamescope implementation)...
2026-07-21T10:11:11.273920+02:00 HOST-REDACTED-A PluginLoader[2137]: [plugin][INFO]: Stopping response listener for Decky-Framegen
2026-07-21T10:11:11.273609+02:00 HOST-REDACTED-A systemd[1]: Stopping OpenSSH Daemon...
2026-07-21T10:11:11.273615+02:00 HOST-REDACTED-A systemd[1]: steamos-cfs-debugfs-tunings.service: Deactivated successfully.
2026-07-21T10:11:11.273967+02:00 HOST-REDACTED-A PluginLoader[2435]: Calling Loader unload function for Decky-Framegen.
2026-07-21T10:11:11.273692+02:00 HOST-REDACTED-A systemd[1]: Stopped set multiple CFS tunings in sched debugfs.
2026-07-21T10:11:11.274062+02:00 HOST-REDACTED-A PluginLoader[2435]: Attempting to unload with plugin Decky-Framegen's "_unload" function.
2026-07-21T10:11:11.274062+02:00 HOST-REDACTED-A PluginLoader[2435]: Framegen plugin unloaded.
2026-07-21T10:11:11.274062+02:00 HOST-REDACTED-A PluginLoader[2435]: Unloaded Decky-Framegen
2026-07-21T10:11:11.274093+02:00 HOST-REDACTED-A steamos-manager[1763]: 2026-07-21T08:11:11.273963Z  INFO steamos_manager::daemon: Got SIGTERM, shutting down
2026-07-21T10:11:11.274093+02:00 HOST-REDACTED-A steamos-manager[1763]: 2026-07-21T08:11:11.273980Z  INFO steamos_manager::daemon: Shutting down
2026-07-21T10:11:11.274093+02:00 HOST-REDACTED-A steamos-manager[1763]: 2026-07-21T08:11:11.274005Z  INFO steamos_manager: Shutting down sysfs-writer
2026-07-21T10:11:11.274093+02:00 HOST-REDACTED-A steamos-manager[1763]: 2026-07-21T08:11:11.274031Z  INFO steamos_manager: Shutting down inputplumber
2026-07-21T10:11:11.274093+02:00 HOST-REDACTED-A steamos-manager[1763]: 2026-07-21T08:11:11.274044Z  INFO steamos_manager: Shutting down ftrace
2026-07-21T10:11:11.274093+02:00 HOST-REDACTED-A steamos-manager[1763]: 2026-07-21T08:11:11.274077Z  INFO steamos_manager: Shutting down SLS log receiver
2026-07-21T10:11:11.274093+02:00 HOST-REDACTED-A steamos-manager[1763]: 2026-07-21T08:11:11.274093Z  INFO steamos_manager: Shutting down ds-inhibitor
2026-07-21T10:11:11.273804+02:00 HOST-REDACTED-A systemd[1]: Stopping "SteamOS Devkit Service"...
2026-07-21T10:11:11.273813+02:00 HOST-REDACTED-A systemd[1]: steamos-dump-info.service: Deactivated successfully.
2026-07-21T10:11:11.273869+02:00 HOST-REDACTED-A systemd[1]: Stopped Append SteamOS info to kernel log.
2026-07-21T10:11:11.273998+02:00 HOST-REDACTED-A systemd[1]: Stopping SteamOS Manager Daemon...
2026-07-21T10:11:11.274001+02:00 HOST-REDACTED-A systemd[2069]: Stopping Portal service (Holo implementation)...
2026-07-21T10:11:11.274183+02:00 HOST-REDACTED-A systemd[2069]: Stopping flatpak document portal service...
2026-07-21T10:11:11.274324+02:00 HOST-REDACTED-A systemd[2069]: Stopping sandboxed app permission store...
2026-07-21T10:11:11.274589+02:00 HOST-REDACTED-A systemd[1]: Stopping Load/Save OS Random Seed...
2026-07-21T10:11:11.274782+02:00 HOST-REDACTED-A systemd[1]: Stopping Network Time Synchronization...
2026-07-21T10:11:11.274802+02:00 HOST-REDACTED-A systemd[1]: systemd-udev-load-credentials.service: Deactivated successfully.
2026-07-21T10:11:11.274933+02:00 HOST-REDACTED-A systemd[1]: Stopped Load udev Rules from Credentials.
2026-07-21T10:11:11.275629+02:00 HOST-REDACTED-A systemd[1]: Stopping Record System Boot/Shutdown in UTMP...
2026-07-21T10:11:11.275723+02:00 HOST-REDACTED-A systemd[1]: Stopping Disk Manager...
2026-07-21T10:11:11.275805+02:00 HOST-REDACTED-A systemd[1]: Stopping Daemon for power management...
2026-07-21T10:11:11.275813+02:00 HOST-REDACTED-A systemd[1]: wireplumber-sysconf.service: Deactivated successfully.
2026-07-21T10:11:11.275887+02:00 HOST-REDACTED-A systemd[1]: Stopped Hardware Specific Wireplumber Configuration.
2026-07-21T10:11:11.278019+02:00 HOST-REDACTED-A systemd[2069]: Stopped mangoapp.
2026-07-21T10:11:11.278137+02:00 HOST-REDACTED-A systemd[2069]: gamescope-mangoapp.service: Consumed 3min 33.839s CPU time, 46.6M memory peak.
2026-07-21T10:11:11.278504+02:00 HOST-REDACTED-A systemd[1]: run-user-1000-doc.mount: Deactivated successfully.
2026-07-21T10:11:11.278535+02:00 HOST-REDACTED-A systemd[1]: Unmounted /run/user/1000/doc.
2026-07-21T10:11:11.278638+02:00 HOST-REDACTED-A systemd[1]: proc-sys-fs-binfmt_misc.mount: Deactivated successfully.
2026-07-21T10:11:11.278655+02:00 HOST-REDACTED-A systemd[2069]: Stopped Xbindkeys for Gamescope session.
2026-07-21T10:11:11.278959+02:00 HOST-REDACTED-A systemd[2069]: Stopped Wrapper for Ibus.
2026-07-21T10:11:11.279108+02:00 HOST-REDACTED-A systemd[2069]: steam-notif-daemon.service: Main process exited, code=exited, status=1/FAILURE
2026-07-21T10:11:11.279136+02:00 HOST-REDACTED-A systemd[2069]: steam-notif-daemon.service: Failed with result 'exit-code'.
2026-07-21T10:11:11.279228+02:00 HOST-REDACTED-A systemd[2069]: Stopped Steam Notification Daemon.
2026-07-21T10:11:11.279692+02:00 HOST-REDACTED-A systemd[2069]: Stopped sandboxed app permission store.
2026-07-21T10:11:11.279959+02:00 HOST-REDACTED-A systemd[2069]: Stopped flatpak document portal service.
2026-07-21T10:11:11.280162+02:00 HOST-REDACTED-A systemd[1]: earlyoom.service: Deactivated successfully.
2026-07-21T10:11:11.280287+02:00 HOST-REDACTED-A systemd[2069]: Stopped Portal service (Holo implementation).
2026-07-21T10:11:11.280321+02:00 HOST-REDACTED-A systemd[1]: Stopped Early OOM Daemon.
2026-07-21T10:11:11.280638+02:00 HOST-REDACTED-A systemd[1]: bluetooth.service: Deactivated successfully.
2026-07-21T10:11:11.280658+02:00 HOST-REDACTED-A systemd[2069]: Stopped Portal service (gamescope implementation).
2026-07-21T10:11:11.280754+02:00 HOST-REDACTED-A systemd[1]: Stopped Bluetooth service.
2026-07-21T10:11:11.280951+02:00 HOST-REDACTED-A systemd[2069]: Stopped Accessibility services bus.
2026-07-21T10:11:11.281337+02:00 HOST-REDACTED-A systemd[1]: bolt.service: Deactivated successfully.
2026-07-21T10:11:11.281458+02:00 HOST-REDACTED-A systemd[1]: Stopped Thunderbolt system service.
2026-07-21T10:11:11.281971+02:00 HOST-REDACTED-A systemd[1]: dmemcg-booster-system.service: Deactivated successfully.
2026-07-21T10:11:11.282056+02:00 HOST-REDACTED-A systemd[1]: Stopped Service for enabling and controlling dmem cgroup limits for boosting foreground games, system-level.
2026-07-21T10:11:11.282171+02:00 HOST-REDACTED-A systemd[1]: sshd.service: Deactivated successfully.
2026-07-21T10:11:11.282241+02:00 HOST-REDACTED-A systemd[1]: Stopped OpenSSH Daemon.
2026-07-21T10:11:11.282438+02:00 HOST-REDACTED-A systemd[1]: sddm.service: Deactivated successfully.
2026-07-21T10:11:11.282524+02:00 HOST-REDACTED-A systemd[1]: Stopped Simple Desktop Display Manager.
2026-07-21T10:11:11.282673+02:00 HOST-REDACTED-A systemd[1]: rtkit-daemon.service: Deactivated successfully.
2026-07-21T10:11:11.282739+02:00 HOST-REDACTED-A systemd[1]: Stopped RealtimeKit Scheduling Policy Service.
2026-07-21T10:11:11.282893+02:00 HOST-REDACTED-A systemd[1]: upower.service: Deactivated successfully.
2026-07-21T10:11:11.282956+02:00 HOST-REDACTED-A systemd[1]: Stopped Daemon for power management.
2026-07-21T10:11:11.283364+02:00 HOST-REDACTED-A systemd[1]: atomupd.service: Deactivated successfully.
2026-07-21T10:11:11.283453+02:00 HOST-REDACTED-A systemd[1]: Stopped Atomic Update Daemon.
2026-07-21T10:11:11.285964+02:00 HOST-REDACTED-A systemd[1]: rauc.service: Deactivated successfully.
2026-07-21T10:11:11.286059+02:00 HOST-REDACTED-A systemd[1]: Stopped RAUC Update Service.
2026-07-21T10:11:11.286356+02:00 HOST-REDACTED-A systemd[1]: systemd-timesyncd.service: Deactivated successfully.
2026-07-21T10:11:11.286443+02:00 HOST-REDACTED-A systemd[1]: Stopped Network Time Synchronization.
2026-07-21T10:11:11.286583+02:00 HOST-REDACTED-A systemd[1]: esp.mount: Deactivated successfully.
2026-07-21T10:11:11.286656+02:00 HOST-REDACTED-A systemd[1]: Unmounted /esp.
2026-07-21T10:11:11.286883+02:00 HOST-REDACTED-A systemd[1]: efi.mount: Deactivated successfully.
2026-07-21T10:11:11.286957+02:00 HOST-REDACTED-A systemd[1]: Unmounted /efi.
2026-07-21T10:11:11.287182+02:00 HOST-REDACTED-A systemd[1]: systemd-random-seed.service: Deactivated successfully.
2026-07-21T10:11:11.287242+02:00 HOST-REDACTED-A systemd[1]: Stopped Load/Save OS Random Seed.
2026-07-21T10:11:11.287380+02:00 HOST-REDACTED-A systemd[1]: systemd-update-utmp.service: Deactivated successfully.
2026-07-21T10:11:11.287436+02:00 HOST-REDACTED-A systemd[1]: Stopped Record System Boot/Shutdown in UTMP.
2026-07-21T10:11:11.293466+02:00 HOST-REDACTED-A udisksd[3841]: udisks daemon version 2.10.1 exiting
2026-07-21T10:11:11.293722+02:00 HOST-REDACTED-A systemd[1]: Requested transaction contradicts existing jobs: Transaction for bluetooth.service/start is destructive (dev-disk-by\x2dlabel-zram0.swap has 'stop' job queued, but 'start' is included in transaction).
2026-07-21T10:11:11.293803+02:00 HOST-REDACTED-A systemd[1]: plymouth-deactivate.service: Deactivated successfully.
2026-07-21T10:11:11.293890+02:00 HOST-REDACTED-A systemd[1]: Stopped Deactivate Plymouth Boot Screen.
2026-07-21T10:11:11.293980+02:00 HOST-REDACTED-A systemd[1]: plymouth-quit.service: Deactivated successfully.
2026-07-21T10:11:11.294030+02:00 HOST-REDACTED-A systemd[1]: Stopped Terminate Plymouth Boot Screen.
2026-07-21T10:11:11.294584+02:00 HOST-REDACTED-A systemd[1]: Starting Show Plymouth Reboot Screen...
2026-07-21T10:11:11.294592+02:00 HOST-REDACTED-A systemd[1]: systemd-fsck@dev-disk-by\x2dpartsets-self-efi.service: Deactivated successfully.
2026-07-21T10:11:11.294646+02:00 HOST-REDACTED-A systemd[1]: Stopped File System Check on /dev/disk/by-partsets/self/efi.
2026-07-21T10:11:11.294689+02:00 HOST-REDACTED-A systemd[1]: systemd-fsck@dev-disk-by\x2dpartsets-shared-esp.service: Deactivated successfully.
2026-07-21T10:11:11.294728+02:00 HOST-REDACTED-A systemd[1]: Stopped File System Check on /dev/disk/by-partsets/shared/esp.
2026-07-21T10:11:11.294982+02:00 HOST-REDACTED-A systemd[1]: udisks2.service: Deactivated successfully.
2026-07-21T10:11:11.295056+02:00 HOST-REDACTED-A systemd[1]: Stopped Disk Manager.
2026-07-21T10:11:11.298549+02:00 HOST-REDACTED-A systemd[1]: session-3.scope: Deactivated successfully.
2026-07-21T10:11:11.302891+02:00 HOST-REDACTED-A systemd[1]: Stopped Session 3 of User USER-REDACTED.
2026-07-21T10:11:11.303648+02:00 HOST-REDACTED-A systemd-logind[1772]: Removed session 3.
2026-07-21T10:11:11.304403+02:00 HOST-REDACTED-A USER-REDACTED[8898]: Gamescope Session Ended - Performing Final Cleanup
2026-07-21T10:11:11.304989+02:00 HOST-REDACTED-A systemd[1]: Received SIGRTMIN+20 from PID 8902 (plymouthd).
2026-07-21T10:11:11.330047+02:00 HOST-REDACTED-A mkinitcpio[8820]: ==> Starting build: 'none'
2026-07-21T10:11:11.330883+02:00 HOST-REDACTED-A gpu-trace[8822]: CRITICAL - Failed to setup logging
2026-07-21T10:11:11.331910+02:00 HOST-REDACTED-A mkinitcpio[8820]:   -> Running build hook: [sd-shutdown]
2026-07-21T10:11:11.338311+02:00 HOST-REDACTED-A systemd[1]: gpu-trace.service: Control process exited, code=exited, status=255/EXCEPTION
2026-07-21T10:11:11.338475+02:00 HOST-REDACTED-A systemd[1]: Started Show Plymouth Reboot Screen.
2026-07-21T10:11:11.339129+02:00 HOST-REDACTED-A systemd[1]: gpu-trace.service: Failed with result 'exit-code'.
2026-07-21T10:11:11.339178+02:00 HOST-REDACTED-A systemd[2069]: Stopped Power Button daemon for SteamOS.
2026-07-21T10:11:11.339288+02:00 HOST-REDACTED-A systemd[1]: Stopped GPU performance capture daemon.
2026-07-21T10:11:11.339377+02:00 HOST-REDACTED-A systemd[1]: gpu-trace.service: Consumed 416ms CPU time, 71.1M memory peak.
2026-07-21T10:11:11.353917+02:00 HOST-REDACTED-A systemd[1]: steamos-manager.service: Deactivated successfully.
2026-07-21T10:11:11.354052+02:00 HOST-REDACTED-A systemd[1]: Stopped SteamOS Manager Daemon.
2026-07-21T10:11:11.354352+02:00 HOST-REDACTED-A systemd[1]: Stopping SteamOS log submitter service - sends error logs to Valve...
2026-07-21T10:11:11.355382+02:00 HOST-REDACTED-A systemd[1]: steamos-log-submitter.service: Deactivated successfully.
2026-07-21T10:11:11.355465+02:00 HOST-REDACTED-A systemd[1]: Stopped SteamOS log submitter service - sends error logs to Valve.
2026-07-21T10:11:11.355533+02:00 HOST-REDACTED-A systemd[1]: steamos-log-submitter.service: Consumed 3.903s CPU time, 76.1M memory peak.
2026-07-21T10:11:11.374188+02:00 HOST-REDACTED-A PluginLoader[2137]: [plugin][INFO]: Plugin Decky-Framegen has been stopped in 0.1s
2026-07-21T10:11:11.416198+02:00 HOST-REDACTED-A mkinitcpio[8820]: ==> Build complete.
2026-07-21T10:11:11.417743+02:00 HOST-REDACTED-A systemd[1]: mkinitcpio-generate-shutdown-ramfs.service: Deactivated successfully.
2026-07-21T10:11:11.417841+02:00 HOST-REDACTED-A systemd[1]: Finished Generate shutdown-ramfs.
2026-07-21T10:11:11.418663+02:00 HOST-REDACTED-A systemd[1]: Starting Tell Plymouth To Jump To initramfs...
2026-07-21T10:11:11.581125+02:00 HOST-REDACTED-A gamescope-session[2339]: [gamescope] [Info]  wlserver: [libseat] [libseat/backend/logind.c:351] Disabling seat
2026-07-21T10:11:11.581125+02:00 HOST-REDACTED-A gamescope-session[2339]: [gamescope] [Info]  wlserver: Session paused
2026-07-21T10:11:11.629145+02:00 HOST-REDACTED-A python[1754]: done serving at port: 32000
2026-07-21T10:11:11.629145+02:00 HOST-REDACTED-A python[1754]: UnregisterService /org/freedesktop/resolve1/dnssd/HOST-REDACTED-A
2026-07-21T10:11:11.635183+02:00 HOST-REDACTED-A systemd[1]: steamos-devkit-service.service: Deactivated successfully.
2026-07-21T10:11:11.635281+02:00 HOST-REDACTED-A systemd[1]: Stopped "SteamOS Devkit Service".
2026-07-21T10:11:11.966809+02:00 HOST-REDACTED-A kernel: amdgpu 0000:03:00.0: [drm] *ERROR* dpcd_set_link_settings:1117: core_link_write_dpcd (DP_DOWNSPREAD_CTRL) failed
2026-07-21T10:11:12.008809+02:00 HOST-REDACTED-A kernel: amdgpu 0000:03:00.0: [drm] *ERROR* dpcd_set_link_settings:1122: core_link_write_dpcd (DP_LANE_COUNT_SET) failed
2026-07-21T10:11:12.050806+02:00 HOST-REDACTED-A kernel: amdgpu 0000:03:00.0: [drm] *ERROR* dpcd_set_link_settings:1150: core_link_write_dpcd (DP_LINK_BW_SET) failed
2026-07-21T10:11:12.185961+02:00 HOST-REDACTED-A systemd[1]: Requested transaction contradicts existing jobs: Transaction for upower.service/start is destructive (reboot.target has 'start' job queued, but 'stop' is included in transaction).
2026-07-21T10:11:12.187599+02:00 HOST-REDACTED-A systemd[1]: Requested transaction contradicts existing jobs: Transaction for upower.service/start is destructive (systemd-zram-setup@zram0.service has 'stop' job queued, but 'start' is included in transaction).
2026-07-21T10:11:12.960007+02:00 HOST-REDACTED-A systemd[1]: rigsignal-ebpf.service: Deactivated successfully.
2026-07-21T10:11:12.960095+02:00 HOST-REDACTED-A systemd[1]: Stopped RigSignal eBPF kernel daemon.
2026-07-21T10:11:12.960298+02:00 HOST-REDACTED-A systemd[1]: Stopped target Network is Online.
2026-07-21T10:11:12.960329+02:00 HOST-REDACTED-A systemd[1]: NetworkManager-wait-online.service: Deactivated successfully.
2026-07-21T10:11:12.960372+02:00 HOST-REDACTED-A systemd[1]: Stopped Network Manager Wait Online.
2026-07-21T10:11:12.974808+02:00 HOST-REDACTED-A kernel: amdgpu 0000:03:00.0: [drm] *ERROR* dpcd_set_link_settings:1117: core_link_write_dpcd (DP_DOWNSPREAD_CTRL) failed
2026-07-21T10:11:13.016808+02:00 HOST-REDACTED-A kernel: amdgpu 0000:03:00.0: [drm] *ERROR* dpcd_set_link_settings:1122: core_link_write_dpcd (DP_LANE_COUNT_SET) failed
2026-07-21T10:11:13.058837+02:00 HOST-REDACTED-A kernel: amdgpu 0000:03:00.0: [drm] *ERROR* dpcd_set_link_settings:1150: core_link_write_dpcd (DP_LINK_BW_SET) failed
2026-07-21T10:11:13.873592+02:00 HOST-REDACTED-A steam[2552]: src/common/framefunction.cpp (238) : Assertion Failed: CFrameFunctionMgr::~CFrameFunctionMgr: non static FrameFunction[Depot Download HTTP Client] still registered
2026-07-21T10:11:13.873592+02:00 HOST-REDACTED-A steam[2552]: src/common/framefunction.cpp (238) : Assertion Failed: CFrameFunctionMgr::~CFrameFunctionMgr: non static FrameFunction[Depot Download HTTP Client] still registered
2026-07-21T10:11:13.873868+02:00 HOST-REDACTED-A steam[2552]: 07/21 10:11:13 Init: Installing breakpad exception handler for appid(steam)/version(1784145295)/tid(2716)
2026-07-21T10:11:13.930622+02:00 HOST-REDACTED-A assert_20260721101113_107.dmp[9063]: Uploading dump (out-of-process)
                                                                               /tmp/dumps/assert_20260721101113_107.dmp
2026-07-21T10:11:13.930778+02:00 HOST-REDACTED-A steam[2552]: assert_20260721101113_107.dmp[9063]: Uploading dump (out-of-process)
2026-07-21T10:11:13.930778+02:00 HOST-REDACTED-A steam[2552]: /tmp/dumps/assert_20260721101113_107.dmp
2026-07-21T10:11:14.030807+02:00 HOST-REDACTED-A kernel: amdgpu 0000:03:00.0: [drm] *ERROR* dpcd_set_link_settings:1117: core_link_write_dpcd (DP_DOWNSPREAD_CTRL) failed
2026-07-21T10:11:14.040365+02:00 HOST-REDACTED-A steam[2552]: [2026-07-21 10:11:14] Shutdown
2026-07-21T10:11:14.072796+02:00 HOST-REDACTED-A kernel: amdgpu 0000:03:00.0: [drm] *ERROR* dpcd_set_link_settings:1122: core_link_write_dpcd (DP_LANE_COUNT_SET) failed
2026-07-21T10:11:14.114818+02:00 HOST-REDACTED-A kernel: amdgpu 0000:03:00.0: [drm] *ERROR* dpcd_set_link_settings:1150: core_link_write_dpcd (DP_LINK_BW_SET) failed
2026-07-21T10:11:14.219911+02:00 HOST-REDACTED-A crash_20260721101114_108.dmp[9067]: Uploading dump (out-of-process)
                                                                              /tmp/dumps/crash_20260721101114_108.dmp
2026-07-21T10:11:14.220084+02:00 HOST-REDACTED-A steam[2552]: crash_20260721101114_108.dmp[9067]: Uploading dump (out-of-process)
2026-07-21T10:11:14.220084+02:00 HOST-REDACTED-A steam[2552]: /tmp/dumps/crash_20260721101114_108.dmp
2026-07-21T10:11:14.220797+02:00 HOST-REDACTED-A kernel: CHTTPClientThre[4709]: segfault at d76b3084 ip 00000000d76b3084 sp 00000000a3cfc890 error 14 likely on CPU 13 (core 5, socket 0)
2026-07-21T10:11:14.220809+02:00 HOST-REDACTED-A kernel: Code: Unable to access opcode bytes at 0xd76b305a.
2026-07-21T10:11:14.259485+02:00 HOST-REDACTED-A crash_20260721101114_109.dmp[9071]: Uploading dump (out-of-process)
                                                                              /tmp/dumps/crash_20260721101114_109.dmp
2026-07-21T10:11:14.259598+02:00 HOST-REDACTED-A steam[2552]: crash_20260721101114_109.dmp[9071]: Uploading dump (out-of-process)
2026-07-21T10:11:14.259598+02:00 HOST-REDACTED-A steam[2552]: /tmp/dumps/crash_20260721101114_109.dmp
2026-07-21T10:11:14.259805+02:00 HOST-REDACTED-A kernel: CHTTPClientThre[4610]: segfault at d76b3084 ip 00000000d76b3084 sp 00000000c12f8890 error 14 likely on CPU 0 (core 0, socket 0)
2026-07-21T10:11:14.259812+02:00 HOST-REDACTED-A kernel: Code: Unable to access opcode bytes at 0xd76b305a.
2026-07-21T10:11:14.298072+02:00 HOST-REDACTED-A crash_20260721101114_110.dmp[9075]: Uploading dump (out-of-process)
                                                                              /tmp/dumps/crash_20260721101114_110.dmp
2026-07-21T10:11:14.298205+02:00 HOST-REDACTED-A steam[2552]: crash_20260721101114_110.dmp[9075]: Uploading dump (out-of-process)
2026-07-21T10:11:14.298205+02:00 HOST-REDACTED-A steam[2552]: /tmp/dumps/crash_20260721101114_110.dmp
2026-07-21T10:11:14.298796+02:00 HOST-REDACTED-A kernel: CHTTPClientThre[4610]: segfault at d76b3084 ip 00000000d76b3084 sp 00000000c12f8890 error 14 likely on CPU 6 (core 6, socket 0)
2026-07-21T10:11:14.298806+02:00 HOST-REDACTED-A kernel: Code: Unable to access opcode bytes at 0xd76b305a.
2026-07-21T10:11:14.346929+02:00 HOST-REDACTED-A steam[2552]: crash_20260721101114_111.dmp[9079]: Uploading dump (out-of-process)
2026-07-21T10:11:14.346924+02:00 HOST-REDACTED-A crash_20260721101114_111.dmp[9079]: Uploading dump (out-of-process)
                                                                              /tmp/dumps/crash_20260721101114_111.dmp
2026-07-21T10:11:14.347080+02:00 HOST-REDACTED-A steam[2552]: /tmp/dumps/crash_20260721101114_111.dmp
2026-07-21T10:11:14.347798+02:00 HOST-REDACTED-A kernel: CHTTPClientThre[4662]: segfault at d76b3084 ip 00000000d76b3084 sp 00000000a51fd890 error 14 likely on CPU 12 (core 4, socket 0)
2026-07-21T10:11:14.347820+02:00 HOST-REDACTED-A kernel: Code: Unable to access opcode bytes at 0xd76b305a.
2026-07-21T10:11:14.445902+02:00 HOST-REDACTED-A systemd-coredump[9083]: Process 2716 (steam) of user 1000 terminated abnormally with signal 11/SEGV, processing...
2026-07-21T10:11:14.445927+02:00 HOST-REDACTED-A systemd-coredump[9083]: Failed to send coredump datagram: Broken pipe
2026-07-21T10:11:14.569636+02:00 HOST-REDACTED-A steam[2552]: /<USER-REDACTED>/.local/share/Steam/steam.sh: line 966:  2716 Segmentation fault         (core dumped) "$STEAMROOT/$STEAMEXEPATH" "$@"
2026-07-21T10:11:14.601397+02:00 HOST-REDACTED-A steam-short-session-tracker[9087]: rm: cannot remove '/tmp/steamos-short-session-tracker': No such file or directory
2026-07-21T10:11:14.601617+02:00 HOST-REDACTED-A systemd[2069]: steam-launcher.service: Killing process 2552 (srt-logger) with signal SIGKILL.
2026-07-21T10:11:14.601640+02:00 HOST-REDACTED-A systemd[2069]: steam-launcher.service: Killing process 3009 (srt-logger) with signal SIGKILL.
2026-07-21T10:11:14.601660+02:00 HOST-REDACTED-A systemd[2069]: steam-launcher.service: Killing process 3218 (pv-adverb) with signal SIGKILL.
2026-07-21T10:11:14.601685+02:00 HOST-REDACTED-A systemd[2069]: steam-launcher.service: Killing process 3243 (steamwebhelper) with signal SIGKILL.
2026-07-21T10:11:14.601874+02:00 HOST-REDACTED-A systemd[2069]: steam-launcher.service: Killing process 3250 (steamwebhelper) with signal SIGKILL.
2026-07-21T10:11:14.601901+02:00 HOST-REDACTED-A systemd[2069]: steam-launcher.service: Killing process 3251 (steamwebhelper) with signal SIGKILL.
2026-07-21T10:11:14.601923+02:00 HOST-REDACTED-A systemd[2069]: steam-launcher.service: Killing process 3273 (steamwebhelper) with signal SIGKILL.
2026-07-21T10:11:14.602011+02:00 HOST-REDACTED-A systemd[2069]: steam-launcher.service: Killing process 3344 (steamwebhelper) with signal SIGKILL.
2026-07-21T10:11:14.602044+02:00 HOST-REDACTED-A systemd[2069]: steam-launcher.service: Killing process 3353 (steamwebhelper) with signal SIGKILL.
2026-07-21T10:11:14.602083+02:00 HOST-REDACTED-A systemd[2069]: steam-launcher.service: Killing process 3562 (steamwebhelper) with signal SIGKILL.
2026-07-21T10:11:14.602151+02:00 HOST-REDACTED-A systemd[2069]: steam-launcher.service: Killing process 3823 (steamwebhelper) with signal SIGKILL.
2026-07-21T10:11:14.602182+02:00 HOST-REDACTED-A systemd[2069]: steam-launcher.service: Killing process 9063 (steamerrorrepor) with signal SIGKILL.
2026-07-21T10:11:14.602235+02:00 HOST-REDACTED-A systemd[2069]: steam-launcher.service: Killing process 9067 (steamerrorrepor) with signal SIGKILL.
2026-07-21T10:11:14.602255+02:00 HOST-REDACTED-A systemd[2069]: steam-launcher.service: Killing process 9071 (steamerrorrepor) with signal SIGKILL.
2026-07-21T10:11:14.602274+02:00 HOST-REDACTED-A systemd[2069]: steam-launcher.service: Killing process 9075 (steamerrorrepor) with signal SIGKILL.
2026-07-21T10:11:14.602293+02:00 HOST-REDACTED-A systemd[2069]: steam-launcher.service: Killing process 9079 (steamerrorrepor) with signal SIGKILL.
2026-07-21T10:11:14.602335+02:00 HOST-REDACTED-A systemd[2069]: steam-launcher.service: Killing process 3348 (Chrome_ChildIOT) with signal SIGKILL.
2026-07-21T10:11:14.602348+02:00 HOST-REDACTED-A systemd[2069]: steam-launcher.service: Killing process 3358 (ThreadPoolForeg) with signal SIGKILL.
2026-07-21T10:11:14.602360+02:00 HOST-REDACTED-A systemd[2069]: steam-launcher.service: Killing process 3732 (steamweb:gdrv0) with signal SIGKILL.
2026-07-21T10:11:14.602371+02:00 HOST-REDACTED-A systemd[2069]: steam-launcher.service: Killing process 3774 (steamwebhe:gl0) with signal SIGKILL.
2026-07-21T10:11:14.602382+02:00 HOST-REDACTED-A systemd[2069]: steam-launcher.service: Killing process 3826 (ThreadPoolServi) with signal SIGKILL.
2026-07-21T10:11:14.602393+02:00 HOST-REDACTED-A systemd[2069]: steam-launcher.service: Killing process 5712 (MemoryInfra) with signal SIGKILL.
2026-07-21T10:11:14.602404+02:00 HOST-REDACTED-A systemd[2069]: steam-launcher.service: Killing process 8443 (MemoryInfra) with signal SIGKILL.
2026-07-21T10:11:14.605533+02:00 HOST-REDACTED-A PluginLoader[2137]: [injector][WARNING]: The Tab SharedJSContext socket has been disconnected while listening for messages.
2026-07-21T10:11:14.605650+02:00 HOST-REDACTED-A PluginLoader[2137]: [main][INFO]: CEF has disconnected...
2026-07-21T10:11:14.606439+02:00 HOST-REDACTED-A PluginLoader[2137]: [injector][DEBUG]: Steam isn't available yet. Wait for a moment...
2026-07-21T10:11:14.609991+02:00 HOST-REDACTED-A systemd[2069]: Stopped Steam Launcher.
2026-07-21T10:11:14.610062+02:00 HOST-REDACTED-A systemd[2069]: steam-launcher.service: Consumed 1min 3.642s CPU time, 10.8G memory peak.
2026-07-21T10:11:14.610255+02:00 HOST-REDACTED-A systemd[2069]: Stopping Portal service...
2026-07-21T10:11:14.615035+02:00 HOST-REDACTED-A systemd[2069]: Stopped Portal service.
2026-07-21T10:11:14.615205+02:00 HOST-REDACTED-A systemd[2069]: Stopped target Current graphical user session.
2026-07-21T10:11:14.615339+02:00 HOST-REDACTED-A systemd[2069]: Stopping Gamescope Session...
2026-07-21T10:11:14.615470+02:00 HOST-REDACTED-A gamescope-session[2339]: [gamescope] [Info]  wlserver: [xwayland/server.c:217] Restarting Xwayland
2026-07-21T10:11:14.615891+02:00 HOST-REDACTED-A gamescope-session[2339]: [gamescope] [Info]  wlserver: [xwayland/server.c:217] Restarting Xwayland
2026-07-21T10:11:14.616066+02:00 HOST-REDACTED-A gamescope-session[9099]: [gamescope] [Info]  wlserver: [xwayland/server.c:107] Starting Xwayland on :0
2026-07-21T10:11:14.616351+02:00 HOST-REDACTED-A gamescope-session[9101]: [gamescope] [Info]  wlserver: [xwayland/server.c:107] Starting Xwayland on :1
2026-07-21T10:11:14.647170+02:00 HOST-REDACTED-A gamescope-session[9122]: The XKEYBOARD keymap compiler (xkbcomp) reports:
2026-07-21T10:11:14.647170+02:00 HOST-REDACTED-A gamescope-session[9122]: > Warning:          Could not resolve keysym XF86RefreshRateToggle
2026-07-21T10:11:14.647257+02:00 HOST-REDACTED-A gamescope-session[9122]: > Warning:          Could not resolve keysym XF86Accessibility
2026-07-21T10:11:14.647257+02:00 HOST-REDACTED-A gamescope-session[9122]: > Warning:          Could not resolve keysym XF86DoNotDisturb
2026-07-21T10:11:14.647575+02:00 HOST-REDACTED-A gamescope-session[9122]: Errors from xkbcomp are not fatal to the X server
2026-07-21T10:11:14.648880+02:00 HOST-REDACTED-A gamescope-session[9123]: The XKEYBOARD keymap compiler (xkbcomp) reports:
2026-07-21T10:11:14.648880+02:00 HOST-REDACTED-A gamescope-session[9123]: > Warning:          Could not resolve keysym XF86RefreshRateToggle
2026-07-21T10:11:14.648923+02:00 HOST-REDACTED-A gamescope-session[9123]: > Warning:          Could not resolve keysym XF86Accessibility
2026-07-21T10:11:14.648923+02:00 HOST-REDACTED-A gamescope-session[9123]: > Warning:          Could not resolve keysym XF86DoNotDisturb
2026-07-21T10:11:14.649273+02:00 HOST-REDACTED-A gamescope-session[9123]: Errors from xkbcomp are not fatal to the X server
2026-07-21T10:11:14.651050+02:00 HOST-REDACTED-A gamescope-session[9124]: The XKEYBOARD keymap compiler (xkbcomp) reports:
2026-07-21T10:11:14.651050+02:00 HOST-REDACTED-A gamescope-session[9124]: > Warning:          Unsupported maximum keycode 708, clipping.
2026-07-21T10:11:14.651088+02:00 HOST-REDACTED-A gamescope-session[9124]: >                   X11 cannot support keycodes above 255.
2026-07-21T10:11:14.651368+02:00 HOST-REDACTED-A gamescope-session[9124]: > Warning:          Could not resolve keysym XF86RefreshRateToggle
2026-07-21T10:11:14.651381+02:00 HOST-REDACTED-A gamescope-session[9124]: > Warning:          Could not resolve keysym XF86Accessibility
2026-07-21T10:11:14.651381+02:00 HOST-REDACTED-A gamescope-session[9124]: > Warning:          Could not resolve keysym XF86DoNotDisturb
2026-07-21T10:11:14.651565+02:00 HOST-REDACTED-A gamescope-session[9124]: Errors from xkbcomp are not fatal to the X server
2026-07-21T10:11:14.652783+02:00 HOST-REDACTED-A gamescope-session[9125]: The XKEYBOARD keymap compiler (xkbcomp) reports:
2026-07-21T10:11:14.652783+02:00 HOST-REDACTED-A gamescope-session[9125]: > Warning:          Unsupported maximum keycode 708, clipping.
2026-07-21T10:11:14.652783+02:00 HOST-REDACTED-A gamescope-session[9125]: >                   X11 cannot support keycodes above 255.
2026-07-21T10:11:14.653101+02:00 HOST-REDACTED-A gamescope-session[9125]: > Warning:          Could not resolve keysym XF86RefreshRateToggle
2026-07-21T10:11:14.653113+02:00 HOST-REDACTED-A gamescope-session[9125]: > Warning:          Could not resolve keysym XF86Accessibility
2026-07-21T10:11:14.653113+02:00 HOST-REDACTED-A gamescope-session[9125]: > Warning:          Could not resolve keysym XF86DoNotDisturb
2026-07-21T10:11:14.653293+02:00 HOST-REDACTED-A gamescope-session[9125]: Errors from xkbcomp are not fatal to the X server
2026-07-21T10:11:15.134825+02:00 HOST-REDACTED-A kernel: amdgpu 0000:03:00.0: [drm] *ERROR* dpcd_set_link_settings:1117: core_link_write_dpcd (DP_DOWNSPREAD_CTRL) failed
2026-07-21T10:11:15.175819+02:00 HOST-REDACTED-A kernel: amdgpu 0000:03:00.0: [drm] *ERROR* dpcd_set_link_settings:1122: core_link_write_dpcd (DP_LANE_COUNT_SET) failed
2026-07-21T10:11:15.217835+02:00 HOST-REDACTED-A kernel: amdgpu 0000:03:00.0: [drm] *ERROR* dpcd_set_link_settings:1150: core_link_write_dpcd (DP_LINK_BW_SET) failed
2026-07-21T10:11:15.683813+02:00 HOST-REDACTED-A kernel: amdgpu 0000:03:00.0: [drm] enabling link 1 failed: 15
2026-07-21T10:11:15.773190+02:00 HOST-REDACTED-A gamescope-session[2339]: [gamescope] [Info]  drm: Connector DP-2 -> AOC - AG352UCG6
2026-07-21T10:11:15.773378+02:00 HOST-REDACTED-A gamescope-session[2339]: [gamescope] [Info]  drm: [colorimetry]: EDID with colorimetry detected. Using it
2026-07-21T10:11:15.773378+02:00 HOST-REDACTED-A gamescope-session[2339]: [gamescope] [Info]  drm: [colorimetry]: r 0.639648 0.330078
2026-07-21T10:11:15.773378+02:00 HOST-REDACTED-A gamescope-session[2339]: [gamescope] [Info]  drm: [colorimetry]: g 0.299805 0.599609
2026-07-21T10:11:15.773378+02:00 HOST-REDACTED-A gamescope-session[2339]: [gamescope] [Info]  drm: [colorimetry]: b 0.150391 0.059570
2026-07-21T10:11:15.773378+02:00 HOST-REDACTED-A gamescope-session[2339]: [gamescope] [Info]  drm: [colorimetry]: w 0.312500 0.329102
2026-07-21T10:11:15.773660+02:00 HOST-REDACTED-A gamescope-session[2339]: [gamescope] [Error] xwm: waylandres but no win
2026-07-21T10:11:15.773704+02:00 HOST-REDACTED-A gamescope-session[2339]: [gamescope] [Error] xwm: waylandres but no win
2026-07-21T10:11:15.773724+02:00 HOST-REDACTED-A gamescope-session[2339]: [gamescope] [Error] xwm: X11 I/O error! This is fatal. Aborting...
2026-07-21T10:11:15.773930+02:00 HOST-REDACTED-A systemd[1]: Finished Tell Plymouth To Jump To initramfs.
2026-07-21T10:11:15.849134+02:00 HOST-REDACTED-A systemd-coredump[9129]: Process 2339 (gamescope-wl) of user 1000 terminated abnormally with signal 6/ABRT, processing...
2026-07-21T10:11:15.856483+02:00 HOST-REDACTED-A core_handler[9130]: Minidump generated at /var/lib/steamos-log-submitter/pending/minidump/.staging-1784621475-gamescope-xwm-2339-None.dmp
2026-07-21T10:11:15.927754+02:00 HOST-REDACTED-A gamescope-session[9101]: (EE) failed to read Wayland events: Broken pipe
2026-07-21T10:11:15.927985+02:00 HOST-REDACTED-A gamescope-session[9099]: (EE) failed to read Wayland events: Broken pipe
2026-07-21T10:11:15.932463+02:00 HOST-REDACTED-A systemd[2069]: gamescope-session.service: Main process exited, code=dumped, status=6/ABRT
2026-07-21T10:11:15.955524+02:00 HOST-REDACTED-A drm_janitor[9133]: open() failed: Permission denied
2026-07-21T10:11:15.956676+02:00 HOST-REDACTED-A systemd[2069]: gamescope-session.service: Failed with result 'core-dump'.
2026-07-21T10:11:15.956795+02:00 HOST-REDACTED-A systemd[2069]: Stopped Gamescope Session.
2026-07-21T10:11:15.956865+02:00 HOST-REDACTED-A systemd[2069]: gamescope-session.service: Consumed 8.822s CPU time, 295.8M memory peak.
2026-07-21T10:11:15.956946+02:00 HOST-REDACTED-A systemd[2069]: Stopped target Session services which should run early before the graphical session is brought up.
2026-07-21T10:11:15.958294+02:00 HOST-REDACTED-A USER-REDACTED[9136]: Gamescope Session Ended - Cleanup Complete
2026-07-21T10:11:15.958493+02:00 HOST-REDACTED-A systemd[1]: session-2.scope: Deactivated successfully.
2026-07-21T10:11:15.958577+02:00 HOST-REDACTED-A systemd[1]: Stopped Session 2 of User USER-REDACTED.
2026-07-21T10:11:15.958850+02:00 HOST-REDACTED-A systemd[1]: Stopping User Manager for UID 1000...
2026-07-21T10:11:15.958985+02:00 HOST-REDACTED-A systemd-logind[1772]: Removed session 2.
2026-07-21T10:11:15.959240+02:00 HOST-REDACTED-A systemd[2069]: Activating special unit Exit the Session...
2026-07-21T10:11:15.959915+02:00 HOST-REDACTED-A systemd[2069]: Removed slice Slice /app/dbus-:1.1-org.freedesktop.portal.IBus.
2026-07-21T10:11:15.959952+02:00 HOST-REDACTED-A systemd[2069]: Stopped target Main User Target.
2026-07-21T10:11:15.959984+02:00 HOST-REDACTED-A systemd[2069]: Stopped target Sound Card.
2026-07-21T10:11:15.960040+02:00 HOST-REDACTED-A systemd[2069]: Closed Socket to launch DrKonqi for a systemd-coredump crash.
2026-07-21T10:11:15.960117+02:00 HOST-REDACTED-A systemd[2069]: Stopping Consumer Electronics Control (CEC) Daemon...
2026-07-21T10:11:15.960143+02:00 HOST-REDACTED-A systemd[2069]: Stopping dbus-:1.37-org.a11y.atspi.Registry@0.service...
2026-07-21T10:11:15.960202+02:00 HOST-REDACTED-A systemd[2069]: Stopping Service for enabling and controlling dmem cgroup limits for boosting foreground games, user-level...
2026-07-21T10:11:15.960496+02:00 HOST-REDACTED-A systemd[2069]: Stopping Elastic Agent (unprivileged)...
2026-07-21T10:11:15.960565+02:00 HOST-REDACTED-A systemd[2069]: Stopping PipeWire filter chain daemon...
2026-07-21T10:11:15.960621+02:00 HOST-REDACTED-A systemd[2069]: Stopping gamemoded...
2026-07-21T10:11:15.960677+02:00 HOST-REDACTED-A systemd[2069]: Stopping PipeWire PulseAudio...
2026-07-21T10:11:15.960764+02:00 HOST-REDACTED-A rigsignal-agent[2129]: 2026-07-21T08:11:15.960736Z  INFO rigsignal_agent: SIGTERM received — shutting down
2026-07-21T10:11:15.960733+02:00 HOST-REDACTED-A systemd[2069]: Stopping RigSignal metrics agent (user install)...
2026-07-21T10:11:15.960896+02:00 HOST-REDACTED-A steamos-manager[2219]: 2026-07-21T08:11:15.960762Z  INFO steamos_manager::daemon: Got SIGTERM, shutting down
2026-07-21T10:11:15.960896+02:00 HOST-REDACTED-A steamos-manager[2219]: 2026-07-21T08:11:15.960775Z  INFO steamos_manager::daemon: Shutting down
2026-07-21T10:11:15.960896+02:00 HOST-REDACTED-A steamos-manager[2219]: 2026-07-21T08:11:15.960786Z  INFO steamos_manager: Shutting down udev-monitor
2026-07-21T10:11:15.960896+02:00 HOST-REDACTED-A steamos-manager[2219]: 2026-07-21T08:11:15.960813Z  INFO steamos_manager: Shutting down cecd-listener
2026-07-21T10:11:15.960896+02:00 HOST-REDACTED-A steamos-manager[2219]: 2026-07-21T08:11:15.960831Z  INFO steamos_manager: Shutting down tdp-manager
2026-07-21T10:11:15.960896+02:00 HOST-REDACTED-A steamos-manager[2219]: 2026-07-21T08:11:15.960868Z  INFO steamos_manager: Shutting down job-manager
2026-07-21T10:11:15.960896+02:00 HOST-REDACTED-A steamos-manager[2219]: 2026-07-21T08:11:15.960876Z  INFO steamos_manager: Shutting down session-manager
2026-07-21T10:11:15.961010+02:00 HOST-REDACTED-A rigsignal-agent[2129]: 2026-07-21T08:11:15.960801Z  INFO rigsignal_agent: Shipping session summary (3482s, 3483 ticks)
2026-07-21T10:11:15.960787+02:00 HOST-REDACTED-A systemd[2069]: Stopping SteamOS Manager Daemon...
2026-07-21T10:11:15.961041+02:00 HOST-REDACTED-A steamos-manager[2219]: 2026-07-21T08:11:15.960905Z  INFO steamos_manager: Shutting down signal-relay
2026-07-21T10:11:15.961488+02:00 HOST-REDACTED-A systemd[2069]: Stopped gamemoded.
2026-07-21T10:11:15.961660+02:00 HOST-REDACTED-A systemd[2069]: Stopped PipeWire filter chain daemon.
2026-07-21T10:11:15.961832+02:00 HOST-REDACTED-A systemd[2069]: Stopped Service for enabling and controlling dmem cgroup limits for boosting foreground games, user-level.
2026-07-21T10:11:15.962041+02:00 HOST-REDACTED-A systemd[2069]: Stopped Consumer Electronics Control (CEC) Daemon.
2026-07-21T10:11:15.962200+02:00 HOST-REDACTED-A systemd[2069]: Stopped PipeWire PulseAudio.
2026-07-21T10:11:15.962227+02:00 HOST-REDACTED-A systemd[2069]: pipewire-pulse.service: Consumed 1.249s CPU time, 12.7M memory peak.
2026-07-21T10:11:15.962243+02:00 HOST-REDACTED-A rigsignal-agent[2129]: 2026-07-21T08:11:15.962229Z  INFO rigsignal_agent: RigSignal agent stopped after 3483 ticks
2026-07-21T10:11:15.962380+02:00 HOST-REDACTED-A systemd[2069]: Stopped dbus-:1.37-org.a11y.atspi.Registry@0.service.
2026-07-21T10:11:15.962644+02:00 HOST-REDACTED-A systemd[2069]: Removed slice Slice /app/dbus-:1.37-org.a11y.atspi.Registry.
2026-07-21T10:11:15.962709+02:00 HOST-REDACTED-A systemd[2069]: Stopping Multimedia Service Session Manager...
2026-07-21T10:11:15.965835+02:00 HOST-REDACTED-A systemd[2069]: Stopped RigSignal metrics agent (user install).
2026-07-21T10:11:15.965878+02:00 HOST-REDACTED-A systemd[2069]: rigsignal-agent.service: Consumed 14.411s CPU time, 57M memory peak.
2026-07-21T10:11:15.973630+02:00 HOST-REDACTED-A systemd[2069]: Stopped Multimedia Service Session Manager.
2026-07-21T10:11:15.973669+02:00 HOST-REDACTED-A systemd[2069]: wireplumber.service: Consumed 8.686s CPU time, 90.4M memory peak.
2026-07-21T10:11:15.973820+02:00 HOST-REDACTED-A systemd[2069]: Stopping PipeWire Multimedia Service...
2026-07-21T10:11:15.974428+02:00 HOST-REDACTED-A systemd[2069]: Stopped PipeWire Multimedia Service.
2026-07-21T10:11:15.974467+02:00 HOST-REDACTED-A systemd[2069]: pipewire.service: Consumed 1.221s CPU time, 28.1M memory peak.
2026-07-21T10:11:15.982497+02:00 HOST-REDACTED-A steamos-manager[2219]: 2026-07-21T08:11:15.982487Z  INFO steamos_manager: Shutting down screenreader-setup
2026-07-21T10:11:15.983297+02:00 HOST-REDACTED-A systemd[2069]: Stopped SteamOS Manager Daemon.
2026-07-21T10:11:16.182795+02:00 HOST-REDACTED-A systemd[2069]: Stopped Elastic Agent (unprivileged).
2026-07-21T10:11:16.182862+02:00 HOST-REDACTED-A systemd[2069]: elastic-agent.service: Consumed 39.843s CPU time, 1.2G memory peak.
2026-07-21T10:11:16.182971+02:00 HOST-REDACTED-A systemd[2069]: Stopped target Basic System.
2026-07-21T10:11:16.183010+02:00 HOST-REDACTED-A systemd[2069]: Stopped target Paths.
2026-07-21T10:11:16.183812+02:00 HOST-REDACTED-A systemd[2069]: Stopped Submitting pending crash events (file monitor).
2026-07-21T10:11:16.183841+02:00 HOST-REDACTED-A systemd[2069]: Stopped target Sockets.
2026-07-21T10:11:16.183875+02:00 HOST-REDACTED-A systemd[2069]: Stopped target Timers.
2026-07-21T10:11:16.183906+02:00 HOST-REDACTED-A systemd[2069]: Stopped Hourly RigSignal spool retention.
2026-07-21T10:11:16.183962+02:00 HOST-REDACTED-A systemd[2069]: Closed HDMI CEC volume and mute control.
2026-07-21T10:11:16.184016+02:00 HOST-REDACTED-A systemd[2069]: Closed GnuPG network certificate management daemon.
2026-07-21T10:11:16.184064+02:00 HOST-REDACTED-A systemd[2069]: Closed GnuPG cryptographic agent and passphrase cache (access for web browsers).
2026-07-21T10:11:16.184111+02:00 HOST-REDACTED-A systemd[2069]: Closed GnuPG cryptographic agent and passphrase cache (restricted).
2026-07-21T10:11:16.184157+02:00 HOST-REDACTED-A systemd[2069]: Closed GnuPG cryptographic agent (ssh-agent emulation).
2026-07-21T10:11:16.184202+02:00 HOST-REDACTED-A systemd[2069]: Closed GnuPG cryptographic agent and passphrase cache.
2026-07-21T10:11:16.184248+02:00 HOST-REDACTED-A systemd[2069]: Closed GnuPG public key management service.
2026-07-21T10:11:16.184294+02:00 HOST-REDACTED-A systemd[2069]: Closed p11-kit server.
2026-07-21T10:11:16.184341+02:00 HOST-REDACTED-A systemd[2069]: Closed PipeWire PulseAudio.
2026-07-21T10:11:16.184387+02:00 HOST-REDACTED-A systemd[2069]: Closed PipeWire Multimedia System Sockets.
2026-07-21T10:11:16.184479+02:00 HOST-REDACTED-A dbus-broker[2124]: Dispatched 8422 messages @ 2(±4)μs / message.
2026-07-21T10:11:16.184846+02:00 HOST-REDACTED-A systemd[2069]: Stopping D-Bus User Message Bus...
2026-07-21T10:11:16.185001+02:00 HOST-REDACTED-A systemd[2069]: Stopped D-Bus User Message Bus.
2026-07-21T10:11:16.185201+02:00 HOST-REDACTED-A systemd[2069]: Removed slice User Core Session Slice.
2026-07-21T10:11:16.185205+02:00 HOST-REDACTED-A systemd[2069]: session.slice: Consumed 20.698s CPU time, 451.1M memory peak.
2026-07-21T10:11:16.185275+02:00 HOST-REDACTED-A systemd[2069]: Closed D-Bus User Message Bus Socket.
2026-07-21T10:11:16.185331+02:00 HOST-REDACTED-A systemd[2069]: Removed slice User Application Slice.
2026-07-21T10:11:16.185334+02:00 HOST-REDACTED-A systemd[2069]: app.slice: Consumed 5min 32.445s CPU time, 12.1G memory peak.
2026-07-21T10:11:16.185346+02:00 HOST-REDACTED-A systemd[2069]: Reached target Shutdown.
2026-07-21T10:11:16.185386+02:00 HOST-REDACTED-A systemd[2069]: Finished Exit the Session.
2026-07-21T10:11:16.185395+02:00 HOST-REDACTED-A systemd[2069]: Reached target Exit the Session.
2026-07-21T10:11:16.209178+02:00 HOST-REDACTED-A (sd-pam)[2075]: pam_unix(systemd-user:session): session closed for user USER-REDACTED
2026-07-21T10:11:16.209414+02:00 HOST-REDACTED-A systemd[1]: user@1000.service: Deactivated successfully.
2026-07-21T10:11:16.209540+02:00 HOST-REDACTED-A systemd[1]: Stopped User Manager for UID 1000.
2026-07-21T10:11:16.209639+02:00 HOST-REDACTED-A systemd[1]: user@1000.service: Consumed 5min 53.379s CPU time, 12.5G memory peak.
2026-07-21T10:11:16.276505+02:00 HOST-REDACTED-A systemd-logind[1772]: Removed session 1.
2026-07-21T10:11:16.276896+02:00 HOST-REDACTED-A systemd[1]: Stopping Permit User Sessions...
2026-07-21T10:11:16.277198+02:00 HOST-REDACTED-A systemd[1]: Stopping User Runtime Directory /run/user/1000...
2026-07-21T10:11:16.283277+02:00 HOST-REDACTED-A PluginLoader[2137]: [plugin][WARNING]: Plugin decky-lsfg-vk still alive 5 seconds after stop request! Sending SIGKILL!
2026-07-21T10:11:16.303071+02:00 HOST-REDACTED-A systemd[1]: systemd-user-sessions.service: Deactivated successfully.
2026-07-21T10:11:16.303139+02:00 HOST-REDACTED-A systemd[1]: Stopped Permit User Sessions.
2026-07-21T10:11:16.303815+02:00 HOST-REDACTED-A systemd[1]: run-user-1000.mount: Deactivated successfully.
2026-07-21T10:11:16.303833+02:00 HOST-REDACTED-A systemd[1]: Unmounted /run/user/1000.
2026-07-21T10:11:16.304122+02:00 HOST-REDACTED-A systemd[1]: user-runtime-dir@1000.service: Deactivated successfully.
2026-07-21T10:11:16.304177+02:00 HOST-REDACTED-A systemd[1]: Stopped User Runtime Directory /run/user/1000.
2026-07-21T10:11:16.304584+02:00 HOST-REDACTED-A systemd[1]: Removed slice User Slice of UID 1000.
2026-07-21T10:11:16.304623+02:00 HOST-REDACTED-A systemd[1]: user-1000.slice: Consumed 5min 53.680s CPU time, 12.5G memory peak.
2026-07-21T10:11:16.304649+02:00 HOST-REDACTED-A systemd[1]: Stopped target Remote File Systems.
2026-07-21T10:11:16.304682+02:00 HOST-REDACTED-A systemd[1]: steamos-create-homedir.service: Deactivated successfully.
2026-07-21T10:11:16.304720+02:00 HOST-REDACTED-A systemd[1]: Stopped Create UID 1000 homedir on first boot/after factory reset.
2026-07-21T10:11:16.304804+02:00 HOST-REDACTED-A systemd[1]: Stopping User Login Management...
2026-07-21T10:11:16.330105+02:00 HOST-REDACTED-A systemd[1]: systemd-logind.service: Deactivated successfully.
2026-07-21T10:11:16.330183+02:00 HOST-REDACTED-A systemd[1]: Stopped User Login Management.
2026-07-21T10:11:16.383541+02:00 HOST-REDACTED-A PluginLoader[2137]: [plugin][INFO]: Plugin decky-lsfg-vk has been stopped in 5.1s
2026-07-21T10:11:16.383572+02:00 HOST-REDACTED-A PluginLoader[2137]: [main][INFO]: Disconnecting from WS...
2026-07-21T10:11:16.383603+02:00 HOST-REDACTED-A PluginLoader[2137]: [main][INFO]: Cancelling tasks...
2026-07-21T10:11:16.383720+02:00 HOST-REDACTED-A PluginLoader[2137]: [main][DEBUG]: Cancelling task Loader.handle_reloads
2026-07-21T10:11:16.383747+02:00 HOST-REDACTED-A PluginLoader[2137]: [main][DEBUG]: Cancelling task Updater.version_reloader
2026-07-21T10:11:16.383747+02:00 HOST-REDACTED-A PluginLoader[2137]: [main][DEBUG]: Cancelling task PluginManager.loader_reinjector
2026-07-21T10:11:16.383792+02:00 HOST-REDACTED-A PluginLoader[2137]: [main][DEBUG]: Task Loader.handle_reloads finished
2026-07-21T10:11:16.383872+02:00 HOST-REDACTED-A PluginLoader[2137]: [main][DEBUG]: Task Updater.version_reloader finished
2026-07-21T10:11:16.383927+02:00 HOST-REDACTED-A PluginLoader[2137]: [main][DEBUG]: Task PluginManager.loader_reinjector finished
2026-07-21T10:11:16.383974+02:00 HOST-REDACTED-A PluginLoader[2137]: [main][INFO]: Shutdown finished.
2026-07-21T10:11:16.384478+02:00 HOST-REDACTED-A PluginLoader[2137]: ======== Running on http://127.0.0.1:1337 ========
2026-07-21T10:11:16.384478+02:00 HOST-REDACTED-A PluginLoader[2137]: (Press CTRL+C to quit)
2026-07-21T10:11:16.409053+02:00 HOST-REDACTED-A systemd[1]: plugin_loader.service: Deactivated successfully.
2026-07-21T10:11:16.409186+02:00 HOST-REDACTED-A systemd[1]: Stopped SteamDeck Plugin Loader.
2026-07-21T10:11:16.409292+02:00 HOST-REDACTED-A systemd[1]: plugin_loader.service: Consumed 5.423s CPU time, 916.7M memory peak.
2026-07-21T10:11:16.409584+02:00 HOST-REDACTED-A systemd[1]: Stopped target Network.
2026-07-21T10:11:16.409660+02:00 HOST-REDACTED-A NetworkManager[2041]: <info>  [1784621476.4096] caught SIGTERM, shutting down normally.
2026-07-21T10:11:16.409673+02:00 HOST-REDACTED-A systemd[1]: Stopping Network Manager...
2026-07-21T10:11:16.409738+02:00 HOST-REDACTED-A systemd[1]: Stopping Network Name Resolution...
2026-07-21T10:11:16.410095+02:00 HOST-REDACTED-A NetworkManager[2041]: <info>  [1784621476.4100] dhcp4 (enp14s0): canceled DHCP transaction
2026-07-21T10:11:16.410099+02:00 HOST-REDACTED-A NetworkManager[2041]: <info>  [1784621476.4100] dhcp4 (enp14s0): activation: beginning transaction (timeout in 45 seconds)
2026-07-21T10:11:16.410102+02:00 HOST-REDACTED-A NetworkManager[2041]: <info>  [1784621476.4101] dhcp4 (enp14s0): state changed no lease
2026-07-21T10:11:16.410151+02:00 HOST-REDACTED-A NetworkManager[2041]: <info>  [1784621476.4101] manager: NetworkManager state is now CONNECTED_SITE
2026-07-21T10:11:16.411522+02:00 HOST-REDACTED-A systemd[1]: Requested transaction contradicts existing jobs: Transaction for NetworkManager-dispatcher.service/start is destructive (dev-zram0.swap has 'stop' job queued, but 'start' is included in transaction).
2026-07-21T10:11:16.432526+02:00 HOST-REDACTED-A systemd[1]: systemd-resolved.service: Deactivated successfully.
2026-07-21T10:11:16.432601+02:00 HOST-REDACTED-A systemd[1]: Stopped Network Name Resolution.
2026-07-21T10:11:16.433311+02:00 HOST-REDACTED-A systemd[1]: systemd-sysctl.service: Deactivated successfully.
2026-07-21T10:11:16.433353+02:00 HOST-REDACTED-A systemd[1]: Stopped Apply Kernel Variables.
2026-07-21T10:11:16.433404+02:00 HOST-REDACTED-A systemd[1]: systemd-coredump.socket: Deactivated successfully.
2026-07-21T10:11:16.433431+02:00 HOST-REDACTED-A systemd[1]: Closed Process Core Dump Socket.
2026-07-21T10:11:16.433461+02:00 HOST-REDACTED-A systemd[1]: systemd-modules-load.service: Deactivated successfully.
2026-07-21T10:11:16.433489+02:00 HOST-REDACTED-A systemd[1]: Stopped Load Kernel Modules.
2026-07-21T10:11:16.451980+02:00 HOST-REDACTED-A NetworkManager[2041]: <info>  [1784621476.4519] exiting (success)
2026-07-21T10:11:16.477992+02:00 HOST-REDACTED-A systemd[1]: NetworkManager.service: Deactivated successfully.
2026-07-21T10:11:16.478066+02:00 HOST-REDACTED-A systemd[1]: Stopped Network Manager.
2026-07-21T10:11:16.478237+02:00 HOST-REDACTED-A systemd[1]: Stopped target Preparation for Network.
2026-07-21T10:11:16.478287+02:00 HOST-REDACTED-A systemd[1]: Stopping firewalld - dynamic firewall daemon...
2026-07-21T10:11:16.525963+02:00 HOST-REDACTED-A systemd[1]: firewalld.service: Deactivated successfully.
2026-07-21T10:11:16.526036+02:00 HOST-REDACTED-A systemd[1]: Stopped firewalld - dynamic firewall daemon.
2026-07-21T10:11:16.526101+02:00 HOST-REDACTED-A systemd[1]: firewalld.service: Consumed 244ms CPU time, 69.1M memory peak.
2026-07-21T10:11:16.526224+02:00 HOST-REDACTED-A systemd[1]: Stopping Authorization Manager...
2026-07-21T10:11:16.527991+02:00 HOST-REDACTED-A systemd[1]: polkit.service: Deactivated successfully.
2026-07-21T10:11:16.528051+02:00 HOST-REDACTED-A systemd[1]: Stopped Authorization Manager.
2026-07-21T10:11:16.528440+02:00 HOST-REDACTED-A systemd[1]: Stopped target Basic System.
2026-07-21T10:11:16.528494+02:00 HOST-REDACTED-A systemd[1]: Stopped target Path Units.
2026-07-21T10:11:16.528519+02:00 HOST-REDACTED-A systemd[1]: systemd-ask-password-wall.path: Deactivated successfully.
2026-07-21T10:11:16.528558+02:00 HOST-REDACTED-A systemd[1]: Stopped Forward Password Requests to Wall Directory Watch.
2026-07-21T10:11:16.528595+02:00 HOST-REDACTED-A systemd[1]: Stopped target Slice Units.
2026-07-21T10:11:16.528684+02:00 HOST-REDACTED-A systemd[1]: Removed slice User and Session Slice.
2026-07-21T10:11:16.528709+02:00 HOST-REDACTED-A systemd[1]: user.slice: Consumed 5min 53.680s CPU time, 12.5G memory peak.
2026-07-21T10:11:16.528726+02:00 HOST-REDACTED-A systemd[1]: Stopped target Socket Units.
2026-07-21T10:11:16.528762+02:00 HOST-REDACTED-A systemd[1]: cups.socket: Deactivated successfully.
2026-07-21T10:11:16.528795+02:00 HOST-REDACTED-A systemd[1]: Closed CUPS Scheduler.
2026-07-21T10:11:16.528835+02:00 HOST-REDACTED-A systemd[1]: dirmngr@etc-pacman.d-gnupg.socket: Deactivated successfully.
2026-07-21T10:11:16.528862+02:00 HOST-REDACTED-A systemd[1]: Closed GnuPG network certificate management daemon for /etc/pacman.d/gnupg.
2026-07-21T10:11:16.528950+02:00 HOST-REDACTED-A systemd[1]: Removed slice Slice /system/dirmngr.
2026-07-21T10:11:16.528981+02:00 HOST-REDACTED-A systemd[1]: gpg-agent-browser@etc-pacman.d-gnupg.socket: Deactivated successfully.
2026-07-21T10:11:16.529008+02:00 HOST-REDACTED-A systemd[1]: Closed GnuPG cryptographic agent and passphrase cache (access for web browsers) for /etc/pacman.d/gnupg.
2026-07-21T10:11:16.529095+02:00 HOST-REDACTED-A systemd[1]: Removed slice Slice /system/gpg-agent-browser.
2026-07-21T10:11:16.529125+02:00 HOST-REDACTED-A systemd[1]: gpg-agent-extra@etc-pacman.d-gnupg.socket: Deactivated successfully.
2026-07-21T10:11:16.529150+02:00 HOST-REDACTED-A systemd[1]: Closed GnuPG cryptographic agent and passphrase cache (restricted) for /etc/pacman.d/gnupg.
2026-07-21T10:11:16.529230+02:00 HOST-REDACTED-A systemd[1]: Removed slice Slice /system/gpg-agent-extra.
2026-07-21T10:11:16.529260+02:00 HOST-REDACTED-A systemd[1]: gpg-agent-ssh@etc-pacman.d-gnupg.socket: Deactivated successfully.
2026-07-21T10:11:16.529285+02:00 HOST-REDACTED-A systemd[1]: Closed GnuPG cryptographic agent (ssh-agent emulation) for /etc/pacman.d/gnupg.
2026-07-21T10:11:16.529364+02:00 HOST-REDACTED-A systemd[1]: Removed slice Slice /system/gpg-agent-ssh.
2026-07-21T10:11:16.529393+02:00 HOST-REDACTED-A systemd[1]: gpg-agent@etc-pacman.d-gnupg.socket: Deactivated successfully.
2026-07-21T10:11:16.529418+02:00 HOST-REDACTED-A systemd[1]: Closed GnuPG cryptographic agent and passphrase cache for /etc/pacman.d/gnupg.
2026-07-21T10:11:16.529495+02:00 HOST-REDACTED-A systemd[1]: Removed slice Slice /system/gpg-agent.
2026-07-21T10:11:16.529523+02:00 HOST-REDACTED-A systemd[1]: keyboxd@etc-pacman.d-gnupg.socket: Deactivated successfully.
2026-07-21T10:11:16.529546+02:00 HOST-REDACTED-A systemd[1]: Closed GnuPG public key management service for /etc/pacman.d/gnupg.
2026-07-21T10:11:16.529622+02:00 HOST-REDACTED-A systemd[1]: Removed slice Slice /system/keyboxd.
2026-07-21T10:11:16.529649+02:00 HOST-REDACTED-A systemd[1]: sshd-unix-local.socket: Deactivated successfully.
2026-07-21T10:11:16.529672+02:00 HOST-REDACTED-A systemd[1]: Closed OpenSSH Server Socket (systemd-ssh-generator, AF_UNIX Local).
2026-07-21T10:11:16.529721+02:00 HOST-REDACTED-A systemd[1]: steam-web-debug-portforward.socket: Deactivated successfully.
2026-07-21T10:11:16.529789+02:00 HOST-REDACTED-A systemd[1]: Closed steam-web-debug-portforward.socket.
2026-07-21T10:11:16.529832+02:00 HOST-REDACTED-A systemd[1]: systemd-hostnamed.socket: Deactivated successfully.
2026-07-21T10:11:16.529854+02:00 HOST-REDACTED-A systemd[1]: Closed Hostname Service Socket.
2026-07-21T10:11:16.529886+02:00 HOST-REDACTED-A systemd[1]: systemd-importd.socket: Deactivated successfully.
2026-07-21T10:11:16.529907+02:00 HOST-REDACTED-A systemd[1]: Closed Disk Image Download Service Socket.
2026-07-21T10:11:16.529938+02:00 HOST-REDACTED-A systemd[1]: systemd-tmpfiles-setup.service: Deactivated successfully.
2026-07-21T10:11:16.529971+02:00 HOST-REDACTED-A systemd[1]: Stopped Create System Files and Directories.
2026-07-21T10:11:16.530014+02:00 HOST-REDACTED-A systemd[1]: Stopped target Local File Systems.
2026-07-21T10:11:16.530041+02:00 HOST-REDACTED-A systemd[1]: efi.automount: Deactivated successfully.
2026-07-21T10:11:16.530075+02:00 HOST-REDACTED-A systemd[1]: Unset automount efi.automount.
2026-07-21T10:11:16.530097+02:00 HOST-REDACTED-A systemd[1]: esp.automount: Deactivated successfully.
2026-07-21T10:11:16.530121+02:00 HOST-REDACTED-A systemd[1]: Unset automount esp.automount.
2026-07-21T10:11:16.530389+02:00 HOST-REDACTED-A systemd[1]: Unmounting SteamOS Offload - /nix...
2026-07-21T10:11:16.530643+02:00 HOST-REDACTED-A systemd[1]: Unmounting SteamOS Offload - /opt...
2026-07-21T10:11:16.530898+02:00 HOST-REDACTED-A systemd[1]: Unmounting SteamOS Offload - /root...
2026-07-21T10:11:16.531127+02:00 HOST-REDACTED-A systemd[1]: Unmounting SteamOS Offload - /srv...
2026-07-21T10:11:16.531297+02:00 HOST-REDACTED-A systemd[1]: Unmounting Temporary Directory /tmp...
2026-07-21T10:11:16.531505+02:00 HOST-REDACTED-A systemd[1]: Unmounting SteamOS Offload - /var/cache/pacman...
2026-07-21T10:11:16.531735+02:00 HOST-REDACTED-A systemd[1]: Unmounting SteamOS Offload - /var/lib/docker...
2026-07-21T10:11:16.551005+02:00 HOST-REDACTED-A systemd[1]: Unmounting SteamOS Offload - /var/lib/flatpak...
2026-07-21T10:11:16.551248+02:00 HOST-REDACTED-A systemd[1]: Unmounting SteamOS Offload - /var/lib/steamos-log-submitter...
2026-07-21T10:11:16.551521+02:00 HOST-REDACTED-A systemd[1]: Unmounting SteamOS Offload - /var/lib/systemd/coredump...
2026-07-21T10:11:16.551790+02:00 HOST-REDACTED-A systemd[1]: Unmounting Linux Games SSD Partition...
2026-07-21T10:11:16.552044+02:00 HOST-REDACTED-A systemd[1]: Unmounting SteamOS Offload - /var/tmp...
2026-07-21T10:11:16.552128+02:00 HOST-REDACTED-A systemd[1]: systemd-growfs@home.service: Deactivated successfully.
2026-07-21T10:11:16.552204+02:00 HOST-REDACTED-A systemd[1]: Stopped Grow File System on /home.
2026-07-21T10:11:16.552376+02:00 HOST-REDACTED-A systemd[1]: Removed slice Slice /system/systemd-growfs.
2026-07-21T10:11:16.552865+02:00 HOST-REDACTED-A systemd[1]: Stopping Flush Journal to Persistent Storage...
2026-07-21T10:11:16.552887+02:00 HOST-REDACTED-A systemd[1]: systemd-repart.service: Deactivated successfully.
2026-07-21T10:11:16.552949+02:00 HOST-REDACTED-A systemd[1]: Stopped Repartition Root Disk.
2026-07-21T10:11:16.555539+02:00 HOST-REDACTED-A systemd[1]: nix.mount: Deactivated successfully.
2026-07-21T10:11:16.555619+02:00 HOST-REDACTED-A systemd[1]: Unmounted SteamOS Offload - /nix.
2026-07-21T10:11:16.555801+02:00 HOST-REDACTED-A systemd[1]: opt.mount: Deactivated successfully.
2026-07-21T10:11:16.555862+02:00 HOST-REDACTED-A systemd[1]: Unmounted SteamOS Offload - /opt.
