2026-07-21T11:07:58.705817+02:00 HOST-REDACTED-A kernel: Linux version 6.16.12-drmexec7-valve24.5-1-neptune-616-drm-exec-gf253f5da553e (linux-neptune-616-drm-exec@archlinux) (gcc (GCC) 15.1.1 20250425, GNU ld (GNU Binutils) 2.45) #1 SMP PREEMPT_DYNAMIC Wed, 15 Jul 2026 21:55:55 +0000
2026-07-21T11:07:58.705831+02:00 HOST-REDACTED-A kernel: Command line: BOOT_IMAGE=/boot/vmlinuz-linux-neptune-616-drm-exec console=tty1 rd.luks=0 rd.lvm=0 rd.md=0 rd.dm=0 rd.systemd.gpt_auto=no log_buf_len=4M amd_iommu=off amdgpu.lockup_timeout=5000,10000,10000,5000 ttm.pages_min=2097152 amdgpu.sched_hw_submission=4 amdgpu.dcdebugmask=0x20000 audit=0 fsck.mode=auto fsck.repair=preen loglevel=3 splash quiet plymouth.ignore-serial-consoles fbcon=vc:4-6 steamos.efi=DISK-ID-REDACTED
2026-07-21T11:07:58.705836+02:00 HOST-REDACTED-A kernel: x86/split lock detection: #DB: warning on user-space bus_locks
2026-07-21T11:07:58.705841+02:00 HOST-REDACTED-A kernel: BIOS-provided physical RAM map:
2026-07-21T11:07:58.705844+02:00 HOST-REDACTED-A kernel: BIOS-e820: [mem 0x0000000000000000-0x000000000009ffff] usable
2026-07-21T11:07:58.705851+02:00 HOST-REDACTED-A kernel: BIOS-e820: [mem 0x00000000000a0000-0x00000000000fffff] reserved
2026-07-21T11:07:58.705855+02:00 HOST-REDACTED-A kernel: BIOS-e820: [mem 0x0000000000100000-0x00000000099fefff] usable
2026-07-21T11:07:58.705857+02:00 HOST-REDACTED-A kernel: BIOS-e820: [mem 0x00000000099ff000-0x0000000009ffffff] reserved
2026-07-21T11:07:58.705860+02:00 HOST-REDACTED-A kernel: BIOS-e820: [mem 0x000000000a000000-0x000000000a1fffff] usable
2026-07-21T11:07:58.705863+02:00 HOST-REDACTED-A kernel: BIOS-e820: [mem 0x000000000a200000-0x000000000a21dfff] ACPI NVS
2026-07-21T11:07:58.705866+02:00 HOST-REDACTED-A kernel: BIOS-e820: [mem 0x000000000a21e000-0x000000000affffff] usable
2026-07-21T11:07:58.705869+02:00 HOST-REDACTED-A kernel: BIOS-e820: [mem 0x000000000b000000-0x000000000b020fff] reserved
2026-07-21T11:07:58.705872+02:00 HOST-REDACTED-A kernel: BIOS-e820: [mem 0x000000000b021000-0x000000006998cfff] usable
2026-07-21T11:07:58.705875+02:00 HOST-REDACTED-A kernel: BIOS-e820: [mem 0x000000006998d000-0x000000007013bfff] reserved
2026-07-21T11:07:58.705878+02:00 HOST-REDACTED-A kernel: BIOS-e820: [mem 0x000000007013c000-0x00000000703f2fff] ACPI data
2026-07-21T11:07:58.705881+02:00 HOST-REDACTED-A kernel: BIOS-e820: [mem 0x00000000703f3000-0x00000000723f2fff] ACPI NVS
2026-07-21T11:07:58.705884+02:00 HOST-REDACTED-A kernel: BIOS-e820: [mem 0x00000000723f3000-0x0000000077ffefff] reserved
2026-07-21T11:07:58.705886+02:00 HOST-REDACTED-A kernel: BIOS-e820: [mem 0x0000000077fff000-0x0000000079ff6fff] usable
2026-07-21T11:07:58.705889+02:00 HOST-REDACTED-A kernel: BIOS-e820: [mem 0x0000000079ff7000-0x0000000079ffbfff] reserved
2026-07-21T11:07:58.705892+02:00 HOST-REDACTED-A kernel: BIOS-e820: [mem 0x0000000079ffc000-0x0000000079ffffff] usable
2026-07-21T11:07:58.705895+02:00 HOST-REDACTED-A kernel: BIOS-e820: [mem 0x000000007a000000-0x000000007bffffff] reserved
2026-07-21T11:07:58.705898+02:00 HOST-REDACTED-A kernel: BIOS-e820: [mem 0x000000007d7f3000-0x000000007fffffff] reserved
2026-07-21T11:07:58.705900+02:00 HOST-REDACTED-A kernel: BIOS-e820: [mem 0x00000000e0000000-0x00000000efffffff] reserved
2026-07-21T11:07:58.705903+02:00 HOST-REDACTED-A kernel: BIOS-e820: [mem 0x00000000f7000000-0x00000000ffffffff] reserved
2026-07-21T11:07:58.705906+02:00 HOST-REDACTED-A kernel: BIOS-e820: [mem 0x0000000100000000-0x0000000ffde7ffff] usable
2026-07-21T11:07:58.705909+02:00 HOST-REDACTED-A kernel: BIOS-e820: [mem 0x0000000ffeec0000-0x00000010a01fffff] reserved
2026-07-21T11:07:58.705911+02:00 HOST-REDACTED-A kernel: BIOS-e820: [mem 0x000000fd00000000-0x000000ffffffffff] reserved
2026-07-21T11:07:58.705914+02:00 HOST-REDACTED-A kernel: NX (Execute Disable) protection: active
2026-07-21T11:07:58.705917+02:00 HOST-REDACTED-A kernel: APIC: Static calls initialized
2026-07-21T11:07:58.705919+02:00 HOST-REDACTED-A kernel: efi: EFI v2.9 by American Megatrends
2026-07-21T11:07:58.705922+02:00 HOST-REDACTED-A kernel: efi: ACPI=0x703f2000 ACPI 2.0=0x703f2014 TPMFinalLog=0x723a7000 SMBIOS=0x77464000 SMBIOS 3.0=0x77463000 MEMATTR=0x63c35018 ESRT=0x66077518 INITRD=0x5b98cb18 RNG=0x703d6018 TPMEventLog=0x701bd018 
2026-07-21T11:07:58.705925+02:00 HOST-REDACTED-A kernel: random: crng init done
2026-07-21T11:07:58.705928+02:00 HOST-REDACTED-A kernel: efi: Remove mem57: MMIO range=[0xe0000000-0xefffffff] (256MB) from e820 map
2026-07-21T11:07:58.705931+02:00 HOST-REDACTED-A kernel: e820: remove [mem 0xe0000000-0xefffffff] reserved
2026-07-21T11:07:58.705934+02:00 HOST-REDACTED-A kernel: efi: Remove mem58: MMIO range=[0xf7000000-0xfedfffff] (126MB) from e820 map
2026-07-21T11:07:58.705937+02:00 HOST-REDACTED-A kernel: e820: remove [mem 0xf7000000-0xfedfffff] reserved
2026-07-21T11:07:58.705940+02:00 HOST-REDACTED-A kernel: efi: Not removing mem59: MMIO range=[0xfee00000-0xfee00fff] (4KB) from e820 map
2026-07-21T11:07:58.705943+02:00 HOST-REDACTED-A kernel: efi: Remove mem60: MMIO range=[0xfee01000-0xffffffff] (17MB) from e820 map
2026-07-21T11:07:58.705945+02:00 HOST-REDACTED-A kernel: e820: remove [mem 0xfee01000-0xffffffff] reserved
2026-07-21T11:07:58.705948+02:00 HOST-REDACTED-A kernel: efi: Remove mem62: MMIO range=[0x1080000000-0x10a01fffff] (514MB) from e820 map
2026-07-21T11:07:58.705952+02:00 HOST-REDACTED-A kernel: e820: remove [mem 0x1080000000-0x10a01fffff] reserved
2026-07-21T11:07:58.705955+02:00 HOST-REDACTED-A kernel: SMBIOS 3.6.0 present.
2026-07-21T11:07:58.705958+02:00 HOST-REDACTED-A kernel: DMI: ASUS System Product Name/ROG STRIX X870E-E GAMING WIFI, BIOS 2202 04/09/2026
2026-07-21T11:07:58.705960+02:00 HOST-REDACTED-A kernel: DMI: Memory slots populated: 2/4
2026-07-21T11:07:58.705963+02:00 HOST-REDACTED-A kernel: tsc: Fast TSC calibration using PIT
2026-07-21T11:07:58.705966+02:00 HOST-REDACTED-A kernel: tsc: Detected 4699.989 MHz processor
2026-07-21T11:07:58.705969+02:00 HOST-REDACTED-A kernel: e820: update [mem 0x00000000-0x00000fff] usable ==> reserved
2026-07-21T11:07:58.705972+02:00 HOST-REDACTED-A kernel: e820: remove [mem 0x000a0000-0x000fffff] usable
2026-07-21T11:07:58.705975+02:00 HOST-REDACTED-A kernel: last_pfn = 0xffde80 max_arch_pfn = 0x400000000
2026-07-21T11:07:58.705978+02:00 HOST-REDACTED-A kernel: MTRR map: 5 entries (3 fixed + 2 variable; max 20), built from 9 variable MTRRs
2026-07-21T11:07:58.705982+02:00 HOST-REDACTED-A kernel: x86/PAT: Configuration [0-7]: WB  WC  UC- UC  WB  WP  UC- WT  
2026-07-21T11:07:58.705985+02:00 HOST-REDACTED-A kernel: e820: update [mem 0x80000000-0xffffffff] usable ==> reserved
2026-07-21T11:07:58.705988+02:00 HOST-REDACTED-A kernel: last_pfn = 0x7a000 max_arch_pfn = 0x400000000
2026-07-21T11:07:58.705991+02:00 HOST-REDACTED-A kernel: esrt: Reserving ESRT space from 0x0000000066077518 to 0x0000000066077550.
2026-07-21T11:07:58.705994+02:00 HOST-REDACTED-A kernel: e820: update [mem 0x66077000-0x66077fff] usable ==> reserved
2026-07-21T11:07:58.705997+02:00 HOST-REDACTED-A kernel: Using GB pages for direct mapping
2026-07-21T11:07:58.706000+02:00 HOST-REDACTED-A kernel: printk: log buffer data + meta data: 4194304 + 14680064 = 18874368 bytes
2026-07-21T11:07:58.706004+02:00 HOST-REDACTED-A kernel: printk: early log buf free: 126584(96%)
2026-07-21T11:07:58.706007+02:00 HOST-REDACTED-A kernel: Secure boot disabled
2026-07-21T11:07:58.706010+02:00 HOST-REDACTED-A kernel: RAMDISK: [mem 0x56746000-0x57aacfff]
2026-07-21T11:07:58.706013+02:00 HOST-REDACTED-A kernel: ACPI: Early table checksum verification disabled
2026-07-21T11:07:58.706016+02:00 HOST-REDACTED-A kernel: ACPI: RSDP 0x00000000703F2014 000024 (v02 ALASKA)
2026-07-21T11:07:58.706019+02:00 HOST-REDACTED-A kernel: ACPI: XSDT 0x00000000703F1728 00010C (v01 ALASKA A M I    01072009 AMI  01000013)
2026-07-21T11:07:58.706022+02:00 HOST-REDACTED-A kernel: ACPI: FACP 0x00000000703E6000 000114 (v06 ALASKA A M I    01072009 AMI  00010013)
2026-07-21T11:07:58.706025+02:00 HOST-REDACTED-A kernel: ACPI: DSDT 0x00000000703BC000 016100 (v02 ALASKA A M I    01072009 INTL 20230331)
2026-07-21T11:07:58.706028+02:00 HOST-REDACTED-A kernel: ACPI: FACS 0x00000000723D7000 000040
2026-07-21T11:07:58.706031+02:00 HOST-REDACTED-A kernel: ACPI: SSDT 0x00000000703E8000 008689 (v02 AMD    Splinter 00000002 MSFT 04000000)
2026-07-21T11:07:58.706034+02:00 HOST-REDACTED-A kernel: ACPI: SSDT 0x00000000703E7000 000221 (v02 ALASKA CPUSSDT  01072009 AMI  01072009)
2026-07-21T11:07:58.706037+02:00 HOST-REDACTED-A kernel: ACPI: FIDT 0x00000000703D7000 00009C (v01 ALASKA A M I    01072009 AMI  00010013)
2026-07-21T11:07:58.706040+02:00 HOST-REDACTED-A kernel: ACPI: MCFG 0x00000000703D5000 00003C (v01 ALASKA A M I    01072009 MSFT 00010013)
2026-07-21T11:07:58.706043+02:00 HOST-REDACTED-A kernel: ACPI: HPET 0x00000000703D4000 000038 (v01 ALASKA A M I    01072009 AMI  00000005)
2026-07-21T11:07:58.706046+02:00 HOST-REDACTED-A kernel: ACPI: FPDT 0x00000000703D3000 000044 (v01 ALASKA A M I    01072009 AMI  01000013)
2026-07-21T11:07:58.706049+02:00 HOST-REDACTED-A kernel: ACPI: VFCT 0x00000000703A2000 0194A0 (v01 ALASKA A M I    00000001 AMD  33504F47)
2026-07-21T11:07:58.706052+02:00 HOST-REDACTED-A kernel: ACPI: BGRT 0x00000000703E5000 000038 (v01 ALASKA A M I    01072009 AMI  00010013)
2026-07-21T11:07:58.706055+02:00 HOST-REDACTED-A kernel: ACPI: WPBT 0x00000000703E3000 000070 (v01 ALASKA A M I    00000001 ASUS 00000001)
2026-07-21T11:07:58.706058+02:00 HOST-REDACTED-A kernel: ACPI: SSDT 0x00000000703DE000 004DEE (v02 AMD    AMD CPU  00000001 AMD  00000001)
2026-07-21T11:07:58.706061+02:00 HOST-REDACTED-A kernel: ACPI: SSDT 0x00000000703DD000 000041 (v02 AMD    AppCompD 00000001 INTL 20230331)
2026-07-21T11:07:58.706064+02:00 HOST-REDACTED-A kernel: ACPI: SSDT 0x00000000703DC000 00057F (v02 AMD    ASUSPLDR 00000001 INTL 20230331)
2026-07-21T11:07:58.706068+02:00 HOST-REDACTED-A kernel: ACPI: SSDT 0x00000000701E1000 00C724 (v02 AMD    DISCUSB4 00000002 INTL 20230331)
2026-07-21T11:07:58.706071+02:00 HOST-REDACTED-A kernel: ACPI: SSDT 0x00000000703DA000 0016A6 (v02 AMD    CPMDFIG2 00000001 INTL 20230331)
2026-07-21T11:07:58.706074+02:00 HOST-REDACTED-A kernel: ACPI: SSDT 0x00000000701DE000 002AAE (v02 AMD    CDFAAIG2 00000001 INTL 20230331)
2026-07-21T11:07:58.706077+02:00 HOST-REDACTED-A kernel: ACPI: SSDT 0x00000000703D9000 0008C2 (v02 AMD    CPMDFDG2 00000001 INTL 20230331)
2026-07-21T11:07:58.706080+02:00 HOST-REDACTED-A kernel: ACPI: SSDT 0x00000000701D3000 00A75F (v02 AMD    CPMCMN   00000001 INTL 20230331)
2026-07-21T11:07:58.706083+02:00 HOST-REDACTED-A kernel: ACPI: SSDT 0x00000000701D0000 002ACD (v02 AMD    AOD      00000001 INTL 20230331)
2026-07-21T11:07:58.706086+02:00 HOST-REDACTED-A kernel: ACPI: TPM2 0x00000000703D8000 00004C (v04 ALASKA A M I    00000001 AMI  00000000)
2026-07-21T11:07:58.706089+02:00 HOST-REDACTED-A kernel: ACPI: WSMT 0x00000000701CF000 000028 (v01 ALASKA A M I    01072009 AMI  00010013)
2026-07-21T11:07:58.706092+02:00 HOST-REDACTED-A kernel: ACPI: APIC 0x00000000701CE000 00015E (v06 ALASKA A M I    01072009 AMI  00010013)
2026-07-21T11:07:58.706095+02:00 HOST-REDACTED-A kernel: ACPI: IVRS 0x00000000701CD000 0000C8 (v02 AMD    AmdTable 00000001 AMD  00000001)
2026-07-21T11:07:58.706098+02:00 HOST-REDACTED-A kernel: ACPI: SSDT 0x00000000701CC000 000508 (v02 AMD    MEMTOOL0 00000002 INTL 20230331)
2026-07-21T11:07:58.706101+02:00 HOST-REDACTED-A kernel: ACPI: SSDT 0x00000000701CB000 0009EE (v02 AMD    CPMMSOSC 00000001 INTL 20230331)
2026-07-21T11:07:58.706104+02:00 HOST-REDACTED-A kernel: ACPI: SSDT 0x00000000701CA000 000484 (v02 AMD    AMDWOV   00000001 INTL 20230331)
2026-07-21T11:07:58.706107+02:00 HOST-REDACTED-A kernel: ACPI: SSDT 0x00000000701C9000 000546 (v02 AMD    CPMAPMFD 00000001 INTL 20230331)
2026-07-21T11:07:58.706110+02:00 HOST-REDACTED-A kernel: ACPI: SSDT 0x00000000701C8000 00087A (v02 AMD    AmdTable 00000001 INTL 20230331)
2026-07-21T11:07:58.706113+02:00 HOST-REDACTED-A kernel: ACPI: SSDT 0x00000000701C7000 000BCE (v02 AMD    AmdTable 00000001 INTL 20230331)
2026-07-21T11:07:58.706116+02:00 HOST-REDACTED-A kernel: ACPI: Reserving FACP table memory at [mem 0x703e6000-0x703e6113]
2026-07-21T11:07:58.706119+02:00 HOST-REDACTED-A kernel: ACPI: Reserving DSDT table memory at [mem 0x703bc000-0x703d20ff]
2026-07-21T11:07:58.706122+02:00 HOST-REDACTED-A kernel: ACPI: Reserving FACS table memory at [mem 0x723d7000-0x723d703f]
2026-07-21T11:07:58.706125+02:00 HOST-REDACTED-A kernel: ACPI: Reserving SSDT table memory at [mem 0x703e8000-0x703f0688]
2026-07-21T11:07:58.706128+02:00 HOST-REDACTED-A kernel: ACPI: Reserving SSDT table memory at [mem 0x703e7000-0x703e7220]
2026-07-21T11:07:58.706131+02:00 HOST-REDACTED-A kernel: ACPI: Reserving FIDT table memory at [mem 0x703d7000-0x703d709b]
2026-07-21T11:07:58.706134+02:00 HOST-REDACTED-A kernel: ACPI: Reserving MCFG table memory at [mem 0x703d5000-0x703d503b]
2026-07-21T11:07:58.706137+02:00 HOST-REDACTED-A kernel: ACPI: Reserving HPET table memory at [mem 0x703d4000-0x703d4037]
2026-07-21T11:07:58.706139+02:00 HOST-REDACTED-A kernel: ACPI: Reserving FPDT table memory at [mem 0x703d3000-0x703d3043]
2026-07-21T11:07:58.706142+02:00 HOST-REDACTED-A kernel: ACPI: Reserving VFCT table memory at [mem 0x703a2000-0x703bb49f]
2026-07-21T11:07:58.706145+02:00 HOST-REDACTED-A kernel: ACPI: Reserving BGRT table memory at [mem 0x703e5000-0x703e5037]
2026-07-21T11:07:58.706148+02:00 HOST-REDACTED-A kernel: ACPI: Reserving WPBT table memory at [mem 0x703e3000-0x703e306f]
2026-07-21T11:07:58.706151+02:00 HOST-REDACTED-A kernel: ACPI: Reserving SSDT table memory at [mem 0x703de000-0x703e2ded]
2026-07-21T11:07:58.706154+02:00 HOST-REDACTED-A kernel: ACPI: Reserving SSDT table memory at [mem 0x703dd000-0x703dd040]
2026-07-21T11:07:58.706156+02:00 HOST-REDACTED-A kernel: ACPI: Reserving SSDT table memory at [mem 0x703dc000-0x703dc57e]
2026-07-21T11:07:58.706159+02:00 HOST-REDACTED-A kernel: ACPI: Reserving SSDT table memory at [mem 0x701e1000-0x701ed723]
2026-07-21T11:07:58.706162+02:00 HOST-REDACTED-A kernel: ACPI: Reserving SSDT table memory at [mem 0x703da000-0x703db6a5]
2026-07-21T11:07:58.706165+02:00 HOST-REDACTED-A kernel: ACPI: Reserving SSDT table memory at [mem 0x701de000-0x701e0aad]
2026-07-21T11:07:58.706168+02:00 HOST-REDACTED-A kernel: ACPI: Reserving SSDT table memory at [mem 0x703d9000-0x703d98c1]
2026-07-21T11:07:58.706170+02:00 HOST-REDACTED-A kernel: ACPI: Reserving SSDT table memory at [mem 0x701d3000-0x701dd75e]
2026-07-21T11:07:58.706173+02:00 HOST-REDACTED-A kernel: ACPI: Reserving SSDT table memory at [mem 0x701d0000-0x701d2acc]
2026-07-21T11:07:58.706176+02:00 HOST-REDACTED-A kernel: ACPI: Reserving TPM2 table memory at [mem 0x703d8000-0x703d804b]
2026-07-21T11:07:58.706179+02:00 HOST-REDACTED-A kernel: ACPI: Reserving WSMT table memory at [mem 0x701cf000-0x701cf027]
2026-07-21T11:07:58.706182+02:00 HOST-REDACTED-A kernel: ACPI: Reserving APIC table memory at [mem 0x701ce000-0x701ce15d]
2026-07-21T11:07:58.706186+02:00 HOST-REDACTED-A kernel: ACPI: Reserving IVRS table memory at [mem 0x701cd000-0x701cd0c7]
2026-07-21T11:07:58.706189+02:00 HOST-REDACTED-A kernel: ACPI: Reserving SSDT table memory at [mem 0x701cc000-0x701cc507]
2026-07-21T11:07:58.706192+02:00 HOST-REDACTED-A kernel: ACPI: Reserving SSDT table memory at [mem 0x701cb000-0x701cb9ed]
2026-07-21T11:07:58.706195+02:00 HOST-REDACTED-A kernel: ACPI: Reserving SSDT table memory at [mem 0x701ca000-0x701ca483]
2026-07-21T11:07:58.706197+02:00 HOST-REDACTED-A kernel: ACPI: Reserving SSDT table memory at [mem 0x701c9000-0x701c9545]
2026-07-21T11:07:58.706200+02:00 HOST-REDACTED-A kernel: ACPI: Reserving SSDT table memory at [mem 0x701c8000-0x701c8879]
2026-07-21T11:07:58.706203+02:00 HOST-REDACTED-A kernel: ACPI: Reserving SSDT table memory at [mem 0x701c7000-0x701c7bcd]
2026-07-21T11:07:58.706206+02:00 HOST-REDACTED-A kernel: No NUMA configuration found
2026-07-21T11:07:58.706209+02:00 HOST-REDACTED-A kernel: Faking a node at [mem 0x0000000000000000-0x0000000ffde7ffff]
2026-07-21T11:07:58.706212+02:00 HOST-REDACTED-A kernel: NODE_DATA(0) allocated [mem 0xffcc55280-0xffcc7ffff]
2026-07-21T11:07:58.706215+02:00 HOST-REDACTED-A kernel: Zone ranges:
2026-07-21T11:07:58.706218+02:00 HOST-REDACTED-A kernel:   DMA      [mem 0x0000000000001000-0x0000000000ffffff]
2026-07-21T11:07:58.706221+02:00 HOST-REDACTED-A kernel:   DMA32    [mem 0x0000000001000000-0x00000000ffffffff]
2026-07-21T11:07:58.706224+02:00 HOST-REDACTED-A kernel:   Normal   [mem 0x0000000100000000-0x0000000ffde7ffff]
2026-07-21T11:07:58.706227+02:00 HOST-REDACTED-A kernel:   Device   empty
2026-07-21T11:07:58.706230+02:00 HOST-REDACTED-A kernel: Movable zone start for each node
2026-07-21T11:07:58.706233+02:00 HOST-REDACTED-A kernel: Early memory node ranges
2026-07-21T11:07:58.706236+02:00 HOST-REDACTED-A kernel:   node   0: [mem 0x0000000000001000-0x000000000009ffff]
2026-07-21T11:07:58.706239+02:00 HOST-REDACTED-A kernel:   node   0: [mem 0x0000000000100000-0x00000000099fefff]
2026-07-21T11:07:58.706242+02:00 HOST-REDACTED-A kernel:   node   0: [mem 0x000000000a000000-0x000000000a1fffff]
2026-07-21T11:07:58.706244+02:00 HOST-REDACTED-A kernel:   node   0: [mem 0x000000000a21e000-0x000000000affffff]
2026-07-21T11:07:58.706248+02:00 HOST-REDACTED-A kernel:   node   0: [mem 0x000000000b021000-0x000000006998cfff]
2026-07-21T11:07:58.706250+02:00 HOST-REDACTED-A kernel:   node   0: [mem 0x0000000077fff000-0x0000000079ff6fff]
2026-07-21T11:07:58.706253+02:00 HOST-REDACTED-A kernel:   node   0: [mem 0x0000000079ffc000-0x0000000079ffffff]
2026-07-21T11:07:58.706256+02:00 HOST-REDACTED-A kernel:   node   0: [mem 0x0000000100000000-0x0000000ffde7ffff]
2026-07-21T11:07:58.706259+02:00 HOST-REDACTED-A kernel: Initmem setup node 0 [mem 0x0000000000001000-0x0000000ffde7ffff]
2026-07-21T11:07:58.706262+02:00 HOST-REDACTED-A kernel: On node 0, zone DMA: 1 pages in unavailable ranges
2026-07-21T11:07:58.706265+02:00 HOST-REDACTED-A kernel: On node 0, zone DMA: 96 pages in unavailable ranges
2026-07-21T11:07:58.706268+02:00 HOST-REDACTED-A kernel: On node 0, zone DMA32: 1537 pages in unavailable ranges
2026-07-21T11:07:58.706271+02:00 HOST-REDACTED-A kernel: On node 0, zone DMA32: 30 pages in unavailable ranges
2026-07-21T11:07:58.706274+02:00 HOST-REDACTED-A kernel: On node 0, zone DMA32: 33 pages in unavailable ranges
2026-07-21T11:07:58.706277+02:00 HOST-REDACTED-A kernel: On node 0, zone DMA32: 58994 pages in unavailable ranges
2026-07-21T11:07:58.706280+02:00 HOST-REDACTED-A kernel: On node 0, zone DMA32: 5 pages in unavailable ranges
2026-07-21T11:07:58.706283+02:00 HOST-REDACTED-A kernel: On node 0, zone Normal: 24576 pages in unavailable ranges
2026-07-21T11:07:58.706286+02:00 HOST-REDACTED-A kernel: On node 0, zone Normal: 8576 pages in unavailable ranges
2026-07-21T11:07:58.706289+02:00 HOST-REDACTED-A kernel: ACPI: PM-Timer IO Port: 0x808
2026-07-21T11:07:58.706292+02:00 HOST-REDACTED-A kernel: ACPI: LAPIC_NMI (acpi_id[0xff] high edge lint[0x1])
2026-07-21T11:07:58.706295+02:00 HOST-REDACTED-A kernel: IOAPIC[0]: apic_id 32, version 33, address 0xfec00000, GSI 0-23
2026-07-21T11:07:58.706298+02:00 HOST-REDACTED-A kernel: IOAPIC[1]: apic_id 33, version 33, address 0xfec01000, GSI 24-55
2026-07-21T11:07:58.706301+02:00 HOST-REDACTED-A kernel: ACPI: INT_SRC_OVR (bus 0 bus_irq 0 global_irq 2 dfl dfl)
2026-07-21T11:07:58.706305+02:00 HOST-REDACTED-A kernel: ACPI: INT_SRC_OVR (bus 0 bus_irq 9 global_irq 9 low level)
2026-07-21T11:07:58.706308+02:00 HOST-REDACTED-A kernel: ACPI: Using ACPI (MADT) for SMP configuration information
2026-07-21T11:07:58.706311+02:00 HOST-REDACTED-A kernel: ACPI: HPET id: 0x10228201 base: 0xfed00000
2026-07-21T11:07:58.706314+02:00 HOST-REDACTED-A kernel: e820: update [mem 0x634ac000-0x634f1fff] usable ==> reserved
2026-07-21T11:07:58.706317+02:00 HOST-REDACTED-A kernel: CPU topo: Max. logical packages:   1
2026-07-21T11:07:58.706320+02:00 HOST-REDACTED-A kernel: CPU topo: Max. logical dies:       1
2026-07-21T11:07:58.706323+02:00 HOST-REDACTED-A kernel: CPU topo: Max. dies per package:   1
2026-07-21T11:07:58.706326+02:00 HOST-REDACTED-A kernel: CPU topo: Max. threads per core:   2
2026-07-21T11:07:58.706329+02:00 HOST-REDACTED-A kernel: CPU topo: Num. cores per package:     8
2026-07-21T11:07:58.706332+02:00 HOST-REDACTED-A kernel: CPU topo: Num. threads per package:  16
2026-07-21T11:07:58.706335+02:00 HOST-REDACTED-A kernel: CPU topo: Allowing 16 present CPUs plus 0 hotplug CPUs
2026-07-21T11:07:58.706338+02:00 HOST-REDACTED-A kernel: PM: hibernation: Registered nosave memory: [mem 0x00000000-0x00000fff]
2026-07-21T11:07:58.706341+02:00 HOST-REDACTED-A kernel: PM: hibernation: Registered nosave memory: [mem 0x000a0000-0x000fffff]
2026-07-21T11:07:58.706344+02:00 HOST-REDACTED-A kernel: PM: hibernation: Registered nosave memory: [mem 0x099ff000-0x09ffffff]
2026-07-21T11:07:58.706347+02:00 HOST-REDACTED-A kernel: PM: hibernation: Registered nosave memory: [mem 0x0a200000-0x0a21dfff]
2026-07-21T11:07:58.706350+02:00 HOST-REDACTED-A kernel: PM: hibernation: Registered nosave memory: [mem 0x0b000000-0x0b020fff]
2026-07-21T11:07:58.706353+02:00 HOST-REDACTED-A kernel: PM: hibernation: Registered nosave memory: [mem 0x634ac000-0x634f1fff]
2026-07-21T11:07:58.706356+02:00 HOST-REDACTED-A kernel: PM: hibernation: Registered nosave memory: [mem 0x66077000-0x66077fff]
2026-07-21T11:07:58.706359+02:00 HOST-REDACTED-A kernel: PM: hibernation: Registered nosave memory: [mem 0x6998d000-0x77ffefff]
2026-07-21T11:07:58.706362+02:00 HOST-REDACTED-A kernel: PM: hibernation: Registered nosave memory: [mem 0x79ff7000-0x79ffbfff]
2026-07-21T11:07:58.706365+02:00 HOST-REDACTED-A kernel: PM: hibernation: Registered nosave memory: [mem 0x7a000000-0xffffffff]
2026-07-21T11:07:58.706368+02:00 HOST-REDACTED-A kernel: [mem 0x80000000-0xfedfffff] available for PCI devices
2026-07-21T11:07:58.706371+02:00 HOST-REDACTED-A kernel: clocksource: refined-jiffies: mask: 0xffffffff max_cycles: 0xffffffff, max_idle_ns: 1910969940391419 ns
2026-07-21T11:07:58.706374+02:00 HOST-REDACTED-A kernel: setup_percpu: NR_CPUS:8192 nr_cpumask_bits:16 nr_cpu_ids:16 nr_node_ids:1
2026-07-21T11:07:58.706377+02:00 HOST-REDACTED-A kernel: percpu: Embedded 60 pages/cpu s208896 r8192 d28672 u262144
2026-07-21T11:07:58.706380+02:00 HOST-REDACTED-A kernel: pcpu-alloc: s208896 r8192 d28672 u262144 alloc=1*2097152
2026-07-21T11:07:58.706383+02:00 HOST-REDACTED-A kernel: pcpu-alloc: [0] 00 01 02 03 04 05 06 07 [0] 08 09 10 11 12 13 14 15 
2026-07-21T11:07:58.706387+02:00 HOST-REDACTED-A kernel: Kernel command line: BOOT_IMAGE=/boot/vmlinuz-linux-neptune-616-drm-exec console=tty1 rd.luks=0 rd.lvm=0 rd.md=0 rd.dm=0 rd.systemd.gpt_auto=no log_buf_len=4M amd_iommu=off amdgpu.lockup_timeout=5000,10000,10000,5000 ttm.pages_min=2097152 amdgpu.sched_hw_submission=4 amdgpu.dcdebugmask=0x20000 audit=0 fsck.mode=auto fsck.repair=preen loglevel=3 splash quiet plymouth.ignore-serial-consoles fbcon=vc:4-6 steamos.efi=DISK-ID-REDACTED
2026-07-21T11:07:58.706390+02:00 HOST-REDACTED-A kernel: audit: disabled (until reboot)
2026-07-21T11:07:58.706394+02:00 HOST-REDACTED-A kernel: Unknown kernel command line parameters "splash BOOT_IMAGE=/boot/vmlinuz-linux-neptune-616-drm-exec", will be passed to user space.
2026-07-21T11:07:58.706397+02:00 HOST-REDACTED-A kernel: Dentry cache hash table entries: 8388608 (order: 14, 67108864 bytes, linear)
2026-07-21T11:07:58.706400+02:00 HOST-REDACTED-A kernel: Inode-cache hash table entries: 4194304 (order: 13, 33554432 bytes, linear)
2026-07-21T11:07:58.706403+02:00 HOST-REDACTED-A kernel: software IO TLB: area num 16.
2026-07-21T11:07:58.706406+02:00 HOST-REDACTED-A kernel: Fallback order for Node 0: 0 
2026-07-21T11:07:58.706409+02:00 HOST-REDACTED-A kernel: Built 1 zonelists, mobility grouping on.  Total pages: 16159080
2026-07-21T11:07:58.706411+02:00 HOST-REDACTED-A kernel: Policy zone: Normal
2026-07-21T11:07:58.706415+02:00 HOST-REDACTED-A kernel: mem auto-init: stack:all(zero), heap alloc:on, heap free:off
2026-07-21T11:07:58.706418+02:00 HOST-REDACTED-A kernel: SLUB: HWalign=64, Order=0-3, MinObjects=0, CPUs=16, Nodes=1
2026-07-21T11:07:58.706421+02:00 HOST-REDACTED-A kernel: ftrace: allocating 54471 entries in 216 pages
2026-07-21T11:07:58.706424+02:00 HOST-REDACTED-A kernel: ftrace: allocated 216 pages with 4 groups
2026-07-21T11:07:58.706427+02:00 HOST-REDACTED-A kernel: Dynamic Preempt: full
2026-07-21T11:07:58.706430+02:00 HOST-REDACTED-A kernel: rcu: Preemptible hierarchical RCU implementation.
2026-07-21T11:07:58.706434+02:00 HOST-REDACTED-A kernel: rcu:         RCU restricting CPUs from NR_CPUS=8192 to nr_cpu_ids=16.
2026-07-21T11:07:58.706437+02:00 HOST-REDACTED-A kernel: rcu:         RCU priority boosting: priority 1 delay 500 ms.
2026-07-21T11:07:58.706440+02:00 HOST-REDACTED-A kernel:         Trampoline variant of Tasks RCU enabled.
2026-07-21T11:07:58.706443+02:00 HOST-REDACTED-A kernel:         Rude variant of Tasks RCU enabled.
2026-07-21T11:07:58.706446+02:00 HOST-REDACTED-A kernel:         Tracing variant of Tasks RCU enabled.
2026-07-21T11:07:58.706449+02:00 HOST-REDACTED-A kernel: rcu: RCU calculated value of scheduler-enlistment delay is 100 jiffies.
2026-07-21T11:07:58.706452+02:00 HOST-REDACTED-A kernel: rcu: Adjusting geometry for rcu_fanout_leaf=16, nr_cpu_ids=16
2026-07-21T11:07:58.706455+02:00 HOST-REDACTED-A kernel: RCU Tasks: Setting shift to 4 and lim to 1 rcu_task_cb_adjust=1 rcu_task_cpu_ids=16.
2026-07-21T11:07:58.706458+02:00 HOST-REDACTED-A kernel: RCU Tasks Rude: Setting shift to 4 and lim to 1 rcu_task_cb_adjust=1 rcu_task_cpu_ids=16.
2026-07-21T11:07:58.706461+02:00 HOST-REDACTED-A kernel: RCU Tasks Trace: Setting shift to 4 and lim to 1 rcu_task_cb_adjust=1 rcu_task_cpu_ids=16.
2026-07-21T11:07:58.706464+02:00 HOST-REDACTED-A kernel: NR_IRQS: 524544, nr_irqs: 1096, preallocated irqs: 16
2026-07-21T11:07:58.706467+02:00 HOST-REDACTED-A kernel: rcu: srcu_init: Setting srcu_struct sizes based on contention.
2026-07-21T11:07:58.706470+02:00 HOST-REDACTED-A kernel: kfence: initialized - using 2097152 bytes for 255 objects at 0x(____ptrval____)-0x(____ptrval____)
2026-07-21T11:07:58.706474+02:00 HOST-REDACTED-A kernel: Console: colour dummy device 80x25
2026-07-21T11:07:58.706477+02:00 HOST-REDACTED-A kernel: printk: legacy console [tty1] enabled
2026-07-21T11:07:58.706480+02:00 HOST-REDACTED-A kernel: ACPI: Core revision 20250404
2026-07-21T11:07:58.706483+02:00 HOST-REDACTED-A kernel: clocksource: hpet: mask: 0xffffffff max_cycles: 0xffffffff, max_idle_ns: 133484873504 ns
2026-07-21T11:07:58.706486+02:00 HOST-REDACTED-A kernel: APIC: Switch to symmetric I/O mode setup
2026-07-21T11:07:58.706489+02:00 HOST-REDACTED-A kernel: ..TIMER: vector=0x30 apic1=0 pin1=2 apic2=-1 pin2=-1
2026-07-21T11:07:58.706492+02:00 HOST-REDACTED-A kernel: clocksource: tsc-early: mask: 0xffffffffffffffff max_cycles: 0x43bf61f1c0b, max_idle_ns: 440795249625 ns
2026-07-21T11:07:58.706495+02:00 HOST-REDACTED-A kernel: Calibrating delay loop (skipped), value calculated using timer frequency.. 9399.97 BogoMIPS (lpj=4699989)
2026-07-21T11:07:58.706498+02:00 HOST-REDACTED-A kernel: x86/cpu: User Mode Instruction Prevention (UMIP) activated
2026-07-21T11:07:58.706501+02:00 HOST-REDACTED-A kernel: LVT offset 1 assigned for vector 0xf9
2026-07-21T11:07:58.706504+02:00 HOST-REDACTED-A kernel: LVT offset 2 assigned for vector 0xf4
2026-07-21T11:07:58.706507+02:00 HOST-REDACTED-A kernel: Last level iTLB entries: 4KB 64, 2MB 64, 4MB 32
2026-07-21T11:07:58.706510+02:00 HOST-REDACTED-A kernel: Last level dTLB entries: 4KB 128, 2MB 128, 4MB 64, 1GB 0
2026-07-21T11:07:58.706513+02:00 HOST-REDACTED-A kernel: process: using mwait in idle threads
2026-07-21T11:07:58.706516+02:00 HOST-REDACTED-A kernel: Speculative Store Bypass: Mitigation: Speculative Store Bypass disabled via prctl
2026-07-21T11:07:58.706519+02:00 HOST-REDACTED-A kernel: Spectre V2 : Mitigation: Enhanced / Automatic IBRS
2026-07-21T11:07:58.706522+02:00 HOST-REDACTED-A kernel: Spectre V2 : User space: Mitigation: STIBP always-on protection
2026-07-21T11:07:58.706525+02:00 HOST-REDACTED-A kernel: Speculative Return Stack Overflow: Mitigation: IBPB on VMEXIT only
2026-07-21T11:07:58.706528+02:00 HOST-REDACTED-A kernel: VMSCAPE: Mitigation: IBPB on VMEXIT
2026-07-21T11:07:58.706531+02:00 HOST-REDACTED-A kernel: Spectre V1 : Mitigation: usercopy/swapgs barriers and __user pointer sanitization
2026-07-21T11:07:58.706534+02:00 HOST-REDACTED-A kernel: Spectre V2 : mitigation: Enabling conditional Indirect Branch Prediction Barrier
2026-07-21T11:07:58.706537+02:00 HOST-REDACTED-A kernel: x86/fpu: Supporting XSAVE feature 0x001: 'x87 floating point registers'
2026-07-21T11:07:58.706540+02:00 HOST-REDACTED-A kernel: x86/fpu: Supporting XSAVE feature 0x002: 'SSE registers'
2026-07-21T11:07:58.706543+02:00 HOST-REDACTED-A kernel: x86/fpu: Supporting XSAVE feature 0x004: 'AVX registers'
2026-07-21T11:07:58.706545+02:00 HOST-REDACTED-A kernel: x86/fpu: Supporting XSAVE feature 0x020: 'AVX-512 opmask'
2026-07-21T11:07:58.706548+02:00 HOST-REDACTED-A kernel: x86/fpu: Supporting XSAVE feature 0x040: 'AVX-512 Hi256'
2026-07-21T11:07:58.706551+02:00 HOST-REDACTED-A kernel: x86/fpu: Supporting XSAVE feature 0x080: 'AVX-512 ZMM_Hi256'
2026-07-21T11:07:58.706554+02:00 HOST-REDACTED-A kernel: x86/fpu: Supporting XSAVE feature 0x200: 'Protection Keys User registers'
2026-07-21T11:07:58.706557+02:00 HOST-REDACTED-A kernel: x86/fpu: Supporting XSAVE feature 0x800: 'Control-flow User registers'
2026-07-21T11:07:58.706561+02:00 HOST-REDACTED-A kernel: x86/fpu: xstate_offset[2]:  576, xstate_sizes[2]:  256
2026-07-21T11:07:58.706563+02:00 HOST-REDACTED-A kernel: x86/fpu: xstate_offset[5]:  832, xstate_sizes[5]:   64
2026-07-21T11:07:58.706566+02:00 HOST-REDACTED-A kernel: x86/fpu: xstate_offset[6]:  896, xstate_sizes[6]:  512
2026-07-21T11:07:58.706569+02:00 HOST-REDACTED-A kernel: x86/fpu: xstate_offset[7]: 1408, xstate_sizes[7]: 1024
2026-07-21T11:07:58.706572+02:00 HOST-REDACTED-A kernel: x86/fpu: xstate_offset[9]: 2432, xstate_sizes[9]:    8
2026-07-21T11:07:58.706575+02:00 HOST-REDACTED-A kernel: x86/fpu: xstate_offset[11]: 2440, xstate_sizes[11]:   16
2026-07-21T11:07:58.706578+02:00 HOST-REDACTED-A kernel: x86/fpu: Enabled xstate features 0xae7, context size is 2456 bytes, using 'compacted' format.
2026-07-21T11:07:58.706581+02:00 HOST-REDACTED-A kernel: Freeing SMP alternatives memory: 52K
2026-07-21T11:07:58.706584+02:00 HOST-REDACTED-A kernel: pid_max: default: 32768 minimum: 301
2026-07-21T11:07:58.706587+02:00 HOST-REDACTED-A kernel: LSM: initializing lsm=capability,landlock,lockdown,yama,bpf
2026-07-21T11:07:58.706590+02:00 HOST-REDACTED-A kernel: landlock: Up and running.
2026-07-21T11:07:58.706593+02:00 HOST-REDACTED-A kernel: Yama: becoming mindful.
2026-07-21T11:07:58.706596+02:00 HOST-REDACTED-A kernel: LSM support for eBPF active
2026-07-21T11:07:58.706599+02:00 HOST-REDACTED-A kernel: Mount-cache hash table entries: 131072 (order: 8, 1048576 bytes, linear)
2026-07-21T11:07:58.706602+02:00 HOST-REDACTED-A kernel: Mountpoint-cache hash table entries: 131072 (order: 8, 1048576 bytes, linear)
2026-07-21T11:07:58.706605+02:00 HOST-REDACTED-A kernel: smpboot: CPU0: AMD Ryzen 7 9800X3D 8-Core Processor (family: 0x1a, model: 0x44, stepping: 0x0)
2026-07-21T11:07:58.706608+02:00 HOST-REDACTED-A kernel: Performance Events: Fam17h+ 16-deep LBR, core perfctr, AMD PMU driver.
2026-07-21T11:07:58.706611+02:00 HOST-REDACTED-A kernel: ... version:                2
2026-07-21T11:07:58.706615+02:00 HOST-REDACTED-A kernel: ... bit width:              48
2026-07-21T11:07:58.706617+02:00 HOST-REDACTED-A kernel: ... generic registers:      6
2026-07-21T11:07:58.706620+02:00 HOST-REDACTED-A kernel: ... value mask:             0000ffffffffffff
2026-07-21T11:07:58.706623+02:00 HOST-REDACTED-A kernel: ... max period:             00007fffffffffff
2026-07-21T11:07:58.706626+02:00 HOST-REDACTED-A kernel: ... fixed-purpose events:   0
2026-07-21T11:07:58.706629+02:00 HOST-REDACTED-A kernel: ... event mask:             000000000000003f
2026-07-21T11:07:58.706632+02:00 HOST-REDACTED-A kernel: signal: max sigframe size: 3376
2026-07-21T11:07:58.706635+02:00 HOST-REDACTED-A kernel: rcu: Hierarchical SRCU implementation.
2026-07-21T11:07:58.706638+02:00 HOST-REDACTED-A kernel: rcu:         Max phase no-delay instances is 400.
2026-07-21T11:07:58.706640+02:00 HOST-REDACTED-A kernel: Timer migration: 2 hierarchy levels; 8 children per group; 2 crossnode level
2026-07-21T11:07:58.706643+02:00 HOST-REDACTED-A kernel: MCE: In-kernel MCE decoding enabled.
2026-07-21T11:07:58.706646+02:00 HOST-REDACTED-A kernel: NMI watchdog: Enabled. Permanently consumes one hw-PMU counter.
2026-07-21T11:07:58.706649+02:00 HOST-REDACTED-A kernel: smp: Bringing up secondary CPUs ...
2026-07-21T11:07:58.706652+02:00 HOST-REDACTED-A kernel: smpboot: x86: Booting SMP configuration:
2026-07-21T11:07:58.706654+02:00 HOST-REDACTED-A kernel: .... node  #0, CPUs:        #1  #2  #3  #4  #5  #6  #7  #8  #9 #10 #11 #12 #13 #14 #15
2026-07-21T11:07:58.706657+02:00 HOST-REDACTED-A kernel: Spectre V2 : Update user space SMT mitigation: STIBP always-on
2026-07-21T11:07:58.706660+02:00 HOST-REDACTED-A kernel: smp: Brought up 1 node, 16 CPUs
2026-07-21T11:07:58.706663+02:00 HOST-REDACTED-A kernel: smpboot: Total of 16 processors activated (150399.64 BogoMIPS)
2026-07-21T11:07:58.706666+02:00 HOST-REDACTED-A kernel: Memory: 63335260K/64636320K available (19398K kernel code, 2880K rwdata, 15504K rodata, 4272K init, 5592K bss, 1281828K reserved, 0K cma-reserved)
2026-07-21T11:07:58.706669+02:00 HOST-REDACTED-A kernel: devtmpfs: initialized
2026-07-21T11:07:58.706672+02:00 HOST-REDACTED-A kernel: x86/mm: Memory block size: 128MB
2026-07-21T11:07:58.706675+02:00 HOST-REDACTED-A kernel: ACPI: PM: Registering ACPI NVS region [mem 0x0a200000-0x0a21dfff] (122880 bytes)
2026-07-21T11:07:58.706679+02:00 HOST-REDACTED-A kernel: ACPI: PM: Registering ACPI NVS region [mem 0x703f3000-0x723f2fff] (33554432 bytes)
2026-07-21T11:07:58.706681+02:00 HOST-REDACTED-A kernel: clocksource: jiffies: mask: 0xffffffff max_cycles: 0xffffffff, max_idle_ns: 1911260446275000 ns
2026-07-21T11:07:58.706684+02:00 HOST-REDACTED-A kernel: posixtimers hash table entries: 8192 (order: 5, 131072 bytes, linear)
2026-07-21T11:07:58.706687+02:00 HOST-REDACTED-A kernel: futex hash table entries: 4096 (262144 bytes on 1 NUMA nodes, total 256 KiB, linear).
2026-07-21T11:07:58.706690+02:00 HOST-REDACTED-A kernel: pinctrl core: initialized pinctrl subsystem
2026-07-21T11:07:58.706692+02:00 HOST-REDACTED-A kernel: PM: RTC time: 09:07:53, date: 2026-07-21
2026-07-21T11:07:58.706695+02:00 HOST-REDACTED-A kernel: NET: Registered PF_NETLINK/PF_ROUTE protocol family
2026-07-21T11:07:58.706698+02:00 HOST-REDACTED-A kernel: DMA: preallocated 4096 KiB GFP_KERNEL pool for atomic allocations
2026-07-21T11:07:58.706701+02:00 HOST-REDACTED-A kernel: DMA: preallocated 4096 KiB GFP_KERNEL|GFP_DMA pool for atomic allocations
2026-07-21T11:07:58.706704+02:00 HOST-REDACTED-A kernel: DMA: preallocated 4096 KiB GFP_KERNEL|GFP_DMA32 pool for atomic allocations
2026-07-21T11:07:58.706707+02:00 HOST-REDACTED-A kernel: thermal_sys: Registered thermal governor 'fair_share'
2026-07-21T11:07:58.706711+02:00 HOST-REDACTED-A kernel: thermal_sys: Registered thermal governor 'bang_bang'
2026-07-21T11:07:58.706714+02:00 HOST-REDACTED-A kernel: thermal_sys: Registered thermal governor 'step_wise'
2026-07-21T11:07:58.706717+02:00 HOST-REDACTED-A kernel: thermal_sys: Registered thermal governor 'user_space'
2026-07-21T11:07:58.706720+02:00 HOST-REDACTED-A kernel: thermal_sys: Registered thermal governor 'power_allocator'
2026-07-21T11:07:58.706722+02:00 HOST-REDACTED-A kernel: cpuidle: using governor ladder
2026-07-21T11:07:58.706725+02:00 HOST-REDACTED-A kernel: cpuidle: using governor menu
2026-07-21T11:07:58.706728+02:00 HOST-REDACTED-A kernel: acpiphp: ACPI Hot Plug PCI Controller Driver version: 0.5
2026-07-21T11:07:58.706731+02:00 HOST-REDACTED-A kernel: PCI: ECAM [mem 0xe0000000-0xefffffff] (base 0xe0000000) for domain 0000 [bus 00-ff]
2026-07-21T11:07:58.706734+02:00 HOST-REDACTED-A kernel: PCI: Using configuration type 1 for base access
2026-07-21T11:07:58.706737+02:00 HOST-REDACTED-A kernel: kprobes: kprobe jump-optimization is enabled. All kprobes are optimized if possible.
2026-07-21T11:07:58.706741+02:00 HOST-REDACTED-A kernel: HugeTLB: allocation took 0ms with hugepage_allocation_threads=4
2026-07-21T11:07:58.706744+02:00 HOST-REDACTED-A kernel: HugeTLB: registered 1.00 GiB page size, pre-allocated 0 pages
2026-07-21T11:07:58.706747+02:00 HOST-REDACTED-A kernel: HugeTLB: 16380 KiB vmemmap can be freed for a 1.00 GiB page
2026-07-21T11:07:58.706749+02:00 HOST-REDACTED-A kernel: HugeTLB: registered 2.00 MiB page size, pre-allocated 0 pages
2026-07-21T11:07:58.706752+02:00 HOST-REDACTED-A kernel: HugeTLB: 28 KiB vmemmap can be freed for a 2.00 MiB page
2026-07-21T11:07:58.706755+02:00 HOST-REDACTED-A kernel: raid6: skipped pq benchmark and selected avx512x4
2026-07-21T11:07:58.706758+02:00 HOST-REDACTED-A kernel: raid6: using avx512x2 recovery algorithm
2026-07-21T11:07:58.706760+02:00 HOST-REDACTED-A kernel: ACPI: Added _OSI(Module Device)
2026-07-21T11:07:58.706763+02:00 HOST-REDACTED-A kernel: ACPI: Added _OSI(Processor Device)
2026-07-21T11:07:58.706766+02:00 HOST-REDACTED-A kernel: ACPI: Added _OSI(Processor Aggregator Device)
2026-07-21T11:07:58.706769+02:00 HOST-REDACTED-A kernel: ACPI: 18 ACPI AML tables successfully acquired and loaded
2026-07-21T11:07:58.706773+02:00 HOST-REDACTED-A kernel: ACPI: USB4 _OSC: OS supports USB3+ DisplayPort+ PCIe+ XDomain+
2026-07-21T11:07:58.706776+02:00 HOST-REDACTED-A kernel: ACPI: USB4 _OSC: OS controls USB3+ DisplayPort+ PCIe+ XDomain+
2026-07-21T11:07:58.706779+02:00 HOST-REDACTED-A kernel: ACPI: EC: EC started
2026-07-21T11:07:58.706782+02:00 HOST-REDACTED-A kernel: ACPI: EC: interrupt blocked
2026-07-21T11:07:58.706785+02:00 HOST-REDACTED-A kernel: ACPI: EC: EC_CMD/EC_SC=0x66, EC_DATA=0x62
2026-07-21T11:07:58.706788+02:00 HOST-REDACTED-A kernel: ACPI: \_SB_.PCI0.SBRG.EC0_: Boot DSDT EC used to handle transactions
2026-07-21T11:07:58.706791+02:00 HOST-REDACTED-A kernel: ACPI: Interpreter enabled
2026-07-21T11:07:58.706794+02:00 HOST-REDACTED-A kernel: ACPI: PM: (supports S0 S3 S4 S5)
2026-07-21T11:07:58.706797+02:00 HOST-REDACTED-A kernel: ACPI: Using IOAPIC for interrupt routing
2026-07-21T11:07:58.706800+02:00 HOST-REDACTED-A kernel: PCI: Using host bridge windows from ACPI; if necessary, use "pci=nocrs" and report a bug
2026-07-21T11:07:58.706803+02:00 HOST-REDACTED-A kernel: PCI: Ignoring E820 reservations for host bridge windows
2026-07-21T11:07:58.706806+02:00 HOST-REDACTED-A kernel: ACPI: Enabled 9 GPEs in block 00 to 1F
2026-07-21T11:07:58.706809+02:00 HOST-REDACTED-A kernel: ACPI: \_SB_.PCI0.GPP0.M237: New power resource
2026-07-21T11:07:58.706812+02:00 HOST-REDACTED-A kernel: ACPI: \_SB_.PCI0.GPP0.SWUS.M237: New power resource
2026-07-21T11:07:58.706815+02:00 HOST-REDACTED-A kernel: ACPI: \_SB_.PCI0.GPP0.SWUS.SWDS.M237: New power resource
2026-07-21T11:07:58.706818+02:00 HOST-REDACTED-A kernel: ACPI: \_SB_.PCI0.GPP8.PWRS: New power resource
2026-07-21T11:07:58.706821+02:00 HOST-REDACTED-A kernel: ACPI: \_SB_.PCI0.GPP8.U4UP.PWRS: New power resource
2026-07-21T11:07:58.706824+02:00 HOST-REDACTED-A kernel: ACPI: \_SB_.PCI0.GPP8.U4UP.U4P0.PWRS: New power resource
2026-07-21T11:07:58.706827+02:00 HOST-REDACTED-A kernel: ACPI: \_SB_.PCI0.GPP8.U4UP.U4P0.UP0D.PWRS: New power resource
2026-07-21T11:07:58.706830+02:00 HOST-REDACTED-A kernel: ACPI: \_SB_.PCI0.GPP8.U4UP.U4P1.PWRS: New power resource
2026-07-21T11:07:58.706833+02:00 HOST-REDACTED-A kernel: ACPI: \_SB_.PCI0.GPP8.U4UP.U4P1.UP1D.PWRS: New power resource
2026-07-21T11:07:58.706836+02:00 HOST-REDACTED-A kernel: ACPI: \_SB_.PCI0.GPP8.U4UP.U4P2.PWRS: New power resource
2026-07-21T11:07:58.706843+02:00 HOST-REDACTED-A kernel: ACPI: \_SB_.PCI0.GPP8.U4UP.U4P2.UXHC.PWRS: New power resource
2026-07-21T11:07:58.706847+02:00 HOST-REDACTED-A kernel: ACPI: \_SB_.PCI0.GPP8.U4UP.U4P3.PWRS: New power resource
2026-07-21T11:07:58.706852+02:00 HOST-REDACTED-A kernel: ACPI: \_SB_.PCI0.GPP8.U4UP.U4P3.UHI0.PWRS: New power resource
2026-07-21T11:07:58.706856+02:00 HOST-REDACTED-A kernel: ACPI: \_SB_.PRWB: New power resource
2026-07-21T11:07:58.706860+02:00 HOST-REDACTED-A kernel: ACPI: PCI Root Bridge [PCI0] (domain 0000 [bus 00-ff])
2026-07-21T11:07:58.706925+02:00 HOST-REDACTED-A kernel: acpi PNP0A08:00: _OSC: OS supports [ExtendedConfig ASPM ClockPM Segments MSI EDR HPX-Type3]
2026-07-21T11:07:58.706962+02:00 HOST-REDACTED-A kernel: acpi PNP0A08:00: _OSC: OS now controls [PCIeHotplug SHPCHotplug PME AER PCIeCapability LTR DPC]
2026-07-21T11:07:58.706966+02:00 HOST-REDACTED-A kernel: PCI host bridge to bus 0000:00
2026-07-21T11:07:58.707000+02:00 HOST-REDACTED-A kernel: pci_bus 0000:00: root bus resource [io  0x0000-0x03af window]
2026-07-21T11:07:58.707030+02:00 HOST-REDACTED-A kernel: pci_bus 0000:00: root bus resource [io  0x03e0-0x0cf7 window]
2026-07-21T11:07:58.707059+02:00 HOST-REDACTED-A kernel: pci_bus 0000:00: root bus resource [io  0x03b0-0x03df window]
2026-07-21T11:07:58.707088+02:00 HOST-REDACTED-A kernel: pci_bus 0000:00: root bus resource [io  0x0d00-0xffff window]
2026-07-21T11:07:58.707118+02:00 HOST-REDACTED-A kernel: pci_bus 0000:00: root bus resource [mem 0x000a0000-0x000dffff window]
2026-07-21T11:07:58.707147+02:00 HOST-REDACTED-A kernel: pci_bus 0000:00: root bus resource [mem 0xf2000000-0xf6ffffff window]
2026-07-21T11:07:58.707176+02:00 HOST-REDACTED-A kernel: pci_bus 0000:00: root bus resource [mem 0xf0000000-0xf1ffffff window]
2026-07-21T11:07:58.707205+02:00 HOST-REDACTED-A kernel: pci_bus 0000:00: root bus resource [mem 0x80000000-0xdfffffff window]
2026-07-21T11:07:58.707236+02:00 HOST-REDACTED-A kernel: pci_bus 0000:00: root bus resource [mem 0x1080000000-0xfcffffffff window]
2026-07-21T11:07:58.707264+02:00 HOST-REDACTED-A kernel: pci_bus 0000:00: root bus resource [bus 00-ff]
2026-07-21T11:07:58.707301+02:00 HOST-REDACTED-A kernel: pci 0000:00:00.0: [1022:14d8] type 00 class 0x060000 conventional PCI endpoint
2026-07-21T11:07:58.707337+02:00 HOST-REDACTED-A kernel: pci 0000:00:00.2: [1022:14d9] type 00 class 0x080600 conventional PCI endpoint
2026-07-21T11:07:58.707372+02:00 HOST-REDACTED-A kernel: pci 0000:00:01.0: [1022:14da] type 00 class 0x060000 conventional PCI endpoint
2026-07-21T11:07:58.707405+02:00 HOST-REDACTED-A kernel: pci 0000:00:01.1: [1022:14db] type 01 class 0x060400 PCIe Root Port
2026-07-21T11:07:58.707439+02:00 HOST-REDACTED-A kernel: pci 0000:00:01.1: PCI bridge to [bus 01-03]
2026-07-21T11:07:58.707472+02:00 HOST-REDACTED-A kernel: pci 0000:00:01.1:   bridge window [io  0xf000-0xffff]
2026-07-21T11:07:58.707509+02:00 HOST-REDACTED-A kernel: pci 0000:00:01.1:   bridge window [mem 0xdde00000-0xddffffff]
2026-07-21T11:07:58.707544+02:00 HOST-REDACTED-A kernel: pci 0000:00:01.1:   bridge window [mem 0xf800000000-0xfc0fffffff 64bit pref]
2026-07-21T11:07:58.707581+02:00 HOST-REDACTED-A kernel: pci 0000:00:01.1: PME# supported from D0 D3hot D3cold
2026-07-21T11:07:58.707624+02:00 HOST-REDACTED-A kernel: pci 0000:00:01.2: [1022:14db] type 01 class 0x060400 PCIe Root Port
2026-07-21T11:07:58.707659+02:00 HOST-REDACTED-A kernel: pci 0000:00:01.2: PCI bridge to [bus 04]
2026-07-21T11:07:58.707693+02:00 HOST-REDACTED-A kernel: pci 0000:00:01.2:   bridge window [mem 0xde100000-0xde1fffff]
2026-07-21T11:07:58.707725+02:00 HOST-REDACTED-A kernel: pci 0000:00:01.2: PME# supported from D0 D3hot D3cold
2026-07-21T11:07:58.707758+02:00 HOST-REDACTED-A kernel: pci 0000:00:02.0: [1022:14da] type 00 class 0x060000 conventional PCI endpoint
2026-07-21T11:07:58.707791+02:00 HOST-REDACTED-A kernel: pci 0000:00:02.1: [1022:14db] type 01 class 0x060400 PCIe Root Port
2026-07-21T11:07:58.707827+02:00 HOST-REDACTED-A kernel: pci 0000:00:02.1: PCI bridge to [bus 05-12]
2026-07-21T11:07:58.707863+02:00 HOST-REDACTED-A kernel: pci 0000:00:02.1:   bridge window [io  0xe000-0xefff]
2026-07-21T11:07:58.707894+02:00 HOST-REDACTED-A kernel: pci 0000:00:02.1:   bridge window [mem 0xdca00000-0xdd6fffff]
2026-07-21T11:07:58.707926+02:00 HOST-REDACTED-A kernel: pci 0000:00:02.1:   bridge window [mem 0xfc30000000-0xfc307fffff 64bit pref]
2026-07-21T11:07:58.707957+02:00 HOST-REDACTED-A kernel: pci 0000:00:02.1: PME# supported from D0 D3hot D3cold
2026-07-21T11:07:58.707991+02:00 HOST-REDACTED-A kernel: pci 0000:00:02.2: [1022:14db] type 01 class 0x060400 PCIe Root Port
2026-07-21T11:07:58.708023+02:00 HOST-REDACTED-A kernel: pci 0000:00:02.2: PCI bridge to [bus 13-7a]
2026-07-21T11:07:58.708057+02:00 HOST-REDACTED-A kernel: pci 0000:00:02.2:   bridge window [io  0x7000-0xcfff]
2026-07-21T11:07:58.708091+02:00 HOST-REDACTED-A kernel: pci 0000:00:02.2:   bridge window [mem 0xac000000-0xdc7fffff]
2026-07-21T11:07:58.708124+02:00 HOST-REDACTED-A kernel: pci 0000:00:02.2:   bridge window [mem 0xb800000000-0xf7ffffffff 64bit pref]
2026-07-21T11:07:58.708156+02:00 HOST-REDACTED-A kernel: pci 0000:00:02.2: PME# supported from D0 D3hot D3cold
2026-07-21T11:07:58.708189+02:00 HOST-REDACTED-A kernel: pci 0000:00:03.0: [1022:14da] type 00 class 0x060000 conventional PCI endpoint
2026-07-21T11:07:58.708222+02:00 HOST-REDACTED-A kernel: pci 0000:00:04.0: [1022:14da] type 00 class 0x060000 conventional PCI endpoint
2026-07-21T11:07:58.708255+02:00 HOST-REDACTED-A kernel: pci 0000:00:08.0: [1022:14da] type 00 class 0x060000 conventional PCI endpoint
2026-07-21T11:07:58.708288+02:00 HOST-REDACTED-A kernel: pci 0000:00:08.1: [1022:14dd] type 01 class 0x060400 PCIe Root Port
2026-07-21T11:07:58.708321+02:00 HOST-REDACTED-A kernel: pci 0000:00:08.1: PCI bridge to [bus 7b]
2026-07-21T11:07:58.708353+02:00 HOST-REDACTED-A kernel: pci 0000:00:08.1:   bridge window [io  0xd000-0xdfff]
2026-07-21T11:07:58.708385+02:00 HOST-REDACTED-A kernel: pci 0000:00:08.1:   bridge window [mem 0xdd800000-0xdddfffff]
2026-07-21T11:07:58.708417+02:00 HOST-REDACTED-A kernel: pci 0000:00:08.1:   bridge window [mem 0xfc20000000-0xfc2fffffff 64bit pref]
2026-07-21T11:07:58.708449+02:00 HOST-REDACTED-A kernel: pci 0000:00:08.1: enabling Extended Tags
2026-07-21T11:07:58.708480+02:00 HOST-REDACTED-A kernel: pci 0000:00:08.1: PME# supported from D0 D3hot D3cold
2026-07-21T11:07:58.708512+02:00 HOST-REDACTED-A kernel: pci 0000:00:08.3: [1022:14dd] type 01 class 0x060400 PCIe Root Port
2026-07-21T11:07:58.708544+02:00 HOST-REDACTED-A kernel: pci 0000:00:08.3: PCI bridge to [bus 7c]
2026-07-21T11:07:58.708575+02:00 HOST-REDACTED-A kernel: pci 0000:00:08.3:   bridge window [mem 0xde000000-0xde0fffff]
2026-07-21T11:07:58.708607+02:00 HOST-REDACTED-A kernel: pci 0000:00:08.3: enabling Extended Tags
2026-07-21T11:07:58.708638+02:00 HOST-REDACTED-A kernel: pci 0000:00:08.3: PME# supported from D0 D3hot D3cold
2026-07-21T11:07:58.708669+02:00 HOST-REDACTED-A kernel: pci 0000:00:14.0: [1022:790b] type 00 class 0x0c0500 conventional PCI endpoint
2026-07-21T11:07:58.708704+02:00 HOST-REDACTED-A kernel: pci 0000:00:14.3: [1022:790e] type 00 class 0x060100 conventional PCI endpoint
2026-07-21T11:07:58.708737+02:00 HOST-REDACTED-A kernel: pci 0000:00:18.0: [1022:14e0] type 00 class 0x060000 conventional PCI endpoint
2026-07-21T11:07:58.708768+02:00 HOST-REDACTED-A kernel: pci 0000:00:18.1: [1022:14e1] type 00 class 0x060000 conventional PCI endpoint
2026-07-21T11:07:58.708801+02:00 HOST-REDACTED-A kernel: pci 0000:00:18.2: [1022:14e2] type 00 class 0x060000 conventional PCI endpoint
2026-07-21T11:07:58.708833+02:00 HOST-REDACTED-A kernel: pci 0000:00:18.3: [1022:14e3] type 00 class 0x060000 conventional PCI endpoint
2026-07-21T11:07:58.708868+02:00 HOST-REDACTED-A kernel: pci 0000:00:18.4: [1022:14e4] type 00 class 0x060000 conventional PCI endpoint
2026-07-21T11:07:58.708900+02:00 HOST-REDACTED-A kernel: pci 0000:00:18.5: [1022:14e5] type 00 class 0x060000 conventional PCI endpoint
2026-07-21T11:07:58.708932+02:00 HOST-REDACTED-A kernel: pci 0000:00:18.6: [1022:14e6] type 00 class 0x060000 conventional PCI endpoint
2026-07-21T11:07:58.708964+02:00 HOST-REDACTED-A kernel: pci 0000:00:18.7: [1022:14e7] type 00 class 0x060000 conventional PCI endpoint
2026-07-21T11:07:58.708998+02:00 HOST-REDACTED-A kernel: pci 0000:01:00.0: [1002:1478] type 01 class 0x060400 PCIe Switch Upstream Port
2026-07-21T11:07:58.709033+02:00 HOST-REDACTED-A kernel: pci 0000:01:00.0: BAR 0 [mem 0xddf00000-0xddf03fff]
2026-07-21T11:07:58.709067+02:00 HOST-REDACTED-A kernel: pci 0000:01:00.0: PCI bridge to [bus 02-03]
2026-07-21T11:07:58.709100+02:00 HOST-REDACTED-A kernel: pci 0000:01:00.0:   bridge window [io  0xf000-0xffff]
2026-07-21T11:07:58.709133+02:00 HOST-REDACTED-A kernel: pci 0000:01:00.0:   bridge window [mem 0xdde00000-0xddefffff]
2026-07-21T11:07:58.709166+02:00 HOST-REDACTED-A kernel: pci 0000:01:00.0:   bridge window [mem 0xf800000000-0xfc0fffffff 64bit pref]
2026-07-21T11:07:58.709199+02:00 HOST-REDACTED-A kernel: pci 0000:01:00.0: PME# supported from D0 D3hot D3cold
2026-07-21T11:07:58.709231+02:00 HOST-REDACTED-A kernel: pci 0000:00:01.1: PCI bridge to [bus 01-03]
2026-07-21T11:07:58.709264+02:00 HOST-REDACTED-A kernel: pci 0000:02:00.0: [1002:1479] type 01 class 0x060400 PCIe Switch Downstream Port
2026-07-21T11:07:58.709298+02:00 HOST-REDACTED-A kernel: pci 0000:02:00.0: PCI bridge to [bus 03]
2026-07-21T11:07:58.709332+02:00 HOST-REDACTED-A kernel: pci 0000:02:00.0:   bridge window [io  0xf000-0xffff]
2026-07-21T11:07:58.709366+02:00 HOST-REDACTED-A kernel: pci 0000:02:00.0:   bridge window [mem 0xdde00000-0xddefffff]
2026-07-21T11:07:58.709399+02:00 HOST-REDACTED-A kernel: pci 0000:02:00.0:   bridge window [mem 0xf800000000-0xfc0fffffff 64bit pref]
2026-07-21T11:07:58.709433+02:00 HOST-REDACTED-A kernel: pci 0000:02:00.0: PME# supported from D0 D3hot D3cold
2026-07-21T11:07:58.709466+02:00 HOST-REDACTED-A kernel: pci 0000:01:00.0: PCI bridge to [bus 02-03]
2026-07-21T11:07:58.709502+02:00 HOST-REDACTED-A kernel: pci 0000:03:00.0: [1002:7550] type 00 class 0x030000 PCIe Legacy Endpoint
2026-07-21T11:07:58.709536+02:00 HOST-REDACTED-A kernel: pci 0000:03:00.0: BAR 0 [mem 0xf800000000-0xfbffffffff 64bit pref]
2026-07-21T11:07:58.709577+02:00 HOST-REDACTED-A kernel: pci 0000:03:00.0: BAR 2 [mem 0xfc00000000-0xfc0fffffff 64bit pref]
2026-07-21T11:07:58.709616+02:00 HOST-REDACTED-A kernel: pci 0000:03:00.0: BAR 4 [io  0xf000-0xf0ff]
2026-07-21T11:07:58.709653+02:00 HOST-REDACTED-A kernel: pci 0000:03:00.0: BAR 5 [mem 0xdde00000-0xdde7ffff]
2026-07-21T11:07:58.709688+02:00 HOST-REDACTED-A kernel: pci 0000:03:00.0: ROM [mem 0xdde80000-0xdde9ffff pref]
2026-07-21T11:07:58.709729+02:00 HOST-REDACTED-A kernel: pci 0000:03:00.0: PME# supported from D1 D2 D3hot D3cold
2026-07-21T11:07:58.709774+02:00 HOST-REDACTED-A kernel: pci 0000:03:00.1: [1002:ab40] type 00 class 0x040300 PCIe Legacy Endpoint
2026-07-21T11:07:58.709813+02:00 HOST-REDACTED-A kernel: pci 0000:03:00.1: BAR 0 [mem 0xddea0000-0xddea3fff]
2026-07-21T11:07:58.709852+02:00 HOST-REDACTED-A kernel: pci 0000:03:00.1: PME# supported from D1 D2 D3hot D3cold
2026-07-21T11:07:58.709886+02:00 HOST-REDACTED-A kernel: pci 0000:02:00.0: PCI bridge to [bus 03]
2026-07-21T11:07:58.709920+02:00 HOST-REDACTED-A kernel: pci 0000:04:00.0: [144d:a810] type 00 class 0x010802 PCIe Endpoint
2026-07-21T11:07:58.709954+02:00 HOST-REDACTED-A kernel: pci 0000:04:00.0: BAR 0 [mem 0xde100000-0xde103fff 64bit]
2026-07-21T11:07:58.709986+02:00 HOST-REDACTED-A kernel: pci 0000:00:01.2: PCI bridge to [bus 04]
2026-07-21T11:07:58.710020+02:00 HOST-REDACTED-A kernel: pci 0000:05:00.0: [1022:43f4] type 01 class 0x060400 PCIe Switch Upstream Port
2026-07-21T11:07:58.710053+02:00 HOST-REDACTED-A kernel: pci 0000:05:00.0: PCI bridge to [bus 06-12]
2026-07-21T11:07:58.710086+02:00 HOST-REDACTED-A kernel: pci 0000:05:00.0:   bridge window [io  0xe000-0xefff]
2026-07-21T11:07:58.710121+02:00 HOST-REDACTED-A kernel: pci 0000:05:00.0:   bridge window [mem 0xdca00000-0xdd6fffff]
2026-07-21T11:07:58.710155+02:00 HOST-REDACTED-A kernel: pci 0000:05:00.0:   bridge window [mem 0xfc30000000-0xfc307fffff 64bit pref]
2026-07-21T11:07:58.710187+02:00 HOST-REDACTED-A kernel: pci 0000:05:00.0: enabling Extended Tags
2026-07-21T11:07:58.710220+02:00 HOST-REDACTED-A kernel: pci 0000:05:00.0: PME# supported from D0 D3hot D3cold
2026-07-21T11:07:58.710252+02:00 HOST-REDACTED-A kernel: pci 0000:00:02.1: PCI bridge to [bus 05-12]
2026-07-21T11:07:58.710291+02:00 HOST-REDACTED-A kernel: pci 0000:06:00.0: [1022:43f5] type 01 class 0x060400 PCIe Switch Downstream Port
2026-07-21T11:07:58.710325+02:00 HOST-REDACTED-A kernel: pci 0000:06:00.0: PCI bridge to [bus 07]
2026-07-21T11:07:58.710360+02:00 HOST-REDACTED-A kernel: pci 0000:06:00.0:   bridge window [mem 0xdd600000-0xdd6fffff]
2026-07-21T11:07:58.710394+02:00 HOST-REDACTED-A kernel: pci 0000:06:00.0: enabling Extended Tags
2026-07-21T11:07:58.710429+02:00 HOST-REDACTED-A kernel: pci 0000:06:00.0: PME# supported from D0 D3hot D3cold
2026-07-21T11:07:58.710464+02:00 HOST-REDACTED-A kernel: pci 0000:06:08.0: [1022:43f5] type 01 class 0x060400 PCIe Switch Downstream Port
2026-07-21T11:07:58.710498+02:00 HOST-REDACTED-A kernel: pci 0000:06:08.0: PCI bridge to [bus 08-10]
2026-07-21T11:07:58.710532+02:00 HOST-REDACTED-A kernel: pci 0000:06:08.0:   bridge window [io  0xe000-0xefff]
2026-07-21T11:07:58.710567+02:00 HOST-REDACTED-A kernel: pci 0000:06:08.0:   bridge window [mem 0xdca00000-0xdd3fffff]
2026-07-21T11:07:58.710601+02:00 HOST-REDACTED-A kernel: pci 0000:06:08.0:   bridge window [mem 0xfc30000000-0xfc307fffff 64bit pref]
2026-07-21T11:07:58.710635+02:00 HOST-REDACTED-A kernel: pci 0000:06:08.0: enabling Extended Tags
2026-07-21T11:07:58.710668+02:00 HOST-REDACTED-A kernel: pci 0000:06:08.0: PME# supported from D0 D3hot D3cold
2026-07-21T11:07:58.710704+02:00 HOST-REDACTED-A kernel: pci 0000:06:0c.0: [1022:43f5] type 01 class 0x060400 PCIe Switch Downstream Port
2026-07-21T11:07:58.710738+02:00 HOST-REDACTED-A kernel: pci 0000:06:0c.0: PCI bridge to [bus 11]
2026-07-21T11:07:58.710772+02:00 HOST-REDACTED-A kernel: pci 0000:06:0c.0:   bridge window [mem 0xdd500000-0xdd5fffff]
2026-07-21T11:07:58.710805+02:00 HOST-REDACTED-A kernel: pci 0000:06:0c.0: enabling Extended Tags
2026-07-21T11:07:58.710841+02:00 HOST-REDACTED-A kernel: pci 0000:06:0c.0: PME# supported from D0 D3hot D3cold
2026-07-21T11:07:58.710882+02:00 HOST-REDACTED-A kernel: pci 0000:06:0d.0: [1022:43f5] type 01 class 0x060400 PCIe Switch Downstream Port
2026-07-21T11:07:58.710916+02:00 HOST-REDACTED-A kernel: pci 0000:06:0d.0: PCI bridge to [bus 12]
2026-07-21T11:07:58.710951+02:00 HOST-REDACTED-A kernel: pci 0000:06:0d.0:   bridge window [mem 0xdd400000-0xdd4fffff]
2026-07-21T11:07:58.710986+02:00 HOST-REDACTED-A kernel: pci 0000:06:0d.0: enabling Extended Tags
2026-07-21T11:07:58.711019+02:00 HOST-REDACTED-A kernel: pci 0000:06:0d.0: PME# supported from D0 D3hot D3cold
2026-07-21T11:07:58.711052+02:00 HOST-REDACTED-A kernel: pci 0000:05:00.0: PCI bridge to [bus 06-12]
2026-07-21T11:07:58.711087+02:00 HOST-REDACTED-A kernel: pci 0000:07:00.0: [144d:a80c] type 00 class 0x010802 PCIe Endpoint
2026-07-21T11:07:58.711122+02:00 HOST-REDACTED-A kernel: pci 0000:07:00.0: BAR 0 [mem 0xdd600000-0xdd603fff 64bit]
2026-07-21T11:07:58.711156+02:00 HOST-REDACTED-A kernel: pci 0000:06:00.0: PCI bridge to [bus 07]
2026-07-21T11:07:58.711191+02:00 HOST-REDACTED-A kernel: pci 0000:08:00.0: [1022:43f4] type 01 class 0x060400 PCIe Switch Upstream Port
2026-07-21T11:07:58.711226+02:00 HOST-REDACTED-A kernel: pci 0000:08:00.0: PCI bridge to [bus 09-10]
2026-07-21T11:07:58.711261+02:00 HOST-REDACTED-A kernel: pci 0000:08:00.0:   bridge window [io  0xe000-0xefff]
2026-07-21T11:07:58.711296+02:00 HOST-REDACTED-A kernel: pci 0000:08:00.0:   bridge window [mem 0xdca00000-0xdd3fffff]
2026-07-21T11:07:58.711330+02:00 HOST-REDACTED-A kernel: pci 0000:08:00.0:   bridge window [mem 0xfc30000000-0xfc307fffff 64bit pref]
2026-07-21T11:07:58.711365+02:00 HOST-REDACTED-A kernel: pci 0000:08:00.0: enabling Extended Tags
2026-07-21T11:07:58.711400+02:00 HOST-REDACTED-A kernel: pci 0000:08:00.0: PME# supported from D0 D3hot D3cold
2026-07-21T11:07:58.711434+02:00 HOST-REDACTED-A kernel: pci 0000:06:08.0: PCI bridge to [bus 08-10]
2026-07-21T11:07:58.711470+02:00 HOST-REDACTED-A kernel: pci 0000:09:00.0: [1022:43f5] type 01 class 0x060400 PCIe Switch Downstream Port
2026-07-21T11:07:58.711507+02:00 HOST-REDACTED-A kernel: pci 0000:09:00.0: PCI bridge to [bus 0a]
2026-07-21T11:07:58.711542+02:00 HOST-REDACTED-A kernel: pci 0000:09:00.0:   bridge window [mem 0xdd300000-0xdd3fffff]
2026-07-21T11:07:58.711578+02:00 HOST-REDACTED-A kernel: pci 0000:09:00.0: enabling Extended Tags
2026-07-21T11:07:58.711613+02:00 HOST-REDACTED-A kernel: pci 0000:09:00.0: PME# supported from D0 D3hot D3cold
2026-07-21T11:07:58.711649+02:00 HOST-REDACTED-A kernel: pci 0000:09:04.0: [1022:43f5] type 01 class 0x060400 PCIe Switch Downstream Port
2026-07-21T11:07:58.711686+02:00 HOST-REDACTED-A kernel: pci 0000:09:04.0: PCI bridge to [bus 0b]
2026-07-21T11:07:58.711722+02:00 HOST-REDACTED-A kernel: pci 0000:09:04.0:   bridge window [mem 0xdca00000-0xdccfffff]
2026-07-21T11:07:58.711757+02:00 HOST-REDACTED-A kernel: pci 0000:09:04.0: enabling Extended Tags
2026-07-21T11:07:58.711793+02:00 HOST-REDACTED-A kernel: pci 0000:09:04.0: PME# supported from D0 D3hot D3cold
2026-07-21T11:07:58.711829+02:00 HOST-REDACTED-A kernel: pci 0000:09:06.0: [1022:43f5] type 01 class 0x060400 PCIe Switch Downstream Port
2026-07-21T11:07:58.711867+02:00 HOST-REDACTED-A kernel: pci 0000:09:06.0: PCI bridge to [bus 0c]
2026-07-21T11:07:58.711904+02:00 HOST-REDACTED-A kernel: pci 0000:09:06.0:   bridge window [io  0xe000-0xefff]
2026-07-21T11:07:58.711940+02:00 HOST-REDACTED-A kernel: pci 0000:09:06.0:   bridge window [mem 0xdd200000-0xdd2fffff]
2026-07-21T11:07:58.711976+02:00 HOST-REDACTED-A kernel: pci 0000:09:06.0: enabling Extended Tags
2026-07-21T11:07:58.712011+02:00 HOST-REDACTED-A kernel: pci 0000:09:06.0: PME# supported from D0 D3hot D3cold
2026-07-21T11:07:58.712049+02:00 HOST-REDACTED-A kernel: pci 0000:09:07.0: [1022:43f5] type 01 class 0x060400 PCIe Switch Downstream Port
2026-07-21T11:07:58.712085+02:00 HOST-REDACTED-A kernel: pci 0000:09:07.0: PCI bridge to [bus 0d]
2026-07-21T11:07:58.712121+02:00 HOST-REDACTED-A kernel: pci 0000:09:07.0: enabling Extended Tags
2026-07-21T11:07:58.712157+02:00 HOST-REDACTED-A kernel: pci 0000:09:07.0: PME# supported from D0 D3hot D3cold
2026-07-21T11:07:58.712193+02:00 HOST-REDACTED-A kernel: pci 0000:09:08.0: [1022:43f5] type 01 class 0x060400 PCIe Switch Downstream Port
2026-07-21T11:07:58.712230+02:00 HOST-REDACTED-A kernel: pci 0000:09:08.0: PCI bridge to [bus 0e]
2026-07-21T11:07:58.712265+02:00 HOST-REDACTED-A kernel: pci 0000:09:08.0:   bridge window [mem 0xdce00000-0xdcffffff]
2026-07-21T11:07:58.712301+02:00 HOST-REDACTED-A kernel: pci 0000:09:08.0:   bridge window [mem 0xfc30000000-0xfc307fffff 64bit pref]
2026-07-21T11:07:58.712336+02:00 HOST-REDACTED-A kernel: pci 0000:09:08.0: enabling Extended Tags
2026-07-21T11:07:58.712372+02:00 HOST-REDACTED-A kernel: pci 0000:09:08.0: PME# supported from D0 D3hot D3cold
2026-07-21T11:07:58.712409+02:00 HOST-REDACTED-A kernel: pci 0000:09:0c.0: [1022:43f5] type 01 class 0x060400 PCIe Switch Downstream Port
2026-07-21T11:07:58.712445+02:00 HOST-REDACTED-A kernel: pci 0000:09:0c.0: PCI bridge to [bus 0f]
2026-07-21T11:07:58.712481+02:00 HOST-REDACTED-A kernel: pci 0000:09:0c.0:   bridge window [mem 0xdd100000-0xdd1fffff]
2026-07-21T11:07:58.712517+02:00 HOST-REDACTED-A kernel: pci 0000:09:0c.0: enabling Extended Tags
2026-07-21T11:07:58.712552+02:00 HOST-REDACTED-A kernel: pci 0000:09:0c.0: PME# supported from D0 D3hot D3cold
2026-07-21T11:07:58.712589+02:00 HOST-REDACTED-A kernel: pci 0000:09:0d.0: [1022:43f5] type 01 class 0x060400 PCIe Switch Downstream Port
2026-07-21T11:07:58.712624+02:00 HOST-REDACTED-A kernel: pci 0000:09:0d.0: PCI bridge to [bus 10]
2026-07-21T11:07:58.712660+02:00 HOST-REDACTED-A kernel: pci 0000:09:0d.0:   bridge window [mem 0xdd000000-0xdd0fffff]
2026-07-21T11:07:58.712698+02:00 HOST-REDACTED-A kernel: pci 0000:09:0d.0: enabling Extended Tags
2026-07-21T11:07:58.712734+02:00 HOST-REDACTED-A kernel: pci 0000:09:0d.0: PME# supported from D0 D3hot D3cold
2026-07-21T11:07:58.712768+02:00 HOST-REDACTED-A kernel: pci 0000:08:00.0: PCI bridge to [bus 09-10]
2026-07-21T11:07:58.712806+02:00 HOST-REDACTED-A kernel: pci 0000:0a:00.0: [144d:a80c] type 00 class 0x010802 PCIe Endpoint
2026-07-21T11:07:58.712846+02:00 HOST-REDACTED-A kernel: pci 0000:0a:00.0: BAR 0 [mem 0xdd300000-0xdd303fff 64bit]
2026-07-21T11:07:58.712892+02:00 HOST-REDACTED-A kernel: pci 0000:09:00.0: PCI bridge to [bus 0a]
2026-07-21T11:07:58.712929+02:00 HOST-REDACTED-A kernel: pci 0000:0b:00.0: [14c3:7927] type 00 class 0x028000 PCIe Endpoint
2026-07-21T11:07:58.712966+02:00 HOST-REDACTED-A kernel: pci 0000:0b:00.0: BAR 0 [mem 0xdca00000-0xdcbfffff 64bit]
2026-07-21T11:07:58.713001+02:00 HOST-REDACTED-A kernel: pci 0000:0b:00.0: BAR 2 [mem 0xdcc00000-0xdcc07fff 64bit]
2026-07-21T11:07:58.713037+02:00 HOST-REDACTED-A kernel: pci 0000:0b:00.0: PME# supported from D0 D3hot D3cold
2026-07-21T11:07:58.713073+02:00 HOST-REDACTED-A kernel: pci 0000:09:04.0: PCI bridge to [bus 0b]
2026-07-21T11:07:58.713110+02:00 HOST-REDACTED-A kernel: pci 0000:0c:00.0: [10ec:8126] type 00 class 0x020000 PCIe Endpoint
2026-07-21T11:07:58.713147+02:00 HOST-REDACTED-A kernel: pci 0000:0c:00.0: BAR 0 [io  0xe000-0xe0ff]
2026-07-21T11:07:58.713183+02:00 HOST-REDACTED-A kernel: pci 0000:0c:00.0: BAR 2 [mem 0xdd200000-0xdd20ffff 64bit]
2026-07-21T11:07:58.713219+02:00 HOST-REDACTED-A kernel: pci 0000:0c:00.0: BAR 4 [mem 0xdd210000-0xdd213fff 64bit]
2026-07-21T11:07:58.713255+02:00 HOST-REDACTED-A kernel: pci 0000:0c:00.0: supports D1 D2
2026-07-21T11:07:58.713291+02:00 HOST-REDACTED-A kernel: pci 0000:0c:00.0: PME# supported from D0 D1 D2 D3hot D3cold
2026-07-21T11:07:58.713327+02:00 HOST-REDACTED-A kernel: pci 0000:09:06.0: PCI bridge to [bus 0c]
2026-07-21T11:07:58.713363+02:00 HOST-REDACTED-A kernel: pci 0000:09:07.0: PCI bridge to [bus 0d]
2026-07-21T11:07:58.713402+02:00 HOST-REDACTED-A kernel: pci 0000:0e:00.0: [15b3:1003] type 00 class 0x020000 PCIe Endpoint
2026-07-21T11:07:58.713440+02:00 HOST-REDACTED-A kernel: pci 0000:0e:00.0: BAR 0 [mem 0xdcf00000-0xdcffffff 64bit]
2026-07-21T11:07:58.713476+02:00 HOST-REDACTED-A kernel: pci 0000:0e:00.0: BAR 2 [mem 0xfc30000000-0xfc307fffff 64bit pref]
2026-07-21T11:07:58.713512+02:00 HOST-REDACTED-A kernel: pci 0000:0e:00.0: ROM [mem 0xdce00000-0xdcefffff pref]
2026-07-21T11:07:58.713549+02:00 HOST-REDACTED-A kernel: pci 0000:09:08.0: PCI bridge to [bus 0e]
2026-07-21T11:07:58.713586+02:00 HOST-REDACTED-A kernel: pci 0000:0f:00.0: [1022:43fd] type 00 class 0x0c0330 PCIe Legacy Endpoint
2026-07-21T11:07:58.713623+02:00 HOST-REDACTED-A kernel: pci 0000:0f:00.0: BAR 0 [mem 0xdd100000-0xdd107fff 64bit]
2026-07-21T11:07:58.713662+02:00 HOST-REDACTED-A kernel: pci 0000:0f:00.0: enabling Extended Tags
2026-07-21T11:07:58.713699+02:00 HOST-REDACTED-A kernel: pci 0000:0f:00.0: PME# supported from D0 D3hot D3cold
2026-07-21T11:07:58.713736+02:00 HOST-REDACTED-A kernel: pci 0000:09:0c.0: PCI bridge to [bus 0f]
2026-07-21T11:07:58.713773+02:00 HOST-REDACTED-A kernel: pci 0000:10:00.0: [1022:43f6] type 00 class 0x010601 PCIe Legacy Endpoint
2026-07-21T11:07:58.713811+02:00 HOST-REDACTED-A kernel: pci 0000:10:00.0: BAR 5 [mem 0xdd080000-0xdd0803ff]
2026-07-21T11:07:58.713851+02:00 HOST-REDACTED-A kernel: pci 0000:10:00.0: ROM [mem 0xdd000000-0xdd07ffff pref]
2026-07-21T11:07:58.713888+02:00 HOST-REDACTED-A kernel: pci 0000:10:00.0: enabling Extended Tags
2026-07-21T11:07:58.713926+02:00 HOST-REDACTED-A kernel: pci 0000:10:00.0: PME# supported from D0 D3hot D3cold
2026-07-21T11:07:58.713964+02:00 HOST-REDACTED-A kernel: pci 0000:09:0d.0: PCI bridge to [bus 10]
2026-07-21T11:07:58.713999+02:00 HOST-REDACTED-A kernel: pci 0000:11:00.0: [1022:43fd] type 00 class 0x0c0330 PCIe Legacy Endpoint
2026-07-21T11:07:58.714034+02:00 HOST-REDACTED-A kernel: pci 0000:11:00.0: BAR 0 [mem 0xdd500000-0xdd507fff 64bit]
2026-07-21T11:07:58.714069+02:00 HOST-REDACTED-A kernel: pci 0000:11:00.0: enabling Extended Tags
2026-07-21T11:07:58.714103+02:00 HOST-REDACTED-A kernel: pci 0000:11:00.0: PME# supported from D0 D3hot D3cold
2026-07-21T11:07:58.714137+02:00 HOST-REDACTED-A kernel: pci 0000:06:0c.0: PCI bridge to [bus 11]
2026-07-21T11:07:58.714175+02:00 HOST-REDACTED-A kernel: pci 0000:12:00.0: [1022:43f6] type 00 class 0x010601 PCIe Legacy Endpoint
2026-07-21T11:07:58.714215+02:00 HOST-REDACTED-A kernel: pci 0000:12:00.0: BAR 5 [mem 0xdd480000-0xdd4803ff]
2026-07-21T11:07:58.714256+02:00 HOST-REDACTED-A kernel: pci 0000:12:00.0: ROM [mem 0xdd400000-0xdd47ffff pref]
2026-07-21T11:07:58.714294+02:00 HOST-REDACTED-A kernel: pci 0000:12:00.0: enabling Extended Tags
2026-07-21T11:07:58.714329+02:00 HOST-REDACTED-A kernel: pci 0000:12:00.0: PME# supported from D0 D3hot D3cold
2026-07-21T11:07:58.714363+02:00 HOST-REDACTED-A kernel: pci 0000:06:0d.0: PCI bridge to [bus 12]
2026-07-21T11:07:58.714396+02:00 HOST-REDACTED-A kernel: pci 0000:13:00.0: [1b21:2421] type 01 class 0x060400 PCIe Switch Upstream Port
2026-07-21T11:07:58.714429+02:00 HOST-REDACTED-A kernel: pci 0000:13:00.0: PCI bridge to [bus 14-7a]
2026-07-21T11:07:58.714462+02:00 HOST-REDACTED-A kernel: pci 0000:13:00.0:   bridge window [io  0x7000-0xcfff]
2026-07-21T11:07:58.714495+02:00 HOST-REDACTED-A kernel: pci 0000:13:00.0:   bridge window [mem 0xac000000-0xdc7fffff]
2026-07-21T11:07:58.714528+02:00 HOST-REDACTED-A kernel: pci 0000:13:00.0:   bridge window [mem 0xb800000000-0xf7ffffffff 64bit pref]
2026-07-21T11:07:58.714560+02:00 HOST-REDACTED-A kernel: pci 0000:13:00.0: PME# supported from D0 D3hot D3cold
2026-07-21T11:07:58.714593+02:00 HOST-REDACTED-A kernel: pci 0000:00:02.2: PCI bridge to [bus 13-7a]
2026-07-21T11:07:58.714627+02:00 HOST-REDACTED-A kernel: pci 0000:14:00.0: [1b21:2423] type 01 class 0x060400 PCIe Switch Downstream Port
2026-07-21T11:07:58.714661+02:00 HOST-REDACTED-A kernel: pci 0000:14:00.0: PCI bridge to [bus 19-48]
2026-07-21T11:07:58.714695+02:00 HOST-REDACTED-A kernel: pci 0000:14:00.0:   bridge window [io  0x7000-0x9fff]
2026-07-21T11:07:58.714729+02:00 HOST-REDACTED-A kernel: pci 0000:14:00.0:   bridge window [mem 0xac000000-0xc3ffffff]
2026-07-21T11:07:58.714762+02:00 HOST-REDACTED-A kernel: pci 0000:14:00.0:   bridge window [mem 0xb800000000-0xd7ffffffff 64bit pref]
2026-07-21T11:07:58.714796+02:00 HOST-REDACTED-A kernel: pci 0000:14:00.0: PME# supported from D0 D3hot D3cold
2026-07-21T11:07:58.714831+02:00 HOST-REDACTED-A kernel: pci 0000:14:01.0: [1b21:2423] type 01 class 0x060400 PCIe Switch Downstream Port
2026-07-21T11:07:58.714888+02:00 HOST-REDACTED-A kernel: pci 0000:14:01.0: PCI bridge to [bus 49-78]
2026-07-21T11:07:58.714922+02:00 HOST-REDACTED-A kernel: pci 0000:14:01.0:   bridge window [io  0xa000-0xcfff]
2026-07-21T11:07:58.714955+02:00 HOST-REDACTED-A kernel: pci 0000:14:01.0:   bridge window [mem 0xc4000000-0xdbffffff]
2026-07-21T11:07:58.714990+02:00 HOST-REDACTED-A kernel: pci 0000:14:01.0:   bridge window [mem 0xd800000000-0xf7ffffffff 64bit pref]
2026-07-21T11:07:58.715024+02:00 HOST-REDACTED-A kernel: pci 0000:14:01.0: PME# supported from D0 D3hot D3cold
2026-07-21T11:07:58.715058+02:00 HOST-REDACTED-A kernel: pci 0000:14:02.0: [1b21:2423] type 01 class 0x060400 PCIe Switch Downstream Port
2026-07-21T11:07:58.715092+02:00 HOST-REDACTED-A kernel: pci 0000:14:02.0: PCI bridge to [bus 79]
2026-07-21T11:07:58.715125+02:00 HOST-REDACTED-A kernel: pci 0000:14:02.0:   bridge window [mem 0xdc000000-0xdc3fffff]
2026-07-21T11:07:58.715159+02:00 HOST-REDACTED-A kernel: pci 0000:14:02.0: PME# supported from D0 D3hot D3cold
2026-07-21T11:07:58.715192+02:00 HOST-REDACTED-A kernel: pci 0000:14:03.0: [1b21:2423] type 01 class 0x060400 PCIe Switch Downstream Port
2026-07-21T11:07:58.715226+02:00 HOST-REDACTED-A kernel: pci 0000:14:03.0: PCI bridge to [bus 7a]
2026-07-21T11:07:58.715259+02:00 HOST-REDACTED-A kernel: pci 0000:14:03.0:   bridge window [mem 0xdc400000-0xdc7fffff]
2026-07-21T11:07:58.715293+02:00 HOST-REDACTED-A kernel: pci 0000:14:03.0: PME# supported from D0 D3hot D3cold
2026-07-21T11:07:58.715326+02:00 HOST-REDACTED-A kernel: pci 0000:13:00.0: PCI bridge to [bus 14-7a]
2026-07-21T11:07:58.715359+02:00 HOST-REDACTED-A kernel: pci 0000:14:00.0: PCI bridge to [bus 19-48]
2026-07-21T11:07:58.715393+02:00 HOST-REDACTED-A kernel: pci 0000:14:01.0: PCI bridge to [bus 49-78]
2026-07-21T11:07:58.715427+02:00 HOST-REDACTED-A kernel: pci 0000:79:00.0: [1b21:2426] type 00 class 0x0c0330 PCIe Legacy Endpoint
2026-07-21T11:07:58.715462+02:00 HOST-REDACTED-A kernel: pci 0000:79:00.0: BAR 0 [mem 0xdc000000-0xdc007fff 64bit]
2026-07-21T11:07:58.715498+02:00 HOST-REDACTED-A kernel: pci 0000:79:00.0: PME# supported from D0 D3hot D3cold
2026-07-21T11:07:58.715532+02:00 HOST-REDACTED-A kernel: pci 0000:14:02.0: PCI bridge to [bus 79]
2026-07-21T11:07:58.715567+02:00 HOST-REDACTED-A kernel: pci 0000:7a:00.0: [1b21:2425] type 00 class 0x0c0340 PCIe Legacy Endpoint
2026-07-21T11:07:58.715602+02:00 HOST-REDACTED-A kernel: pci 0000:7a:00.0: BAR 0 [mem 0xdc400000-0xdc43ffff 64bit]
2026-07-21T11:07:58.715636+02:00 HOST-REDACTED-A kernel: pci 0000:7a:00.0: BAR 2 [mem 0xdc440000-0xdc44ffff 64bit]
2026-07-21T11:07:58.715670+02:00 HOST-REDACTED-A kernel: pci 0000:7a:00.0: PME# supported from D0 D3hot D3cold
2026-07-21T11:07:58.715703+02:00 HOST-REDACTED-A kernel: pci 0000:14:03.0: PCI bridge to [bus 7a]
2026-07-21T11:07:58.715737+02:00 HOST-REDACTED-A kernel: pci 0000:7b:00.0: [1002:13c0] type 00 class 0x030000 PCIe Legacy Endpoint
2026-07-21T11:07:58.715769+02:00 HOST-REDACTED-A kernel: pci 0000:7b:00.0: BAR 0 [mem 0xfc20000000-0xfc2fffffff 64bit pref]
2026-07-21T11:07:58.715802+02:00 HOST-REDACTED-A kernel: pci 0000:7b:00.0: BAR 2 [mem 0xdd800000-0xdd9fffff 64bit pref]
2026-07-21T11:07:58.715835+02:00 HOST-REDACTED-A kernel: pci 0000:7b:00.0: BAR 4 [io  0xd000-0xd0ff]
2026-07-21T11:07:58.715871+02:00 HOST-REDACTED-A kernel: pci 0000:7b:00.0: BAR 5 [mem 0xddd00000-0xddd7ffff]
2026-07-21T11:07:58.715904+02:00 HOST-REDACTED-A kernel: pci 0000:7b:00.0: enabling Extended Tags
2026-07-21T11:07:58.715936+02:00 HOST-REDACTED-A kernel: pci 0000:7b:00.0: PME# supported from D1 D2 D3hot D3cold
2026-07-21T11:07:58.715968+02:00 HOST-REDACTED-A kernel: pci 0000:7b:00.1: [1002:1640] type 00 class 0x040300 PCIe Legacy Endpoint
2026-07-21T11:07:58.716001+02:00 HOST-REDACTED-A kernel: pci 0000:7b:00.1: BAR 0 [mem 0xddd80000-0xddd83fff]
2026-07-21T11:07:58.716034+02:00 HOST-REDACTED-A kernel: pci 0000:7b:00.1: enabling Extended Tags
2026-07-21T11:07:58.716075+02:00 HOST-REDACTED-A kernel: pci 0000:7b:00.1: PME# supported from D1 D2 D3hot D3cold
2026-07-21T11:07:58.716110+02:00 HOST-REDACTED-A kernel: pci 0000:7b:00.2: [1022:1649] type 00 class 0x108000 PCIe Endpoint
2026-07-21T11:07:58.716142+02:00 HOST-REDACTED-A kernel: pci 0000:7b:00.2: BAR 2 [mem 0xddc00000-0xddcfffff]
2026-07-21T11:07:58.716176+02:00 HOST-REDACTED-A kernel: pci 0000:7b:00.2: BAR 5 [mem 0xddd84000-0xddd85fff]
2026-07-21T11:07:58.716214+02:00 HOST-REDACTED-A kernel: pci 0000:7b:00.2: enabling Extended Tags
2026-07-21T11:07:58.716250+02:00 HOST-REDACTED-A kernel: pci 0000:7b:00.3: [1022:15b6] type 00 class 0x0c0330 PCIe Endpoint
2026-07-21T11:07:58.716283+02:00 HOST-REDACTED-A kernel: pci 0000:7b:00.3: BAR 0 [mem 0xddb00000-0xddbfffff 64bit]
2026-07-21T11:07:58.716316+02:00 HOST-REDACTED-A kernel: pci 0000:7b:00.3: enabling Extended Tags
2026-07-21T11:07:58.716348+02:00 HOST-REDACTED-A kernel: pci 0000:7b:00.3: PME# supported from D0 D3hot D3cold
2026-07-21T11:07:58.716381+02:00 HOST-REDACTED-A kernel: pci 0000:7b:00.4: [1022:15b7] type 00 class 0x0c0330 PCIe Endpoint
2026-07-21T11:07:58.716414+02:00 HOST-REDACTED-A kernel: pci 0000:7b:00.4: BAR 0 [mem 0xdda00000-0xddafffff 64bit]
2026-07-21T11:07:58.716446+02:00 HOST-REDACTED-A kernel: pci 0000:7b:00.4: enabling Extended Tags
2026-07-21T11:07:58.716479+02:00 HOST-REDACTED-A kernel: pci 0000:7b:00.4: PME# supported from D0 D3hot D3cold
2026-07-21T11:07:58.716511+02:00 HOST-REDACTED-A kernel: pci 0000:00:08.1: PCI bridge to [bus 7b]
2026-07-21T11:07:58.716544+02:00 HOST-REDACTED-A kernel: pci 0000:7c:00.0: [1022:15b8] type 00 class 0x0c0330 PCIe Endpoint
2026-07-21T11:07:58.716578+02:00 HOST-REDACTED-A kernel: pci 0000:7c:00.0: BAR 0 [mem 0xde000000-0xde0fffff 64bit]
2026-07-21T11:07:58.716611+02:00 HOST-REDACTED-A kernel: pci 0000:7c:00.0: enabling Extended Tags
2026-07-21T11:07:58.716643+02:00 HOST-REDACTED-A kernel: pci 0000:7c:00.0: PME# supported from D0 D3hot D3cold
2026-07-21T11:07:58.716675+02:00 HOST-REDACTED-A kernel: pci 0000:00:08.3: PCI bridge to [bus 7c]
2026-07-21T11:07:58.716678+02:00 HOST-REDACTED-A kernel: ACPI: PCI: Interrupt link LNKA configured for IRQ 0
2026-07-21T11:07:58.716682+02:00 HOST-REDACTED-A kernel: ACPI: PCI: Interrupt link LNKB configured for IRQ 0
2026-07-21T11:07:58.716685+02:00 HOST-REDACTED-A kernel: ACPI: PCI: Interrupt link LNKC configured for IRQ 0
2026-07-21T11:07:58.716688+02:00 HOST-REDACTED-A kernel: ACPI: PCI: Interrupt link LNKD configured for IRQ 0
2026-07-21T11:07:58.716691+02:00 HOST-REDACTED-A kernel: ACPI: PCI: Interrupt link LNKE configured for IRQ 0
2026-07-21T11:07:58.716694+02:00 HOST-REDACTED-A kernel: ACPI: PCI: Interrupt link LNKF configured for IRQ 0
2026-07-21T11:07:58.716697+02:00 HOST-REDACTED-A kernel: ACPI: PCI: Interrupt link LNKG configured for IRQ 0
2026-07-21T11:07:58.716700+02:00 HOST-REDACTED-A kernel: ACPI: PCI: Interrupt link LNKH configured for IRQ 0
2026-07-21T11:07:58.716703+02:00 HOST-REDACTED-A kernel: ACPI: EC: interrupt unblocked
2026-07-21T11:07:58.716706+02:00 HOST-REDACTED-A kernel: ACPI: EC: event unblocked
2026-07-21T11:07:58.716709+02:00 HOST-REDACTED-A kernel: ACPI: EC: EC_CMD/EC_SC=0x66, EC_DATA=0x62
2026-07-21T11:07:58.716712+02:00 HOST-REDACTED-A kernel: ACPI: EC: GPE=0x4
2026-07-21T11:07:58.716715+02:00 HOST-REDACTED-A kernel: ACPI: \_SB_.PCI0.SBRG.EC0_: Boot DSDT EC initialization complete
2026-07-21T11:07:58.716718+02:00 HOST-REDACTED-A kernel: ACPI: \_SB_.PCI0.SBRG.EC0_: EC: Used to handle transactions and events
2026-07-21T11:07:58.716721+02:00 HOST-REDACTED-A kernel: iommu: Default domain type: Translated
2026-07-21T11:07:58.716725+02:00 HOST-REDACTED-A kernel: iommu: DMA domain TLB invalidation policy: lazy mode
2026-07-21T11:07:58.716727+02:00 HOST-REDACTED-A kernel: SCSI subsystem initialized
2026-07-21T11:07:58.716731+02:00 HOST-REDACTED-A kernel: libata version 3.00 loaded.
2026-07-21T11:07:58.716733+02:00 HOST-REDACTED-A kernel: ACPI: bus type USB registered
2026-07-21T11:07:58.716736+02:00 HOST-REDACTED-A kernel: usbcore: registered new interface driver usbfs
2026-07-21T11:07:58.716739+02:00 HOST-REDACTED-A kernel: usbcore: registered new interface driver hub
2026-07-21T11:07:58.716742+02:00 HOST-REDACTED-A kernel: usbcore: registered new device driver usb
2026-07-21T11:07:58.716744+02:00 HOST-REDACTED-A kernel: EDAC MC: Ver: 3.0.0
2026-07-21T11:07:58.716748+02:00 HOST-REDACTED-A kernel: efivars: Registered efivars operations
2026-07-21T11:07:58.716750+02:00 HOST-REDACTED-A kernel: NetLabel: Initializing
2026-07-21T11:07:58.716753+02:00 HOST-REDACTED-A kernel: NetLabel:  domain hash size = 128
2026-07-21T11:07:58.716757+02:00 HOST-REDACTED-A kernel: NetLabel:  protocols = UNLABELED CIPSOv4 CALIPSO
2026-07-21T11:07:58.716760+02:00 HOST-REDACTED-A kernel: NetLabel:  unlabeled traffic allowed by default
2026-07-21T11:07:58.716763+02:00 HOST-REDACTED-A kernel: mctp: management component transport protocol core
2026-07-21T11:07:58.716766+02:00 HOST-REDACTED-A kernel: NET: Registered PF_MCTP protocol family
2026-07-21T11:07:58.716769+02:00 HOST-REDACTED-A kernel: PCI: Using ACPI for IRQ routing
2026-07-21T11:07:58.716772+02:00 HOST-REDACTED-A kernel: PCI: pci_cache_line_size set to 64 bytes
2026-07-21T11:07:58.716804+02:00 HOST-REDACTED-A kernel: pci 0000:00:02.1: bridge window [mem 0xdca00000-0xdd6fffff]: can't claim; address conflict with AMDIF031:00 [mem 0xdd000000-0xdd000fff]
2026-07-21T11:07:58.716838+02:00 HOST-REDACTED-A kernel: pci 0000:05:00.0: bridge window [mem 0xdca00000-0xdd6fffff]: can't claim; no compatible bridge window
2026-07-21T11:07:58.716874+02:00 HOST-REDACTED-A kernel: pci 0000:06:00.0: bridge window [mem 0xdd600000-0xdd6fffff]: can't claim; no compatible bridge window
2026-07-21T11:07:58.716908+02:00 HOST-REDACTED-A kernel: pci 0000:06:08.0: bridge window [mem 0xdca00000-0xdd3fffff]: can't claim; no compatible bridge window
2026-07-21T11:07:58.716943+02:00 HOST-REDACTED-A kernel: pci 0000:08:00.0: bridge window [mem 0xdca00000-0xdd3fffff]: can't claim; no compatible bridge window
2026-07-21T11:07:58.716979+02:00 HOST-REDACTED-A kernel: pci 0000:09:00.0: bridge window [mem 0xdd300000-0xdd3fffff]: can't claim; no compatible bridge window
2026-07-21T11:07:58.717015+02:00 HOST-REDACTED-A kernel: pci 0000:09:04.0: bridge window [mem 0xdca00000-0xdccfffff]: can't claim; no compatible bridge window
2026-07-21T11:07:58.717050+02:00 HOST-REDACTED-A kernel: pci 0000:09:06.0: bridge window [mem 0xdd200000-0xdd2fffff]: can't claim; no compatible bridge window
2026-07-21T11:07:58.717085+02:00 HOST-REDACTED-A kernel: pci 0000:09:08.0: bridge window [mem 0xdce00000-0xdcffffff]: can't claim; no compatible bridge window
2026-07-21T11:07:58.717120+02:00 HOST-REDACTED-A kernel: pci 0000:09:0c.0: bridge window [mem 0xdd100000-0xdd1fffff]: can't claim; no compatible bridge window
2026-07-21T11:07:58.717157+02:00 HOST-REDACTED-A kernel: pci 0000:09:0d.0: bridge window [mem 0xdd000000-0xdd0fffff]: can't claim; no compatible bridge window
2026-07-21T11:07:58.717191+02:00 HOST-REDACTED-A kernel: pci 0000:06:0c.0: bridge window [mem 0xdd500000-0xdd5fffff]: can't claim; no compatible bridge window
2026-07-21T11:07:58.717225+02:00 HOST-REDACTED-A kernel: pci 0000:06:0d.0: bridge window [mem 0xdd400000-0xdd4fffff]: can't claim; no compatible bridge window
2026-07-21T11:07:58.717260+02:00 HOST-REDACTED-A kernel: pci 0000:07:00.0: BAR 0 [mem 0xdd600000-0xdd603fff 64bit]: can't claim; no compatible bridge window
2026-07-21T11:07:58.717296+02:00 HOST-REDACTED-A kernel: pci 0000:0a:00.0: BAR 0 [mem 0xdd300000-0xdd303fff 64bit]: can't claim; no compatible bridge window
2026-07-21T11:07:58.717332+02:00 HOST-REDACTED-A kernel: pci 0000:0c:00.0: BAR 2 [mem 0xdd200000-0xdd20ffff 64bit]: can't claim; no compatible bridge window
2026-07-21T11:07:58.717368+02:00 HOST-REDACTED-A kernel: pci 0000:0c:00.0: BAR 4 [mem 0xdd210000-0xdd213fff 64bit]: can't claim; no compatible bridge window
2026-07-21T11:07:58.717405+02:00 HOST-REDACTED-A kernel: pci 0000:0f:00.0: BAR 0 [mem 0xdd100000-0xdd107fff 64bit]: can't claim; no compatible bridge window
2026-07-21T11:07:58.717440+02:00 HOST-REDACTED-A kernel: pci 0000:11:00.0: BAR 0 [mem 0xdd500000-0xdd507fff 64bit]: can't claim; no compatible bridge window
2026-07-21T11:07:58.717476+02:00 HOST-REDACTED-A kernel: pci 0000:0b:00.0: BAR 0 [mem 0xdca00000-0xdcbfffff 64bit]: can't claim; no compatible bridge window
2026-07-21T11:07:58.717513+02:00 HOST-REDACTED-A kernel: pci 0000:0b:00.0: BAR 2 [mem 0xdcc00000-0xdcc07fff 64bit]: can't claim; no compatible bridge window
2026-07-21T11:07:58.717549+02:00 HOST-REDACTED-A kernel: pci 0000:0e:00.0: BAR 0 [mem 0xdcf00000-0xdcffffff 64bit]: can't claim; no compatible bridge window
2026-07-21T11:07:58.717586+02:00 HOST-REDACTED-A kernel: pci 0000:10:00.0: BAR 5 [mem 0xdd080000-0xdd0803ff]: can't claim; no compatible bridge window
2026-07-21T11:07:58.717621+02:00 HOST-REDACTED-A kernel: pci 0000:12:00.0: BAR 5 [mem 0xdd480000-0xdd4803ff]: can't claim; no compatible bridge window
2026-07-21T11:07:58.717625+02:00 HOST-REDACTED-A kernel: e820: reserve RAM buffer [mem 0x099ff000-0x0bffffff]
2026-07-21T11:07:58.717629+02:00 HOST-REDACTED-A kernel: e820: reserve RAM buffer [mem 0x0a200000-0x0bffffff]
2026-07-21T11:07:58.717632+02:00 HOST-REDACTED-A kernel: e820: reserve RAM buffer [mem 0x0b000000-0x0bffffff]
2026-07-21T11:07:58.717635+02:00 HOST-REDACTED-A kernel: e820: reserve RAM buffer [mem 0x634ac000-0x63ffffff]
2026-07-21T11:07:58.717638+02:00 HOST-REDACTED-A kernel: e820: reserve RAM buffer [mem 0x66077000-0x67ffffff]
2026-07-21T11:07:58.717641+02:00 HOST-REDACTED-A kernel: e820: reserve RAM buffer [mem 0x6998d000-0x6bffffff]
2026-07-21T11:07:58.717644+02:00 HOST-REDACTED-A kernel: e820: reserve RAM buffer [mem 0x79ff7000-0x7bffffff]
2026-07-21T11:07:58.717646+02:00 HOST-REDACTED-A kernel: e820: reserve RAM buffer [mem 0x7a000000-0x7bffffff]
2026-07-21T11:07:58.717649+02:00 HOST-REDACTED-A kernel: e820: reserve RAM buffer [mem 0xffde80000-0xfffffffff]
2026-07-21T11:07:58.717684+02:00 HOST-REDACTED-A kernel: pci 0000:03:00.0: vgaarb: setting as boot VGA device
2026-07-21T11:07:58.717719+02:00 HOST-REDACTED-A kernel: pci 0000:03:00.0: vgaarb: bridge control possible
2026-07-21T11:07:58.717754+02:00 HOST-REDACTED-A kernel: pci 0000:03:00.0: vgaarb: VGA device added: decodes=io+mem,owns=none,locks=none
2026-07-21T11:07:58.717786+02:00 HOST-REDACTED-A kernel: pci 0000:7b:00.0: vgaarb: bridge control possible
2026-07-21T11:07:58.717818+02:00 HOST-REDACTED-A kernel: pci 0000:7b:00.0: vgaarb: VGA device added: decodes=io+mem,owns=none,locks=none
2026-07-21T11:07:58.717821+02:00 HOST-REDACTED-A kernel: vgaarb: loaded
2026-07-21T11:07:58.717824+02:00 HOST-REDACTED-A kernel: hpet0: at MMIO 0xfed00000, IRQs 2, 8, 0
2026-07-21T11:07:58.717827+02:00 HOST-REDACTED-A kernel: hpet0: 3 comparators, 32-bit 14.318180 MHz counter
2026-07-21T11:07:58.717830+02:00 HOST-REDACTED-A kernel: clocksource: Switched to clocksource tsc-early
2026-07-21T11:07:58.717833+02:00 HOST-REDACTED-A kernel: VFS: Disk quotas dquot_6.6.0
2026-07-21T11:07:58.717837+02:00 HOST-REDACTED-A kernel: VFS: Dquot-cache hash table entries: 512 (order 0, 4096 bytes)
2026-07-21T11:07:58.717841+02:00 HOST-REDACTED-A kernel: pnp: PnP ACPI init
2026-07-21T11:07:58.717873+02:00 HOST-REDACTED-A kernel: system 00:00: [mem 0xe0000000-0xefffffff] has been reserved
2026-07-21T11:07:58.717905+02:00 HOST-REDACTED-A kernel: system 00:01: [mem 0x1000000000-0x107fffffff window] has been reserved
2026-07-21T11:07:58.717937+02:00 HOST-REDACTED-A kernel: system 00:03: [io  0x0290-0x029f] has been reserved
2026-07-21T11:07:58.717968+02:00 HOST-REDACTED-A kernel: system 00:03: [io  0x0200-0x023f] has been reserved
2026-07-21T11:07:58.717998+02:00 HOST-REDACTED-A kernel: system 00:04: [io  0x04d0-0x04d1] has been reserved
2026-07-21T11:07:58.718029+02:00 HOST-REDACTED-A kernel: system 00:04: [io  0x040b] has been reserved
2026-07-21T11:07:58.718058+02:00 HOST-REDACTED-A kernel: system 00:04: [io  0x04d6] has been reserved
2026-07-21T11:07:58.718088+02:00 HOST-REDACTED-A kernel: system 00:04: [io  0x0c00-0x0c01] has been reserved
2026-07-21T11:07:58.718117+02:00 HOST-REDACTED-A kernel: system 00:04: [io  0x0c14] has been reserved
2026-07-21T11:07:58.718153+02:00 HOST-REDACTED-A kernel: system 00:04: [io  0x0c50-0x0c51] has been reserved
2026-07-21T11:07:58.718186+02:00 HOST-REDACTED-A kernel: system 00:04: [io  0x0c52] has been reserved
2026-07-21T11:07:58.718216+02:00 HOST-REDACTED-A kernel: system 00:04: [io  0x0c6c] has been reserved
2026-07-21T11:07:58.718250+02:00 HOST-REDACTED-A kernel: system 00:04: [io  0x0c6f] has been reserved
2026-07-21T11:07:58.718286+02:00 HOST-REDACTED-A kernel: system 00:04: [io  0x0cd8-0x0cdf] has been reserved
2026-07-21T11:07:58.718319+02:00 HOST-REDACTED-A kernel: system 00:04: [io  0x0800-0x089f] has been reserved
2026-07-21T11:07:58.718349+02:00 HOST-REDACTED-A kernel: system 00:04: [io  0x0b00-0x0b0f] has been reserved
2026-07-21T11:07:58.718379+02:00 HOST-REDACTED-A kernel: system 00:04: [io  0x0b20-0x0b3f] has been reserved
2026-07-21T11:07:58.718408+02:00 HOST-REDACTED-A kernel: system 00:04: [io  0x0900-0x090f] has been reserved
2026-07-21T11:07:58.718438+02:00 HOST-REDACTED-A kernel: system 00:04: [io  0x0910-0x091f] has been reserved
2026-07-21T11:07:58.718467+02:00 HOST-REDACTED-A kernel: system 00:04: [mem 0xfedc0000-0xfedc0fff] has been reserved
2026-07-21T11:07:58.718496+02:00 HOST-REDACTED-A kernel: system 00:04: [mem 0xfee00000-0xfee00fff] has been reserved
2026-07-21T11:07:58.718526+02:00 HOST-REDACTED-A kernel: system 00:04: [mem 0xfec10000-0xfec10fff] has been reserved
2026-07-21T11:07:58.718556+02:00 HOST-REDACTED-A kernel: system 00:04: [mem 0xfeb00000-0xfeb00fff] has been reserved
2026-07-21T11:07:58.718585+02:00 HOST-REDACTED-A kernel: system 00:04: [mem 0xff000000-0xffffffff] has been reserved
2026-07-21T11:07:58.718588+02:00 HOST-REDACTED-A kernel: pnp: PnP ACPI: found 5 devices
2026-07-21T11:07:58.718592+02:00 HOST-REDACTED-A kernel: clocksource: acpi_pm: mask: 0xffffff max_cycles: 0xffffff, max_idle_ns: 2085701024 ns
2026-07-21T11:07:58.718594+02:00 HOST-REDACTED-A kernel: NET: Registered PF_INET protocol family
2026-07-21T11:07:58.718597+02:00 HOST-REDACTED-A kernel: IP idents hash table entries: 262144 (order: 9, 2097152 bytes, linear)
2026-07-21T11:07:58.718601+02:00 HOST-REDACTED-A kernel: tcp_listen_portaddr_hash hash table entries: 32768 (order: 7, 524288 bytes, linear)
2026-07-21T11:07:58.718604+02:00 HOST-REDACTED-A kernel: Table-perturb hash table entries: 65536 (order: 6, 262144 bytes, linear)
2026-07-21T11:07:58.718607+02:00 HOST-REDACTED-A kernel: TCP established hash table entries: 524288 (order: 10, 4194304 bytes, linear)
2026-07-21T11:07:58.718610+02:00 HOST-REDACTED-A kernel: TCP bind hash table entries: 65536 (order: 9, 2097152 bytes, linear)
2026-07-21T11:07:58.718613+02:00 HOST-REDACTED-A kernel: TCP: Hash tables configured (established 524288 bind 65536)
2026-07-21T11:07:58.718616+02:00 HOST-REDACTED-A kernel: MPTCP token hash table entries: 65536 (order: 8, 1572864 bytes, linear)
2026-07-21T11:07:58.718619+02:00 HOST-REDACTED-A kernel: UDP hash table entries: 32768 (order: 9, 2097152 bytes, linear)
2026-07-21T11:07:58.718622+02:00 HOST-REDACTED-A kernel: UDP-Lite hash table entries: 32768 (order: 9, 2097152 bytes, linear)
2026-07-21T11:07:58.718625+02:00 HOST-REDACTED-A kernel: NET: Registered PF_UNIX/PF_LOCAL protocol family
2026-07-21T11:07:58.718628+02:00 HOST-REDACTED-A kernel: NET: Registered PF_XDP protocol family
2026-07-21T11:07:58.718665+02:00 HOST-REDACTED-A kernel: pci 0000:0e:00.0: ROM [mem 0xdce00000-0xdcefffff pref]: can't claim; no compatible bridge window
2026-07-21T11:07:58.718702+02:00 HOST-REDACTED-A kernel: pci 0000:10:00.0: ROM [mem 0xdd000000-0xdd07ffff pref]: can't claim; no compatible bridge window
2026-07-21T11:07:58.718737+02:00 HOST-REDACTED-A kernel: pci 0000:12:00.0: ROM [mem 0xdd400000-0xdd47ffff pref]: can't claim; no compatible bridge window
2026-07-21T11:07:58.718773+02:00 HOST-REDACTED-A kernel: pci 0000:09:08.0: bridge window [mem 0x00100000-0x001fffff] to [bus 0e] add_size 100000 add_align 100000
2026-07-21T11:07:58.718808+02:00 HOST-REDACTED-A kernel: pci 0000:08:00.0: bridge window [mem 0x00100000-0x008fffff] to [bus 09-10] add_size 100000 add_align 100000
2026-07-21T11:07:58.718843+02:00 HOST-REDACTED-A kernel: pci 0000:06:08.0: bridge window [mem 0x00100000-0x008fffff] to [bus 08-10] add_size 100000 add_align 100000
2026-07-21T11:07:58.718877+02:00 HOST-REDACTED-A kernel: pci 0000:05:00.0: bridge window [mem 0x00100000-0x00bfffff] to [bus 06-12] add_size 100000 add_align 100000
2026-07-21T11:07:58.718909+02:00 HOST-REDACTED-A kernel: pci 0000:00:02.1: bridge window [mem 0x00100000-0x00bfffff] to [bus 05-12] add_size 100000 add_align 100000
2026-07-21T11:07:58.718942+02:00 HOST-REDACTED-A kernel: pci 0000:00:02.1: bridge window [mem 0xf2000000-0xf2bfffff]: assigned
2026-07-21T11:07:58.718976+02:00 HOST-REDACTED-A kernel: pci 0000:02:00.0: PCI bridge to [bus 03]
2026-07-21T11:07:58.719009+02:00 HOST-REDACTED-A kernel: pci 0000:02:00.0:   bridge window [io  0xf000-0xffff]
2026-07-21T11:07:58.719042+02:00 HOST-REDACTED-A kernel: pci 0000:02:00.0:   bridge window [mem 0xdde00000-0xddefffff]
2026-07-21T11:07:58.719077+02:00 HOST-REDACTED-A kernel: pci 0000:02:00.0:   bridge window [mem 0xf800000000-0xfc0fffffff 64bit pref]
2026-07-21T11:07:58.719111+02:00 HOST-REDACTED-A kernel: pci 0000:01:00.0: PCI bridge to [bus 02-03]
2026-07-21T11:07:58.719144+02:00 HOST-REDACTED-A kernel: pci 0000:01:00.0:   bridge window [io  0xf000-0xffff]
2026-07-21T11:07:58.719177+02:00 HOST-REDACTED-A kernel: pci 0000:01:00.0:   bridge window [mem 0xdde00000-0xddefffff]
2026-07-21T11:07:58.719209+02:00 HOST-REDACTED-A kernel: pci 0000:01:00.0:   bridge window [mem 0xf800000000-0xfc0fffffff 64bit pref]
2026-07-21T11:07:58.719241+02:00 HOST-REDACTED-A kernel: pci 0000:00:01.1: PCI bridge to [bus 01-03]
2026-07-21T11:07:58.719273+02:00 HOST-REDACTED-A kernel: pci 0000:00:01.1:   bridge window [io  0xf000-0xffff]
2026-07-21T11:07:58.719304+02:00 HOST-REDACTED-A kernel: pci 0000:00:01.1:   bridge window [mem 0xdde00000-0xddffffff]
2026-07-21T11:07:58.719336+02:00 HOST-REDACTED-A kernel: pci 0000:00:01.1:   bridge window [mem 0xf800000000-0xfc0fffffff 64bit pref]
2026-07-21T11:07:58.719367+02:00 HOST-REDACTED-A kernel: pci 0000:00:01.2: PCI bridge to [bus 04]
2026-07-21T11:07:58.719400+02:00 HOST-REDACTED-A kernel: pci 0000:00:01.2:   bridge window [mem 0xde100000-0xde1fffff]
2026-07-21T11:07:58.719433+02:00 HOST-REDACTED-A kernel: pci 0000:05:00.0: bridge window [mem 0xf2000000-0xf2bfffff]: assigned
2026-07-21T11:07:58.719467+02:00 HOST-REDACTED-A kernel: pci 0000:06:00.0: bridge window [mem 0xf2000000-0xf20fffff]: assigned
2026-07-21T11:07:58.719501+02:00 HOST-REDACTED-A kernel: pci 0000:06:08.0: bridge window [mem 0xf2100000-0xf29fffff]: assigned
2026-07-21T11:07:58.719534+02:00 HOST-REDACTED-A kernel: pci 0000:06:0c.0: bridge window [mem 0xf2a00000-0xf2afffff]: assigned
2026-07-21T11:07:58.719568+02:00 HOST-REDACTED-A kernel: pci 0000:06:0d.0: bridge window [mem 0xf2b00000-0xf2bfffff]: assigned
2026-07-21T11:07:58.719602+02:00 HOST-REDACTED-A kernel: pci 0000:07:00.0: BAR 0 [mem 0xf2000000-0xf2003fff 64bit]: assigned
2026-07-21T11:07:58.719636+02:00 HOST-REDACTED-A kernel: pci 0000:06:00.0: PCI bridge to [bus 07]
2026-07-21T11:07:58.719669+02:00 HOST-REDACTED-A kernel: pci 0000:06:00.0:   bridge window [mem 0xf2000000-0xf20fffff]
2026-07-21T11:07:58.719704+02:00 HOST-REDACTED-A kernel: pci 0000:08:00.0: bridge window [mem 0xf2100000-0xf29fffff]: assigned
2026-07-21T11:07:58.719739+02:00 HOST-REDACTED-A kernel: pci 0000:09:00.0: bridge window [mem 0xf2100000-0xf21fffff]: assigned
2026-07-21T11:07:58.719775+02:00 HOST-REDACTED-A kernel: pci 0000:09:04.0: bridge window [mem 0xf2200000-0xf24fffff]: assigned
2026-07-21T11:07:58.719811+02:00 HOST-REDACTED-A kernel: pci 0000:09:06.0: bridge window [mem 0xf2500000-0xf25fffff]: assigned
2026-07-21T11:07:58.719868+02:00 HOST-REDACTED-A kernel: pci 0000:09:08.0: bridge window [mem 0xf2600000-0xf27fffff]: assigned
2026-07-21T11:07:58.719906+02:00 HOST-REDACTED-A kernel: pci 0000:09:0c.0: bridge window [mem 0xf2800000-0xf28fffff]: assigned
2026-07-21T11:07:58.719941+02:00 HOST-REDACTED-A kernel: pci 0000:09:0d.0: bridge window [mem 0xf2900000-0xf29fffff]: assigned
2026-07-21T11:07:58.719978+02:00 HOST-REDACTED-A kernel: pci 0000:0a:00.0: BAR 0 [mem 0xf2100000-0xf2103fff 64bit]: assigned
2026-07-21T11:07:58.720014+02:00 HOST-REDACTED-A kernel: pci 0000:09:00.0: PCI bridge to [bus 0a]
2026-07-21T11:07:58.720049+02:00 HOST-REDACTED-A kernel: pci 0000:09:00.0:   bridge window [mem 0xf2100000-0xf21fffff]
2026-07-21T11:07:58.720086+02:00 HOST-REDACTED-A kernel: pci 0000:0b:00.0: BAR 0 [mem 0xf2200000-0xf23fffff 64bit]: assigned
2026-07-21T11:07:58.720122+02:00 HOST-REDACTED-A kernel: pci 0000:0b:00.0: BAR 2 [mem 0xf2400000-0xf2407fff 64bit]: assigned
2026-07-21T11:07:58.720157+02:00 HOST-REDACTED-A kernel: pci 0000:09:04.0: PCI bridge to [bus 0b]
2026-07-21T11:07:58.720193+02:00 HOST-REDACTED-A kernel: pci 0000:09:04.0:   bridge window [mem 0xf2200000-0xf24fffff]
2026-07-21T11:07:58.720228+02:00 HOST-REDACTED-A kernel: pci 0000:0c:00.0: BAR 2 [mem 0xf2500000-0xf250ffff 64bit]: assigned
2026-07-21T11:07:58.720265+02:00 HOST-REDACTED-A kernel: pci 0000:0c:00.0: BAR 4 [mem 0xf2510000-0xf2513fff 64bit]: assigned
2026-07-21T11:07:58.720300+02:00 HOST-REDACTED-A kernel: pci 0000:09:06.0: PCI bridge to [bus 0c]
2026-07-21T11:07:58.720337+02:00 HOST-REDACTED-A kernel: pci 0000:09:06.0:   bridge window [io  0xe000-0xefff]
2026-07-21T11:07:58.720373+02:00 HOST-REDACTED-A kernel: pci 0000:09:06.0:   bridge window [mem 0xf2500000-0xf25fffff]
2026-07-21T11:07:58.720407+02:00 HOST-REDACTED-A kernel: pci 0000:09:07.0: PCI bridge to [bus 0d]
2026-07-21T11:07:58.720443+02:00 HOST-REDACTED-A kernel: pci 0000:0e:00.0: BAR 0 [mem 0xf2600000-0xf26fffff 64bit]: assigned
2026-07-21T11:07:58.720480+02:00 HOST-REDACTED-A kernel: pci 0000:0e:00.0: ROM [mem 0xf2700000-0xf27fffff pref]: assigned
2026-07-21T11:07:58.720515+02:00 HOST-REDACTED-A kernel: pci 0000:09:08.0: PCI bridge to [bus 0e]
2026-07-21T11:07:58.720550+02:00 HOST-REDACTED-A kernel: pci 0000:09:08.0:   bridge window [mem 0xf2600000-0xf27fffff]
2026-07-21T11:07:58.720587+02:00 HOST-REDACTED-A kernel: pci 0000:09:08.0:   bridge window [mem 0xfc30000000-0xfc307fffff 64bit pref]
2026-07-21T11:07:58.720623+02:00 HOST-REDACTED-A kernel: pci 0000:0f:00.0: BAR 0 [mem 0xf2800000-0xf2807fff 64bit]: assigned
2026-07-21T11:07:58.720659+02:00 HOST-REDACTED-A kernel: pci 0000:09:0c.0: PCI bridge to [bus 0f]
2026-07-21T11:07:58.720695+02:00 HOST-REDACTED-A kernel: pci 0000:09:0c.0:   bridge window [mem 0xf2800000-0xf28fffff]
2026-07-21T11:07:58.720733+02:00 HOST-REDACTED-A kernel: pci 0000:10:00.0: ROM [mem 0xf2900000-0xf297ffff pref]: assigned
2026-07-21T11:07:58.720769+02:00 HOST-REDACTED-A kernel: pci 0000:10:00.0: BAR 5 [mem 0xf2980000-0xf29803ff]: assigned
2026-07-21T11:07:58.720805+02:00 HOST-REDACTED-A kernel: pci 0000:09:0d.0: PCI bridge to [bus 10]
2026-07-21T11:07:58.720842+02:00 HOST-REDACTED-A kernel: pci 0000:09:0d.0:   bridge window [mem 0xf2900000-0xf29fffff]
2026-07-21T11:07:58.720884+02:00 HOST-REDACTED-A kernel: pci 0000:08:00.0: PCI bridge to [bus 09-10]
2026-07-21T11:07:58.720920+02:00 HOST-REDACTED-A kernel: pci 0000:08:00.0:   bridge window [io  0xe000-0xefff]
2026-07-21T11:07:58.720955+02:00 HOST-REDACTED-A kernel: pci 0000:08:00.0:   bridge window [mem 0xf2100000-0xf29fffff]
2026-07-21T11:07:58.720989+02:00 HOST-REDACTED-A kernel: pci 0000:08:00.0:   bridge window [mem 0xfc30000000-0xfc307fffff 64bit pref]
2026-07-21T11:07:58.721023+02:00 HOST-REDACTED-A kernel: pci 0000:06:08.0: PCI bridge to [bus 08-10]
2026-07-21T11:07:58.721057+02:00 HOST-REDACTED-A kernel: pci 0000:06:08.0:   bridge window [io  0xe000-0xefff]
2026-07-21T11:07:58.721091+02:00 HOST-REDACTED-A kernel: pci 0000:06:08.0:   bridge window [mem 0xf2100000-0xf29fffff]
2026-07-21T11:07:58.721125+02:00 HOST-REDACTED-A kernel: pci 0000:06:08.0:   bridge window [mem 0xfc30000000-0xfc307fffff 64bit pref]
2026-07-21T11:07:58.721159+02:00 HOST-REDACTED-A kernel: pci 0000:11:00.0: BAR 0 [mem 0xf2a00000-0xf2a07fff 64bit]: assigned
2026-07-21T11:07:58.721194+02:00 HOST-REDACTED-A kernel: pci 0000:06:0c.0: PCI bridge to [bus 11]
2026-07-21T11:07:58.721227+02:00 HOST-REDACTED-A kernel: pci 0000:06:0c.0:   bridge window [mem 0xf2a00000-0xf2afffff]
2026-07-21T11:07:58.721262+02:00 HOST-REDACTED-A kernel: pci 0000:12:00.0: ROM [mem 0xf2b00000-0xf2b7ffff pref]: assigned
2026-07-21T11:07:58.721297+02:00 HOST-REDACTED-A kernel: pci 0000:12:00.0: BAR 5 [mem 0xf2b80000-0xf2b803ff]: assigned
2026-07-21T11:07:58.721330+02:00 HOST-REDACTED-A kernel: pci 0000:06:0d.0: PCI bridge to [bus 12]
2026-07-21T11:07:58.721364+02:00 HOST-REDACTED-A kernel: pci 0000:06:0d.0:   bridge window [mem 0xf2b00000-0xf2bfffff]
2026-07-21T11:07:58.721396+02:00 HOST-REDACTED-A kernel: pci 0000:05:00.0: PCI bridge to [bus 06-12]
2026-07-21T11:07:58.721429+02:00 HOST-REDACTED-A kernel: pci 0000:05:00.0:   bridge window [io  0xe000-0xefff]
2026-07-21T11:07:58.721462+02:00 HOST-REDACTED-A kernel: pci 0000:05:00.0:   bridge window [mem 0xf2000000-0xf2bfffff]
2026-07-21T11:07:58.721494+02:00 HOST-REDACTED-A kernel: pci 0000:05:00.0:   bridge window [mem 0xfc30000000-0xfc307fffff 64bit pref]
2026-07-21T11:07:58.721526+02:00 HOST-REDACTED-A kernel: pci 0000:00:02.1: PCI bridge to [bus 05-12]
2026-07-21T11:07:58.721559+02:00 HOST-REDACTED-A kernel: pci 0000:00:02.1:   bridge window [io  0xe000-0xefff]
2026-07-21T11:07:58.721590+02:00 HOST-REDACTED-A kernel: pci 0000:00:02.1:   bridge window [mem 0xf2000000-0xf2bfffff]
2026-07-21T11:07:58.721622+02:00 HOST-REDACTED-A kernel: pci 0000:00:02.1:   bridge window [mem 0xfc30000000-0xfc307fffff 64bit pref]
2026-07-21T11:07:58.721657+02:00 HOST-REDACTED-A kernel: pci 0000:14:00.0: PCI bridge to [bus 19-48]
2026-07-21T11:07:58.721694+02:00 HOST-REDACTED-A kernel: pci 0000:14:00.0:   bridge window [io  0x7000-0x9fff]
2026-07-21T11:07:58.721732+02:00 HOST-REDACTED-A kernel: pci 0000:14:00.0:   bridge window [mem 0xac000000-0xc3ffffff]
2026-07-21T11:07:58.721773+02:00 HOST-REDACTED-A kernel: pci 0000:14:00.0:   bridge window [mem 0xb800000000-0xd7ffffffff 64bit pref]
2026-07-21T11:07:58.721807+02:00 HOST-REDACTED-A kernel: pci 0000:14:01.0: PCI bridge to [bus 49-78]
2026-07-21T11:07:58.721842+02:00 HOST-REDACTED-A kernel: pci 0000:14:01.0:   bridge window [io  0xa000-0xcfff]
2026-07-21T11:07:58.721878+02:00 HOST-REDACTED-A kernel: pci 0000:14:01.0:   bridge window [mem 0xc4000000-0xdbffffff]
2026-07-21T11:07:58.721911+02:00 HOST-REDACTED-A kernel: pci 0000:14:01.0:   bridge window [mem 0xd800000000-0xf7ffffffff 64bit pref]
2026-07-21T11:07:58.721945+02:00 HOST-REDACTED-A kernel: pci 0000:14:02.0: PCI bridge to [bus 79]
2026-07-21T11:07:58.721980+02:00 HOST-REDACTED-A kernel: pci 0000:14:02.0:   bridge window [mem 0xdc000000-0xdc3fffff]
2026-07-21T11:07:58.722014+02:00 HOST-REDACTED-A kernel: pci 0000:14:03.0: PCI bridge to [bus 7a]
2026-07-21T11:07:58.722049+02:00 HOST-REDACTED-A kernel: pci 0000:14:03.0:   bridge window [mem 0xdc400000-0xdc7fffff]
2026-07-21T11:07:58.722081+02:00 HOST-REDACTED-A kernel: pci 0000:13:00.0: PCI bridge to [bus 14-7a]
2026-07-21T11:07:58.722115+02:00 HOST-REDACTED-A kernel: pci 0000:13:00.0:   bridge window [io  0x7000-0xcfff]
2026-07-21T11:07:58.722148+02:00 HOST-REDACTED-A kernel: pci 0000:13:00.0:   bridge window [mem 0xac000000-0xdc7fffff]
2026-07-21T11:07:58.722181+02:00 HOST-REDACTED-A kernel: pci 0000:13:00.0:   bridge window [mem 0xb800000000-0xf7ffffffff 64bit pref]
2026-07-21T11:07:58.722213+02:00 HOST-REDACTED-A kernel: pci 0000:00:02.2: PCI bridge to [bus 13-7a]
2026-07-21T11:07:58.722245+02:00 HOST-REDACTED-A kernel: pci 0000:00:02.2:   bridge window [io  0x7000-0xcfff]
2026-07-21T11:07:58.722276+02:00 HOST-REDACTED-A kernel: pci 0000:00:02.2:   bridge window [mem 0xac000000-0xdc7fffff]
2026-07-21T11:07:58.722308+02:00 HOST-REDACTED-A kernel: pci 0000:00:02.2:   bridge window [mem 0xb800000000-0xf7ffffffff 64bit pref]
2026-07-21T11:07:58.722340+02:00 HOST-REDACTED-A kernel: pci 0000:00:08.1: PCI bridge to [bus 7b]
2026-07-21T11:07:58.722373+02:00 HOST-REDACTED-A kernel: pci 0000:00:08.1:   bridge window [io  0xd000-0xdfff]
2026-07-21T11:07:58.722404+02:00 HOST-REDACTED-A kernel: pci 0000:00:08.1:   bridge window [mem 0xdd800000-0xdddfffff]
2026-07-21T11:07:58.722437+02:00 HOST-REDACTED-A kernel: pci 0000:00:08.1:   bridge window [mem 0xfc20000000-0xfc2fffffff 64bit pref]
2026-07-21T11:07:58.722469+02:00 HOST-REDACTED-A kernel: pci 0000:00:08.3: PCI bridge to [bus 7c]
2026-07-21T11:07:58.722500+02:00 HOST-REDACTED-A kernel: pci 0000:00:08.3:   bridge window [mem 0xde000000-0xde0fffff]
2026-07-21T11:07:58.722530+02:00 HOST-REDACTED-A kernel: pci_bus 0000:00: resource 4 [io  0x0000-0x03af window]
2026-07-21T11:07:58.722558+02:00 HOST-REDACTED-A kernel: pci_bus 0000:00: resource 5 [io  0x03e0-0x0cf7 window]
2026-07-21T11:07:58.722587+02:00 HOST-REDACTED-A kernel: pci_bus 0000:00: resource 6 [io  0x03b0-0x03df window]
2026-07-21T11:07:58.722616+02:00 HOST-REDACTED-A kernel: pci_bus 0000:00: resource 7 [io  0x0d00-0xffff window]
2026-07-21T11:07:58.722644+02:00 HOST-REDACTED-A kernel: pci_bus 0000:00: resource 8 [mem 0x000a0000-0x000dffff window]
2026-07-21T11:07:58.722673+02:00 HOST-REDACTED-A kernel: pci_bus 0000:00: resource 9 [mem 0xf2000000-0xf6ffffff window]
2026-07-21T11:07:58.722701+02:00 HOST-REDACTED-A kernel: pci_bus 0000:00: resource 10 [mem 0xf0000000-0xf1ffffff window]
2026-07-21T11:07:58.722730+02:00 HOST-REDACTED-A kernel: pci_bus 0000:00: resource 11 [mem 0x80000000-0xdfffffff window]
2026-07-21T11:07:58.722759+02:00 HOST-REDACTED-A kernel: pci_bus 0000:00: resource 12 [mem 0x1080000000-0xfcffffffff window]
2026-07-21T11:07:58.722791+02:00 HOST-REDACTED-A kernel: pci_bus 0000:01: resource 0 [io  0xf000-0xffff]
2026-07-21T11:07:58.722821+02:00 HOST-REDACTED-A kernel: pci_bus 0000:01: resource 1 [mem 0xdde00000-0xddffffff]
2026-07-21T11:07:58.722856+02:00 HOST-REDACTED-A kernel: pci_bus 0000:01: resource 2 [mem 0xf800000000-0xfc0fffffff 64bit pref]
2026-07-21T11:07:58.722893+02:00 HOST-REDACTED-A kernel: pci_bus 0000:02: resource 0 [io  0xf000-0xffff]
2026-07-21T11:07:58.722924+02:00 HOST-REDACTED-A kernel: pci_bus 0000:02: resource 1 [mem 0xdde00000-0xddefffff]
2026-07-21T11:07:58.722955+02:00 HOST-REDACTED-A kernel: pci_bus 0000:02: resource 2 [mem 0xf800000000-0xfc0fffffff 64bit pref]
2026-07-21T11:07:58.722989+02:00 HOST-REDACTED-A kernel: pci_bus 0000:03: resource 0 [io  0xf000-0xffff]
2026-07-21T11:07:58.723021+02:00 HOST-REDACTED-A kernel: pci_bus 0000:03: resource 1 [mem 0xdde00000-0xddefffff]
2026-07-21T11:07:58.723053+02:00 HOST-REDACTED-A kernel: pci_bus 0000:03: resource 2 [mem 0xf800000000-0xfc0fffffff 64bit pref]
2026-07-21T11:07:58.723085+02:00 HOST-REDACTED-A kernel: pci_bus 0000:04: resource 1 [mem 0xde100000-0xde1fffff]
2026-07-21T11:07:58.723117+02:00 HOST-REDACTED-A kernel: pci_bus 0000:05: resource 0 [io  0xe000-0xefff]
2026-07-21T11:07:58.723147+02:00 HOST-REDACTED-A kernel: pci_bus 0000:05: resource 1 [mem 0xf2000000-0xf2bfffff]
2026-07-21T11:07:58.723177+02:00 HOST-REDACTED-A kernel: pci_bus 0000:05: resource 2 [mem 0xfc30000000-0xfc307fffff 64bit pref]
2026-07-21T11:07:58.723210+02:00 HOST-REDACTED-A kernel: pci_bus 0000:06: resource 0 [io  0xe000-0xefff]
2026-07-21T11:07:58.723241+02:00 HOST-REDACTED-A kernel: pci_bus 0000:06: resource 1 [mem 0xf2000000-0xf2bfffff]
2026-07-21T11:07:58.723271+02:00 HOST-REDACTED-A kernel: pci_bus 0000:06: resource 2 [mem 0xfc30000000-0xfc307fffff 64bit pref]
2026-07-21T11:07:58.723305+02:00 HOST-REDACTED-A kernel: pci_bus 0000:07: resource 1 [mem 0xf2000000-0xf20fffff]
2026-07-21T11:07:58.723339+02:00 HOST-REDACTED-A kernel: pci_bus 0000:08: resource 0 [io  0xe000-0xefff]
2026-07-21T11:07:58.723370+02:00 HOST-REDACTED-A kernel: pci_bus 0000:08: resource 1 [mem 0xf2100000-0xf29fffff]
2026-07-21T11:07:58.723403+02:00 HOST-REDACTED-A kernel: pci_bus 0000:08: resource 2 [mem 0xfc30000000-0xfc307fffff 64bit pref]
2026-07-21T11:07:58.723438+02:00 HOST-REDACTED-A kernel: pci_bus 0000:09: resource 0 [io  0xe000-0xefff]
2026-07-21T11:07:58.723471+02:00 HOST-REDACTED-A kernel: pci_bus 0000:09: resource 1 [mem 0xf2100000-0xf29fffff]
2026-07-21T11:07:58.723504+02:00 HOST-REDACTED-A kernel: pci_bus 0000:09: resource 2 [mem 0xfc30000000-0xfc307fffff 64bit pref]
2026-07-21T11:07:58.723539+02:00 HOST-REDACTED-A kernel: pci_bus 0000:0a: resource 1 [mem 0xf2100000-0xf21fffff]
2026-07-21T11:07:58.723575+02:00 HOST-REDACTED-A kernel: pci_bus 0000:0b: resource 1 [mem 0xf2200000-0xf24fffff]
2026-07-21T11:07:58.723611+02:00 HOST-REDACTED-A kernel: pci_bus 0000:0c: resource 0 [io  0xe000-0xefff]
2026-07-21T11:07:58.723645+02:00 HOST-REDACTED-A kernel: pci_bus 0000:0c: resource 1 [mem 0xf2500000-0xf25fffff]
2026-07-21T11:07:58.723681+02:00 HOST-REDACTED-A kernel: pci_bus 0000:0e: resource 1 [mem 0xf2600000-0xf27fffff]
2026-07-21T11:07:58.723715+02:00 HOST-REDACTED-A kernel: pci_bus 0000:0e: resource 2 [mem 0xfc30000000-0xfc307fffff 64bit pref]
2026-07-21T11:07:58.723756+02:00 HOST-REDACTED-A kernel: pci_bus 0000:0f: resource 1 [mem 0xf2800000-0xf28fffff]
2026-07-21T11:07:58.723792+02:00 HOST-REDACTED-A kernel: pci_bus 0000:10: resource 1 [mem 0xf2900000-0xf29fffff]
2026-07-21T11:07:58.723825+02:00 HOST-REDACTED-A kernel: pci_bus 0000:11: resource 1 [mem 0xf2a00000-0xf2afffff]
2026-07-21T11:07:58.723861+02:00 HOST-REDACTED-A kernel: pci_bus 0000:12: resource 1 [mem 0xf2b00000-0xf2bfffff]
2026-07-21T11:07:58.723893+02:00 HOST-REDACTED-A kernel: pci_bus 0000:13: resource 0 [io  0x7000-0xcfff]
2026-07-21T11:07:58.723924+02:00 HOST-REDACTED-A kernel: pci_bus 0000:13: resource 1 [mem 0xac000000-0xdc7fffff]
2026-07-21T11:07:58.723954+02:00 HOST-REDACTED-A kernel: pci_bus 0000:13: resource 2 [mem 0xb800000000-0xf7ffffffff 64bit pref]
2026-07-21T11:07:58.723987+02:00 HOST-REDACTED-A kernel: pci_bus 0000:14: resource 0 [io  0x7000-0xcfff]
2026-07-21T11:07:58.724019+02:00 HOST-REDACTED-A kernel: pci_bus 0000:14: resource 1 [mem 0xac000000-0xdc7fffff]
2026-07-21T11:07:58.724051+02:00 HOST-REDACTED-A kernel: pci_bus 0000:14: resource 2 [mem 0xb800000000-0xf7ffffffff 64bit pref]
2026-07-21T11:07:58.724084+02:00 HOST-REDACTED-A kernel: pci_bus 0000:19: resource 0 [io  0x7000-0x9fff]
2026-07-21T11:07:58.724118+02:00 HOST-REDACTED-A kernel: pci_bus 0000:19: resource 1 [mem 0xac000000-0xc3ffffff]
2026-07-21T11:07:58.724150+02:00 HOST-REDACTED-A kernel: pci_bus 0000:19: resource 2 [mem 0xb800000000-0xd7ffffffff 64bit pref]
2026-07-21T11:07:58.724183+02:00 HOST-REDACTED-A kernel: pci_bus 0000:49: resource 0 [io  0xa000-0xcfff]
2026-07-21T11:07:58.724215+02:00 HOST-REDACTED-A kernel: pci_bus 0000:49: resource 1 [mem 0xc4000000-0xdbffffff]
2026-07-21T11:07:58.724246+02:00 HOST-REDACTED-A kernel: pci_bus 0000:49: resource 2 [mem 0xd800000000-0xf7ffffffff 64bit pref]
2026-07-21T11:07:58.724280+02:00 HOST-REDACTED-A kernel: pci_bus 0000:79: resource 1 [mem 0xdc000000-0xdc3fffff]
2026-07-21T11:07:58.724315+02:00 HOST-REDACTED-A kernel: pci_bus 0000:7a: resource 1 [mem 0xdc400000-0xdc7fffff]
2026-07-21T11:07:58.724346+02:00 HOST-REDACTED-A kernel: pci_bus 0000:7b: resource 0 [io  0xd000-0xdfff]
2026-07-21T11:07:58.724376+02:00 HOST-REDACTED-A kernel: pci_bus 0000:7b: resource 1 [mem 0xdd800000-0xdddfffff]
2026-07-21T11:07:58.724405+02:00 HOST-REDACTED-A kernel: pci_bus 0000:7b: resource 2 [mem 0xfc20000000-0xfc2fffffff 64bit pref]
2026-07-21T11:07:58.724437+02:00 HOST-REDACTED-A kernel: pci_bus 0000:7c: resource 1 [mem 0xde000000-0xde0fffff]
2026-07-21T11:07:58.724473+02:00 HOST-REDACTED-A kernel: pci 0000:03:00.1: D0 power state depends on 0000:03:00.0
2026-07-21T11:07:58.724506+02:00 HOST-REDACTED-A kernel: pci 0000:7b:00.1: D0 power state depends on 0000:7b:00.0
2026-07-21T11:07:58.724510+02:00 HOST-REDACTED-A kernel: PCI: CLS 64 bytes, default 64
2026-07-21T11:07:58.724514+02:00 HOST-REDACTED-A kernel: PCI-DMA: Using software bounce buffering for IO (SWIOTLB)
2026-07-21T11:07:58.724517+02:00 HOST-REDACTED-A kernel: software IO TLB: mapped [mem 0x000000005f4ac000-0x00000000634ac000] (64MB)
2026-07-21T11:07:58.724520+02:00 HOST-REDACTED-A kernel: Trying to unpack rootfs image as initramfs...
2026-07-21T11:07:58.724523+02:00 HOST-REDACTED-A kernel: LVT offset 0 assigned for vector 0x400
2026-07-21T11:07:58.724526+02:00 HOST-REDACTED-A kernel: perf: AMD IBS detected (0x00081bff)
2026-07-21T11:07:58.724529+02:00 HOST-REDACTED-A kernel: Initialise system trusted keyrings
2026-07-21T11:07:58.724532+02:00 HOST-REDACTED-A kernel: Key type blacklist registered
2026-07-21T11:07:58.724535+02:00 HOST-REDACTED-A kernel: workingset: timestamp_bits=36 max_order=24 bucket_order=0
2026-07-21T11:07:58.724539+02:00 HOST-REDACTED-A kernel: fuse: init (API version 7.44)
2026-07-21T11:07:58.724542+02:00 HOST-REDACTED-A kernel: integrity: Platform Keyring initialized
2026-07-21T11:07:58.724545+02:00 HOST-REDACTED-A kernel: integrity: Machine keyring initialized
2026-07-21T11:07:58.724548+02:00 HOST-REDACTED-A kernel: xor: automatically using best checksumming function   avx       
2026-07-21T11:07:58.724551+02:00 HOST-REDACTED-A kernel: Key type asymmetric registered
2026-07-21T11:07:58.724554+02:00 HOST-REDACTED-A kernel: Asymmetric key parser 'x509' registered
2026-07-21T11:07:58.724557+02:00 HOST-REDACTED-A kernel: Block layer SCSI generic (bsg) driver version 0.4 loaded (major 247)
2026-07-21T11:07:58.724560+02:00 HOST-REDACTED-A kernel: io scheduler mq-deadline registered
2026-07-21T11:07:58.724563+02:00 HOST-REDACTED-A kernel: io scheduler kyber registered
2026-07-21T11:07:58.724566+02:00 HOST-REDACTED-A kernel: io scheduler bfq registered
2026-07-21T11:07:58.724569+02:00 HOST-REDACTED-A kernel: ledtrig-cpu: registered to indicate activity on CPUs
2026-07-21T11:07:58.724601+02:00 HOST-REDACTED-A kernel: pcieport 0000:00:01.1: PME: Signaling with IRQ 27
2026-07-21T11:07:58.724634+02:00 HOST-REDACTED-A kernel: pcieport 0000:00:01.2: PME: Signaling with IRQ 28
2026-07-21T11:07:58.724666+02:00 HOST-REDACTED-A kernel: pcieport 0000:00:02.1: PME: Signaling with IRQ 29
2026-07-21T11:07:58.724698+02:00 HOST-REDACTED-A kernel: pcieport 0000:00:02.2: PME: Signaling with IRQ 30
2026-07-21T11:07:58.724730+02:00 HOST-REDACTED-A kernel: pcieport 0000:00:08.1: PME: Signaling with IRQ 31
2026-07-21T11:07:58.724761+02:00 HOST-REDACTED-A kernel: pcieport 0000:00:08.3: PME: Signaling with IRQ 32
2026-07-21T11:07:58.724795+02:00 HOST-REDACTED-A kernel: pcieport 0000:14:00.0: pciehp: Slot #0 AttnBtn- PwrCtrl- MRL- AttnInd- PwrInd- HotPlug+ Surprise+ Interlock- NoCompl+ IbPresDis- LLActRep+
2026-07-21T11:07:58.724832+02:00 HOST-REDACTED-A kernel: pcieport 0000:14:01.0: pciehp: Slot #0 AttnBtn- PwrCtrl- MRL- AttnInd- PwrInd- HotPlug+ Surprise+ Interlock- NoCompl+ IbPresDis- LLActRep+
2026-07-21T11:07:58.724835+02:00 HOST-REDACTED-A kernel: input: Power Button as /devices/LNXSYSTM:00/LNXSYBUS:00/PNP0C0C:00/input/input0
2026-07-21T11:07:58.724840+02:00 HOST-REDACTED-A kernel: ACPI: button: Power Button [PWRB]
2026-07-21T11:07:58.724843+02:00 HOST-REDACTED-A kernel: input: Power Button as /devices/LNXSYSTM:00/LNXPWRBN:00/input/input1
2026-07-21T11:07:58.724846+02:00 HOST-REDACTED-A kernel: ACPI: button: Power Button [PWRF]
2026-07-21T11:07:58.724850+02:00 HOST-REDACTED-A kernel: Monitor-Mwait will be used to enter C-1 state
2026-07-21T11:07:58.724853+02:00 HOST-REDACTED-A kernel: Estimated ratio of average max frequency by base frequency (times 1024): 1086
2026-07-21T11:07:58.724856+02:00 HOST-REDACTED-A kernel: Serial: 8250/16550 driver, 32 ports, IRQ sharing enabled
2026-07-21T11:07:58.724859+02:00 HOST-REDACTED-A kernel: serial8250: ttyS0 at I/O 0x3f8 (irq = 4, base_baud = 115200) is a 16550A
2026-07-21T11:07:58.724863+02:00 HOST-REDACTED-A kernel: Non-volatile memory driver v1.3
2026-07-21T11:07:58.724866+02:00 HOST-REDACTED-A kernel: Linux agpgart interface v0.103
2026-07-21T11:07:58.724868+02:00 HOST-REDACTED-A kernel: ACPI: bus type drm_connector registered
2026-07-21T11:07:58.724905+02:00 HOST-REDACTED-A kernel: ahci 0000:10:00.0: enabling device (0000 -> 0002)
2026-07-21T11:07:58.724942+02:00 HOST-REDACTED-A kernel: ahci 0000:10:00.0: SSS flag set, parallel bus scan disabled
2026-07-21T11:07:58.724979+02:00 HOST-REDACTED-A kernel: ahci 0000:10:00.0: AHCI vers 0001.0301, 32 command slots, 6 Gbps, SATA mode
2026-07-21T11:07:58.725016+02:00 HOST-REDACTED-A kernel: ahci 0000:10:00.0: 4/6 ports implemented (port mask 0xf)
2026-07-21T11:07:58.725053+02:00 HOST-REDACTED-A kernel: ahci 0000:10:00.0: flags: 64bit ncq sntf stag pm led clo only pmp pio slum part sxs deso sadm sds apst 
2026-07-21T11:07:58.725093+02:00 HOST-REDACTED-A kernel: scsi host0: ahci
2026-07-21T11:07:58.725132+02:00 HOST-REDACTED-A kernel: scsi host1: ahci
2026-07-21T11:07:58.725169+02:00 HOST-REDACTED-A kernel: scsi host2: ahci
2026-07-21T11:07:58.725207+02:00 HOST-REDACTED-A kernel: scsi host3: ahci
2026-07-21T11:07:58.725244+02:00 HOST-REDACTED-A kernel: scsi host4: ahci
2026-07-21T11:07:58.725281+02:00 HOST-REDACTED-A kernel: scsi host5: ahci
2026-07-21T11:07:58.725285+02:00 HOST-REDACTED-A kernel: ata1: SATA max UDMA/133 abar m1024@0xf2980000 port 0xf2980100 irq 46 lpm-pol 3
2026-07-21T11:07:58.725289+02:00 HOST-REDACTED-A kernel: ata2: SATA max UDMA/133 abar m1024@0xf2980000 port 0xf2980180 irq 46 lpm-pol 3
2026-07-21T11:07:58.725292+02:00 HOST-REDACTED-A kernel: ata3: SATA max UDMA/133 abar m1024@0xf2980000 port 0xf2980200 irq 46 lpm-pol 3
2026-07-21T11:07:58.725295+02:00 HOST-REDACTED-A kernel: ata4: SATA max UDMA/133 abar m1024@0xf2980000 port 0xf2980280 irq 46 lpm-pol 3
2026-07-21T11:07:58.725298+02:00 HOST-REDACTED-A kernel: ata5: DUMMY
2026-07-21T11:07:58.725301+02:00 HOST-REDACTED-A kernel: ata6: DUMMY
2026-07-21T11:07:58.725337+02:00 HOST-REDACTED-A kernel: ahci 0000:12:00.0: enabling device (0000 -> 0002)
2026-07-21T11:07:58.725372+02:00 HOST-REDACTED-A kernel: ahci 0000:12:00.0: SSS flag set, parallel bus scan disabled
2026-07-21T11:07:58.725407+02:00 HOST-REDACTED-A kernel: ahci 0000:12:00.0: AHCI vers 0001.0301, 32 command slots, 6 Gbps, SATA mode
2026-07-21T11:07:58.725442+02:00 HOST-REDACTED-A kernel: ahci 0000:12:00.0: 4/6 ports implemented (port mask 0xf)
2026-07-21T11:07:58.725478+02:00 HOST-REDACTED-A kernel: ahci 0000:12:00.0: flags: 64bit ncq sntf stag pm led clo only pmp pio slum part sxs deso sadm sds apst 
2026-07-21T11:07:58.725513+02:00 HOST-REDACTED-A kernel: scsi host6: ahci
2026-07-21T11:07:58.725549+02:00 HOST-REDACTED-A kernel: scsi host7: ahci
2026-07-21T11:07:58.725584+02:00 HOST-REDACTED-A kernel: scsi host8: ahci
2026-07-21T11:07:58.725620+02:00 HOST-REDACTED-A kernel: scsi host9: ahci
2026-07-21T11:07:58.725655+02:00 HOST-REDACTED-A kernel: scsi host10: ahci
2026-07-21T11:07:58.725692+02:00 HOST-REDACTED-A kernel: scsi host11: ahci
2026-07-21T11:07:58.725695+02:00 HOST-REDACTED-A kernel: ata7: SATA max UDMA/133 abar m1024@0xf2b80000 port 0xf2b80100 irq 47 lpm-pol 3
2026-07-21T11:07:58.725698+02:00 HOST-REDACTED-A kernel: ata8: SATA max UDMA/133 abar m1024@0xf2b80000 port 0xf2b80180 irq 47 lpm-pol 3
2026-07-21T11:07:58.725702+02:00 HOST-REDACTED-A kernel: ata9: SATA max UDMA/133 abar m1024@0xf2b80000 port 0xf2b80200 irq 47 lpm-pol 3
2026-07-21T11:07:58.725705+02:00 HOST-REDACTED-A kernel: ata10: SATA max UDMA/133 abar m1024@0xf2b80000 port 0xf2b80280 irq 47 lpm-pol 3
2026-07-21T11:07:58.725708+02:00 HOST-REDACTED-A kernel: ata11: DUMMY
2026-07-21T11:07:58.725711+02:00 HOST-REDACTED-A kernel: ata12: DUMMY
2026-07-21T11:07:58.725747+02:00 HOST-REDACTED-A kernel: xhci_hcd 0000:0f:00.0: xHCI Host Controller
2026-07-21T11:07:58.725785+02:00 HOST-REDACTED-A kernel: xhci_hcd 0000:0f:00.0: new USB bus registered, assigned bus number 1
2026-07-21T11:07:58.725789+02:00 HOST-REDACTED-A kernel: Freeing initrd memory: 19868K
2026-07-21T11:07:58.725826+02:00 HOST-REDACTED-A kernel: xhci_hcd 0000:0f:00.0: hcc params 0x0200ef81 hci version 0x110 quirks 0x0000000000000010
2026-07-21T11:07:58.725875+02:00 HOST-REDACTED-A kernel: xhci_hcd 0000:0f:00.0: xHCI Host Controller
2026-07-21T11:07:58.725912+02:00 HOST-REDACTED-A kernel: xhci_hcd 0000:0f:00.0: new USB bus registered, assigned bus number 2
2026-07-21T11:07:58.725949+02:00 HOST-REDACTED-A kernel: xhci_hcd 0000:0f:00.0: Host supports USB 3.2 Enhanced SuperSpeed
2026-07-21T11:07:58.725985+02:00 HOST-REDACTED-A kernel: usb usb1: New USB device found, idVendor=1d6b, idProduct=0002, bcdDevice= 6.16
2026-07-21T11:07:58.726017+02:00 HOST-REDACTED-A kernel: usb usb1: New USB device strings: Mfr=3, Product=2, SerialNumber=1
2026-07-21T11:07:58.726047+02:00 HOST-REDACTED-A kernel: usb usb1: Product: xHCI Host Controller
2026-07-21T11:07:58.726078+02:00 HOST-REDACTED-A kernel: usb usb1: Manufacturer: Linux 6.16.12-drmexec7-valve24.5-1-neptune-616-drm-exec-gf253f5da553e xhci-hcd
2026-07-21T11:07:58.726108+02:00 HOST-REDACTED-A kernel: usb usb1: device_identifier: SERIAL-REDACTED-USB
2026-07-21T11:07:58.726149+02:00 HOST-REDACTED-A kernel: hub 1-0:1.0: USB hub found
2026-07-21T11:07:58.726189+02:00 HOST-REDACTED-A kernel: hub 1-0:1.0: 12 ports detected
2026-07-21T11:07:58.726230+02:00 HOST-REDACTED-A kernel: usb usb2: We don't know the algorithms for LPM for this host, disabling LPM.
2026-07-21T11:07:58.726261+02:00 HOST-REDACTED-A kernel: usb usb2: New USB device found, idVendor=1d6b, idProduct=0003, bcdDevice= 6.16
2026-07-21T11:07:58.726291+02:00 HOST-REDACTED-A kernel: usb usb2: New USB device strings: Mfr=3, Product=2, SerialNumber=1
2026-07-21T11:07:58.726321+02:00 HOST-REDACTED-A kernel: usb usb2: Product: xHCI Host Controller
2026-07-21T11:07:58.726350+02:00 HOST-REDACTED-A kernel: usb usb2: Manufacturer: Linux 6.16.12-drmexec7-valve24.5-1-neptune-616-drm-exec-gf253f5da553e xhci-hcd
2026-07-21T11:07:58.726379+02:00 HOST-REDACTED-A kernel: usb usb2: device_identifier: SERIAL-REDACTED-USB
2026-07-21T11:07:58.726419+02:00 HOST-REDACTED-A kernel: hub 2-0:1.0: USB hub found
2026-07-21T11:07:58.726459+02:00 HOST-REDACTED-A kernel: hub 2-0:1.0: 5 ports detected
2026-07-21T11:07:58.726495+02:00 HOST-REDACTED-A kernel: xhci_hcd 0000:11:00.0: xHCI Host Controller
2026-07-21T11:07:58.726530+02:00 HOST-REDACTED-A kernel: xhci_hcd 0000:11:00.0: new USB bus registered, assigned bus number 3
2026-07-21T11:07:58.726566+02:00 HOST-REDACTED-A kernel: xhci_hcd 0000:11:00.0: hcc params 0x0200ef81 hci version 0x110 quirks 0x0000000000000010
2026-07-21T11:07:58.726600+02:00 HOST-REDACTED-A kernel: xhci_hcd 0000:11:00.0: xHCI Host Controller
2026-07-21T11:07:58.726635+02:00 HOST-REDACTED-A kernel: xhci_hcd 0000:11:00.0: new USB bus registered, assigned bus number 4
2026-07-21T11:07:58.726670+02:00 HOST-REDACTED-A kernel: xhci_hcd 0000:11:00.0: Host supports USB 3.2 Enhanced SuperSpeed
2026-07-21T11:07:58.726698+02:00 HOST-REDACTED-A kernel: usb usb3: New USB device found, idVendor=1d6b, idProduct=0002, bcdDevice= 6.16
2026-07-21T11:07:58.726726+02:00 HOST-REDACTED-A kernel: usb usb3: New USB device strings: Mfr=3, Product=2, SerialNumber=1
2026-07-21T11:07:58.726754+02:00 HOST-REDACTED-A kernel: usb usb3: Product: xHCI Host Controller
2026-07-21T11:07:58.726781+02:00 HOST-REDACTED-A kernel: usb usb3: Manufacturer: Linux 6.16.12-drmexec7-valve24.5-1-neptune-616-drm-exec-gf253f5da553e xhci-hcd
2026-07-21T11:07:58.726808+02:00 HOST-REDACTED-A kernel: usb usb3: device_identifier: SERIAL-REDACTED-USB
2026-07-21T11:07:58.726849+02:00 HOST-REDACTED-A kernel: hub 3-0:1.0: USB hub found
2026-07-21T11:07:58.726887+02:00 HOST-REDACTED-A kernel: hub 3-0:1.0: 12 ports detected
2026-07-21T11:07:58.726926+02:00 HOST-REDACTED-A kernel: usb usb4: We don't know the algorithms for LPM for this host, disabling LPM.
2026-07-21T11:07:58.726954+02:00 HOST-REDACTED-A kernel: usb usb4: New USB device found, idVendor=1d6b, idProduct=0003, bcdDevice= 6.16
2026-07-21T11:07:58.726981+02:00 HOST-REDACTED-A kernel: usb usb4: New USB device strings: Mfr=3, Product=2, SerialNumber=1
2026-07-21T11:07:58.727008+02:00 HOST-REDACTED-A kernel: usb usb4: Product: xHCI Host Controller
2026-07-21T11:07:58.727035+02:00 HOST-REDACTED-A kernel: usb usb4: Manufacturer: Linux 6.16.12-drmexec7-valve24.5-1-neptune-616-drm-exec-gf253f5da553e xhci-hcd
2026-07-21T11:07:58.727063+02:00 HOST-REDACTED-A kernel: usb usb4: device_identifier: SERIAL-REDACTED-USB
2026-07-21T11:07:58.727101+02:00 HOST-REDACTED-A kernel: hub 4-0:1.0: USB hub found
2026-07-21T11:07:58.727138+02:00 HOST-REDACTED-A kernel: hub 4-0:1.0: 5 ports detected
2026-07-21T11:07:58.727173+02:00 HOST-REDACTED-A kernel: xhci_hcd 0000:79:00.0: xHCI Host Controller
2026-07-21T11:07:58.727209+02:00 HOST-REDACTED-A kernel: xhci_hcd 0000:79:00.0: new USB bus registered, assigned bus number 5
2026-07-21T11:07:58.727243+02:00 HOST-REDACTED-A kernel: xhci_hcd 0000:79:00.0: hcc params 0x0200ef81 hci version 0x120 quirks 0x0000000200000010
2026-07-21T11:07:58.727279+02:00 HOST-REDACTED-A kernel: xhci_hcd 0000:79:00.0: xHCI Host Controller
2026-07-21T11:07:58.727315+02:00 HOST-REDACTED-A kernel: xhci_hcd 0000:79:00.0: new USB bus registered, assigned bus number 6
2026-07-21T11:07:58.727350+02:00 HOST-REDACTED-A kernel: xhci_hcd 0000:79:00.0: Host supports USB 3.2 Enhanced SuperSpeed
2026-07-21T11:07:58.727377+02:00 HOST-REDACTED-A kernel: usb usb5: New USB device found, idVendor=1d6b, idProduct=0002, bcdDevice= 6.16
2026-07-21T11:07:58.727405+02:00 HOST-REDACTED-A kernel: usb usb5: New USB device strings: Mfr=3, Product=2, SerialNumber=1
2026-07-21T11:07:58.727433+02:00 HOST-REDACTED-A kernel: usb usb5: Product: xHCI Host Controller
2026-07-21T11:07:58.727460+02:00 HOST-REDACTED-A kernel: usb usb5: Manufacturer: Linux 6.16.12-drmexec7-valve24.5-1-neptune-616-drm-exec-gf253f5da553e xhci-hcd
2026-07-21T11:07:58.727486+02:00 HOST-REDACTED-A kernel: usb usb5: device_identifier: SERIAL-REDACTED-USB
2026-07-21T11:07:58.727524+02:00 HOST-REDACTED-A kernel: hub 5-0:1.0: USB hub found
2026-07-21T11:07:58.727562+02:00 HOST-REDACTED-A kernel: hub 5-0:1.0: 2 ports detected
2026-07-21T11:07:58.727600+02:00 HOST-REDACTED-A kernel: usb usb6: We don't know the algorithms for LPM for this host, disabling LPM.
2026-07-21T11:07:58.727629+02:00 HOST-REDACTED-A kernel: usb usb6: New USB device found, idVendor=1d6b, idProduct=0003, bcdDevice= 6.16
2026-07-21T11:07:58.727656+02:00 HOST-REDACTED-A kernel: usb usb6: New USB device strings: Mfr=3, Product=2, SerialNumber=1
2026-07-21T11:07:58.727683+02:00 HOST-REDACTED-A kernel: usb usb6: Product: xHCI Host Controller
2026-07-21T11:07:58.727710+02:00 HOST-REDACTED-A kernel: usb usb6: Manufacturer: Linux 6.16.12-drmexec7-valve24.5-1-neptune-616-drm-exec-gf253f5da553e xhci-hcd
2026-07-21T11:07:58.727737+02:00 HOST-REDACTED-A kernel: usb usb6: device_identifier: SERIAL-REDACTED-USB
2026-07-21T11:07:58.727775+02:00 HOST-REDACTED-A kernel: hub 6-0:1.0: USB hub found
2026-07-21T11:07:58.727813+02:00 HOST-REDACTED-A kernel: hub 6-0:1.0: 2 ports detected
2026-07-21T11:07:58.727849+02:00 HOST-REDACTED-A kernel: xhci_hcd 0000:7b:00.3: xHCI Host Controller
2026-07-21T11:07:58.727883+02:00 HOST-REDACTED-A kernel: xhci_hcd 0000:7b:00.3: new USB bus registered, assigned bus number 7
2026-07-21T11:07:58.727917+02:00 HOST-REDACTED-A kernel: xhci_hcd 0000:7b:00.3: hcc params 0x0120ffc5 hci version 0x120 quirks 0x0000000200000010
2026-07-21T11:07:58.727950+02:00 HOST-REDACTED-A kernel: xhci_hcd 0000:7b:00.3: xHCI Host Controller
2026-07-21T11:07:58.727988+02:00 HOST-REDACTED-A kernel: xhci_hcd 0000:7b:00.3: new USB bus registered, assigned bus number 8
2026-07-21T11:07:58.728021+02:00 HOST-REDACTED-A kernel: xhci_hcd 0000:7b:00.3: Host supports USB 3.1 Enhanced SuperSpeed
2026-07-21T11:07:58.728047+02:00 HOST-REDACTED-A kernel: usb usb7: New USB device found, idVendor=1d6b, idProduct=0002, bcdDevice= 6.16
2026-07-21T11:07:58.728074+02:00 HOST-REDACTED-A kernel: usb usb7: New USB device strings: Mfr=3, Product=2, SerialNumber=1
2026-07-21T11:07:58.728099+02:00 HOST-REDACTED-A kernel: usb usb7: Product: xHCI Host Controller
2026-07-21T11:07:58.728124+02:00 HOST-REDACTED-A kernel: usb usb7: Manufacturer: Linux 6.16.12-drmexec7-valve24.5-1-neptune-616-drm-exec-gf253f5da553e xhci-hcd
2026-07-21T11:07:58.728149+02:00 HOST-REDACTED-A kernel: usb usb7: device_identifier: SERIAL-REDACTED-USB
2026-07-21T11:07:58.728185+02:00 HOST-REDACTED-A kernel: hub 7-0:1.0: USB hub found
2026-07-21T11:07:58.728221+02:00 HOST-REDACTED-A kernel: hub 7-0:1.0: 2 ports detected
2026-07-21T11:07:58.728258+02:00 HOST-REDACTED-A kernel: usb usb8: We don't know the algorithms for LPM for this host, disabling LPM.
2026-07-21T11:07:58.728285+02:00 HOST-REDACTED-A kernel: usb usb8: New USB device found, idVendor=1d6b, idProduct=0003, bcdDevice= 6.16
2026-07-21T11:07:58.728311+02:00 HOST-REDACTED-A kernel: usb usb8: New USB device strings: Mfr=3, Product=2, SerialNumber=1
2026-07-21T11:07:58.728337+02:00 HOST-REDACTED-A kernel: usb usb8: Product: xHCI Host Controller
2026-07-21T11:07:58.728363+02:00 HOST-REDACTED-A kernel: usb usb8: Manufacturer: Linux 6.16.12-drmexec7-valve24.5-1-neptune-616-drm-exec-gf253f5da553e xhci-hcd
2026-07-21T11:07:58.728387+02:00 HOST-REDACTED-A kernel: usb usb8: device_identifier: SERIAL-REDACTED-USB
2026-07-21T11:07:58.728425+02:00 HOST-REDACTED-A kernel: hub 8-0:1.0: USB hub found
2026-07-21T11:07:58.728462+02:00 HOST-REDACTED-A kernel: hub 8-0:1.0: 2 ports detected
2026-07-21T11:07:58.728495+02:00 HOST-REDACTED-A kernel: xhci_hcd 0000:7b:00.4: xHCI Host Controller
2026-07-21T11:07:58.728528+02:00 HOST-REDACTED-A kernel: xhci_hcd 0000:7b:00.4: new USB bus registered, assigned bus number 9
2026-07-21T11:07:58.728562+02:00 HOST-REDACTED-A kernel: xhci_hcd 0000:7b:00.4: hcc params 0x0120ffc5 hci version 0x120 quirks 0x0000000200000010
2026-07-21T11:07:58.728596+02:00 HOST-REDACTED-A kernel: xhci_hcd 0000:7b:00.4: xHCI Host Controller
2026-07-21T11:07:58.728630+02:00 HOST-REDACTED-A kernel: xhci_hcd 0000:7b:00.4: new USB bus registered, assigned bus number 10
2026-07-21T11:07:58.728666+02:00 HOST-REDACTED-A kernel: xhci_hcd 0000:7b:00.4: Host supports USB 3.1 Enhanced SuperSpeed
2026-07-21T11:07:58.728693+02:00 HOST-REDACTED-A kernel: usb usb9: New USB device found, idVendor=1d6b, idProduct=0002, bcdDevice= 6.16
2026-07-21T11:07:58.728719+02:00 HOST-REDACTED-A kernel: usb usb9: New USB device strings: Mfr=3, Product=2, SerialNumber=1
2026-07-21T11:07:58.728744+02:00 HOST-REDACTED-A kernel: usb usb9: Product: xHCI Host Controller
2026-07-21T11:07:58.728770+02:00 HOST-REDACTED-A kernel: usb usb9: Manufacturer: Linux 6.16.12-drmexec7-valve24.5-1-neptune-616-drm-exec-gf253f5da553e xhci-hcd
2026-07-21T11:07:58.728797+02:00 HOST-REDACTED-A kernel: usb usb9: device_identifier: SERIAL-REDACTED-USB
2026-07-21T11:07:58.728833+02:00 HOST-REDACTED-A kernel: hub 9-0:1.0: USB hub found
2026-07-21T11:07:58.728888+02:00 HOST-REDACTED-A kernel: hub 9-0:1.0: 2 ports detected
2026-07-21T11:07:58.728924+02:00 HOST-REDACTED-A kernel: usb usb10: We don't know the algorithms for LPM for this host, disabling LPM.
2026-07-21T11:07:58.728952+02:00 HOST-REDACTED-A kernel: usb usb10: New USB device found, idVendor=1d6b, idProduct=0003, bcdDevice= 6.16
2026-07-21T11:07:58.728977+02:00 HOST-REDACTED-A kernel: usb usb10: New USB device strings: Mfr=3, Product=2, SerialNumber=1
2026-07-21T11:07:58.729002+02:00 HOST-REDACTED-A kernel: usb usb10: Product: xHCI Host Controller
2026-07-21T11:07:58.729028+02:00 HOST-REDACTED-A kernel: usb usb10: Manufacturer: Linux 6.16.12-drmexec7-valve24.5-1-neptune-616-drm-exec-gf253f5da553e xhci-hcd
2026-07-21T11:07:58.729054+02:00 HOST-REDACTED-A kernel: usb usb10: device_identifier: SERIAL-REDACTED-USB
2026-07-21T11:07:58.729091+02:00 HOST-REDACTED-A kernel: hub 10-0:1.0: USB hub found
2026-07-21T11:07:58.729126+02:00 HOST-REDACTED-A kernel: hub 10-0:1.0: 2 ports detected
2026-07-21T11:07:58.729160+02:00 HOST-REDACTED-A kernel: xhci_hcd 0000:7c:00.0: xHCI Host Controller
2026-07-21T11:07:58.729194+02:00 HOST-REDACTED-A kernel: xhci_hcd 0000:7c:00.0: new USB bus registered, assigned bus number 11
2026-07-21T11:07:58.729228+02:00 HOST-REDACTED-A kernel: xhci_hcd 0000:7c:00.0: USB3 root hub has no ports
2026-07-21T11:07:58.729261+02:00 HOST-REDACTED-A kernel: xhci_hcd 0000:7c:00.0: hcc params 0x0110ffc5 hci version 0x120 quirks 0x0000000200000010
2026-07-21T11:07:58.729295+02:00 HOST-REDACTED-A kernel: xhci_hcd 0000:7c:00.0: xHCI Host Controller
2026-07-21T11:07:58.729329+02:00 HOST-REDACTED-A kernel: xhci_hcd 0000:7c:00.0: new USB bus registered, assigned bus number 12
2026-07-21T11:07:58.729362+02:00 HOST-REDACTED-A kernel: xhci_hcd 0000:7c:00.0: Host supports USB 3.0 SuperSpeed
2026-07-21T11:07:58.729389+02:00 HOST-REDACTED-A kernel: usb usb11: New USB device found, idVendor=1d6b, idProduct=0002, bcdDevice= 6.16
2026-07-21T11:07:58.729415+02:00 HOST-REDACTED-A kernel: usb usb11: New USB device strings: Mfr=3, Product=2, SerialNumber=1
2026-07-21T11:07:58.729440+02:00 HOST-REDACTED-A kernel: usb usb11: Product: xHCI Host Controller
2026-07-21T11:07:58.729466+02:00 HOST-REDACTED-A kernel: usb usb11: Manufacturer: Linux 6.16.12-drmexec7-valve24.5-1-neptune-616-drm-exec-gf253f5da553e xhci-hcd
2026-07-21T11:07:58.729491+02:00 HOST-REDACTED-A kernel: usb usb11: device_identifier: SERIAL-REDACTED-USB
2026-07-21T11:07:58.729527+02:00 HOST-REDACTED-A kernel: hub 11-0:1.0: USB hub found
2026-07-21T11:07:58.729564+02:00 HOST-REDACTED-A kernel: hub 11-0:1.0: 1 port detected
2026-07-21T11:07:58.729603+02:00 HOST-REDACTED-A kernel: usb usb12: We don't know the algorithms for LPM for this host, disabling LPM.
2026-07-21T11:07:58.729630+02:00 HOST-REDACTED-A kernel: usb usb12: New USB device found, idVendor=1d6b, idProduct=0003, bcdDevice= 6.16
2026-07-21T11:07:58.729655+02:00 HOST-REDACTED-A kernel: usb usb12: New USB device strings: Mfr=3, Product=2, SerialNumber=1
2026-07-21T11:07:58.729681+02:00 HOST-REDACTED-A kernel: usb usb12: Product: xHCI Host Controller
2026-07-21T11:07:58.729706+02:00 HOST-REDACTED-A kernel: usb usb12: Manufacturer: Linux 6.16.12-drmexec7-valve24.5-1-neptune-616-drm-exec-gf253f5da553e xhci-hcd
2026-07-21T11:07:58.729732+02:00 HOST-REDACTED-A kernel: usb usb12: device_identifier: SERIAL-REDACTED-USB
2026-07-21T11:07:58.729768+02:00 HOST-REDACTED-A kernel: hub 12-0:1.0: USB hub found
2026-07-21T11:07:58.729803+02:00 HOST-REDACTED-A kernel: hub 12-0:1.0: config failed, hub doesn't have any ports! (err -19)
2026-07-21T11:07:58.729807+02:00 HOST-REDACTED-A kernel: usbcore: registered new interface driver usbserial_generic
2026-07-21T11:07:58.729810+02:00 HOST-REDACTED-A kernel: usbserial: USB Serial support registered for generic
2026-07-21T11:07:58.729813+02:00 HOST-REDACTED-A kernel: i8042: PNP: No PS/2 controller found.
2026-07-21T11:07:58.729844+02:00 HOST-REDACTED-A kernel: rtc_cmos 00:02: RTC can wake from S4
2026-07-21T11:07:58.729876+02:00 HOST-REDACTED-A kernel: rtc_cmos 00:02: registered as rtc0
2026-07-21T11:07:58.729906+02:00 HOST-REDACTED-A kernel: rtc_cmos 00:02: setting system clock to 2026-07-21T09:07:54 UTC (1784624874)
2026-07-21T11:07:58.729937+02:00 HOST-REDACTED-A kernel: rtc_cmos 00:02: alarms up to one month, y3k, 114 bytes nvram
2026-07-21T11:07:58.729940+02:00 HOST-REDACTED-A kernel: efifb: probing for efifb
2026-07-21T11:07:58.729943+02:00 HOST-REDACTED-A kernel: efifb: showing boot graphics
2026-07-21T11:07:58.729946+02:00 HOST-REDACTED-A kernel: efifb: framebuffer at 0xf800000000, using 3072k, total 3072k
2026-07-21T11:07:58.729949+02:00 HOST-REDACTED-A kernel: efifb: mode is 1024x768x32, linelength=4096, pages=1
2026-07-21T11:07:58.729952+02:00 HOST-REDACTED-A kernel: efifb: scrolling: redraw
2026-07-21T11:07:58.729955+02:00 HOST-REDACTED-A kernel: efifb: Truecolor: size=8:8:8:8, shift=24:16:8:0
2026-07-21T11:07:58.729958+02:00 HOST-REDACTED-A kernel: fbcon: Deferring console take-over
2026-07-21T11:07:58.729961+02:00 HOST-REDACTED-A kernel: fb0: EFI VGA frame buffer device
2026-07-21T11:07:58.729964+02:00 HOST-REDACTED-A kernel: hid: raw HID events driver (C) Jiri Kosina
2026-07-21T11:07:58.729967+02:00 HOST-REDACTED-A kernel: usbcore: registered new interface driver usbhid
2026-07-21T11:07:58.729970+02:00 HOST-REDACTED-A kernel: usbhid: USB HID core driver
2026-07-21T11:07:58.729973+02:00 HOST-REDACTED-A kernel: drop_monitor: Initializing network drop monitor service
2026-07-21T11:07:58.729976+02:00 HOST-REDACTED-A kernel: NET: Registered PF_INET6 protocol family
2026-07-21T11:07:58.729979+02:00 HOST-REDACTED-A kernel: Segment Routing with IPv6
2026-07-21T11:07:58.729982+02:00 HOST-REDACTED-A kernel: RPL Segment Routing with IPv6
2026-07-21T11:07:58.729985+02:00 HOST-REDACTED-A kernel: In-situ OAM (IOAM) with IPv6
2026-07-21T11:07:58.729988+02:00 HOST-REDACTED-A kernel: NET: Registered PF_PACKET protocol family
2026-07-21T11:07:58.729991+02:00 HOST-REDACTED-A kernel: x86/amd: Previous system reset reason [0x00080800]: software wrote 0x6 to reset control register 0xCF9
2026-07-21T11:07:58.729994+02:00 HOST-REDACTED-A kernel: microcode: Current revision: 0x0b404035
2026-07-21T11:07:58.729997+02:00 HOST-REDACTED-A kernel: resctrl: L3 allocation detected
2026-07-21T11:07:58.730000+02:00 HOST-REDACTED-A kernel: resctrl: MB allocation detected
2026-07-21T11:07:58.730003+02:00 HOST-REDACTED-A kernel: resctrl: SMBA allocation detected
2026-07-21T11:07:58.730006+02:00 HOST-REDACTED-A kernel: resctrl: L3 monitoring detected
2026-07-21T11:07:58.730009+02:00 HOST-REDACTED-A kernel: IPI shorthand broadcast: enabled
2026-07-21T11:07:58.730012+02:00 HOST-REDACTED-A kernel: sched_clock: Marking stable (577000654, 307583)->(584199217, -6890980)
2026-07-21T11:07:58.730015+02:00 HOST-REDACTED-A kernel: registered taskstats version 1
2026-07-21T11:07:58.730018+02:00 HOST-REDACTED-A kernel: Loading compiled-in X.509 certificates
2026-07-21T11:07:58.730021+02:00 HOST-REDACTED-A kernel: Loaded X.509 cert 'Build time autogenerated kernel key: cfbf924b7f259208b3259564cf7f1ce9ffe84d4a'
2026-07-21T11:07:58.730024+02:00 HOST-REDACTED-A kernel: zswap: loaded using pool zstd/zsmalloc
2026-07-21T11:07:58.730027+02:00 HOST-REDACTED-A kernel: Demotion targets for Node 0: null
2026-07-21T11:07:58.730030+02:00 HOST-REDACTED-A kernel: Key type .fscrypt registered
2026-07-21T11:07:58.730033+02:00 HOST-REDACTED-A kernel: Key type fscrypt-provisioning registered
2026-07-21T11:07:58.730036+02:00 HOST-REDACTED-A kernel: Btrfs loaded, zoned=yes, fsverity=yes
2026-07-21T11:07:58.730039+02:00 HOST-REDACTED-A kernel: Key type big_key registered
2026-07-21T11:07:58.730042+02:00 HOST-REDACTED-A kernel: integrity: Loading X.509 certificate: UEFI:db
2026-07-21T11:07:58.730045+02:00 HOST-REDACTED-A kernel: integrity: Loaded X.509 cert 'ASUSTeK MotherBoard SW Key Certificate: CERTIFICATE-FINGERPRINT-REDACTED'
2026-07-21T11:07:58.730048+02:00 HOST-REDACTED-A kernel: integrity: Loading X.509 certificate: UEFI:db
2026-07-21T11:07:58.730051+02:00 HOST-REDACTED-A kernel: integrity: Loaded X.509 cert 'ASUSTeK Notebook SW Key Certificate: CERTIFICATE-FINGERPRINT-REDACTED'
2026-07-21T11:07:58.730055+02:00 HOST-REDACTED-A kernel: integrity: Loading X.509 certificate: UEFI:db
2026-07-21T11:07:58.730058+02:00 HOST-REDACTED-A kernel: integrity: Loaded X.509 cert 'Microsoft Corporation UEFI CA 2011: 13adbf4309bd82709c8cd54f316ed522988a1bd4'
2026-07-21T11:07:58.730060+02:00 HOST-REDACTED-A kernel: integrity: Loading X.509 certificate: UEFI:db
2026-07-21T11:07:58.730063+02:00 HOST-REDACTED-A kernel: integrity: Loaded X.509 cert 'Microsoft Windows Production PCA 2011: a92902398e16c49778cd90f99e4f9ae17c55af53'
2026-07-21T11:07:58.730066+02:00 HOST-REDACTED-A kernel: integrity: Loading X.509 certificate: UEFI:db
2026-07-21T11:07:58.730069+02:00 HOST-REDACTED-A kernel: integrity: Loaded X.509 cert 'Microsoft UEFI CA 2023: 81aa6b3244c935bce0d6628af39827421e32497d'
2026-07-21T11:07:58.730072+02:00 HOST-REDACTED-A kernel: integrity: Loading X.509 certificate: UEFI:db
2026-07-21T11:07:58.730075+02:00 HOST-REDACTED-A kernel: integrity: Loaded X.509 cert 'Microsoft Corporation: Windows UEFI CA 2023: aefc5fbbbe055d8f8daa585473499417ab5a5272'
2026-07-21T11:07:58.730078+02:00 HOST-REDACTED-A kernel: PM:   Magic number: 2:602:121
2026-07-21T11:07:58.730112+02:00 HOST-REDACTED-A kernel: memory memory266: hash matches
2026-07-21T11:07:58.730116+02:00 HOST-REDACTED-A kernel: RAS: Correctable Errors collector initialized.
2026-07-21T11:07:58.730119+02:00 HOST-REDACTED-A kernel: clk: Disabling unused clocks
2026-07-21T11:07:58.730122+02:00 HOST-REDACTED-A kernel: PM: genpd: Disabling unused power domains
2026-07-21T11:07:58.730125+02:00 HOST-REDACTED-A kernel: ata7: SATA link down (SStatus 0 SControl 300)
2026-07-21T11:07:58.730127+02:00 HOST-REDACTED-A kernel: ata1: SATA link down (SStatus 0 SControl 300)
2026-07-21T11:07:58.730169+02:00 HOST-REDACTED-A kernel: usb 1-2: new high-speed USB device number 2 using xhci_hcd
2026-07-21T11:07:58.730208+02:00 HOST-REDACTED-A kernel: usb 9-2: new full-speed USB device number 2 using xhci_hcd
2026-07-21T11:07:58.730249+02:00 HOST-REDACTED-A kernel: usb 3-4: new high-speed USB device number 2 using xhci_hcd
2026-07-21T11:07:58.730277+02:00 HOST-REDACTED-A kernel: usb 9-2: New USB device found, idVendor=0451, idProduct=2036, bcdDevice= 1.01
2026-07-21T11:07:58.730303+02:00 HOST-REDACTED-A kernel: usb 9-2: New USB device strings: Mfr=0, Product=1, SerialNumber=0
2026-07-21T11:07:58.730330+02:00 HOST-REDACTED-A kernel: usb 9-2: Product: General Purpose USB Hub
2026-07-21T11:07:58.730367+02:00 HOST-REDACTED-A kernel: hub 9-2:1.0: USB hub found
2026-07-21T11:07:58.730404+02:00 HOST-REDACTED-A kernel: hub 9-2:1.0: 3 ports detected
2026-07-21T11:07:58.730435+02:00 HOST-REDACTED-A kernel: usb 1-2: New USB device found, idVendor=19f5, idProduct=6130, bcdDevice= 1.03
2026-07-21T11:07:58.730465+02:00 HOST-REDACTED-A kernel: usb 1-2: New USB device strings: Mfr=1, Product=2, SerialNumber=3
2026-07-21T11:07:58.730496+02:00 HOST-REDACTED-A kernel: usb 1-2: Product: NuPhy BH65
2026-07-21T11:07:58.730526+02:00 HOST-REDACTED-A kernel: usb 1-2: Manufacturer: NuPhy
2026-07-21T11:07:58.730556+02:00 HOST-REDACTED-A kernel: usb 1-2: device_identifier: SERIAL-REDACTED-USB
2026-07-21T11:07:58.730560+02:00 HOST-REDACTED-A kernel: input: NuPhy NuPhy BH65 as /devices/pci0000:00/0000:00:02.1/0000:05:00.0/0000:06:08.0/0000:08:00.0/0000:09:0c.0/0000:0f:00.0/usb1/1-2/1-2:1.0/0003:19F5:6130.0001/input/input2
2026-07-21T11:07:58.730563+02:00 HOST-REDACTED-A kernel: ata2: SATA link down (SStatus 0 SControl 300)
2026-07-21T11:07:58.730593+02:00 HOST-REDACTED-A kernel: usb 3-4: New USB device found, idVendor=174c, idProduct=2074, bcdDevice= 0.01
2026-07-21T11:07:58.730622+02:00 HOST-REDACTED-A kernel: usb 3-4: New USB device strings: Mfr=2, Product=3, SerialNumber=0
2026-07-21T11:07:58.730649+02:00 HOST-REDACTED-A kernel: usb 3-4: Product: ASM107x
2026-07-21T11:07:58.730677+02:00 HOST-REDACTED-A kernel: usb 3-4: Manufacturer: ASUS TEK.
2026-07-21T11:07:58.730723+02:00 HOST-REDACTED-A kernel: hid-generic 0003:19F5:6130.0001: input,hidraw0: USB HID v1.11 Keyboard [NuPhy NuPhy BH65] on usb-0000:0f:00.0-2/input0
2026-07-21T11:07:58.730762+02:00 HOST-REDACTED-A kernel: hub 3-4:1.0: USB hub found
2026-07-21T11:07:58.730767+02:00 HOST-REDACTED-A kernel: input: NuPhy NuPhy BH65 as /devices/pci0000:00/0000:00:02.1/0000:05:00.0/0000:06:08.0/0000:08:00.0/0000:09:0c.0/0000:0f:00.0/usb1/1-2/1-2:1.1/0003:19F5:6130.0002/input/input3
2026-07-21T11:07:58.730810+02:00 HOST-REDACTED-A kernel: hid-generic 0003:19F5:6130.0002: input,hidraw1: USB HID v1.10 Device [NuPhy NuPhy BH65] on usb-0000:0f:00.0-2/input1
2026-07-21T11:07:58.730853+02:00 HOST-REDACTED-A kernel: hub 3-4:1.0: 4 ports detected
2026-07-21T11:07:58.730857+02:00 HOST-REDACTED-A kernel: input: NuPhy NuPhy BH65 Keyboard as /devices/pci0000:00/0000:00:02.1/0000:05:00.0/0000:06:08.0/0000:08:00.0/0000:09:0c.0/0000:0f:00.0/usb1/1-2/1-2:1.2/0003:19F5:6130.0003/input/input4
2026-07-21T11:07:58.730860+02:00 HOST-REDACTED-A kernel: input: NuPhy NuPhy BH65 Mouse as /devices/pci0000:00/0000:00:02.1/0000:05:00.0/0000:06:08.0/0000:08:00.0/0000:09:0c.0/0000:0f:00.0/usb1/1-2/1-2:1.2/0003:19F5:6130.0003/input/input5
2026-07-21T11:07:58.730863+02:00 HOST-REDACTED-A kernel: input: NuPhy NuPhy BH65 Wireless Radio Control as /devices/pci0000:00/0000:00:02.1/0000:05:00.0/0000:06:08.0/0000:08:00.0/0000:09:0c.0/0000:0f:00.0/usb1/1-2/1-2:1.2/0003:19F5:6130.0003/input/input6
2026-07-21T11:07:58.730905+02:00 HOST-REDACTED-A kernel: hid-generic 0003:19F5:6130.0003: input,hidraw2: USB HID v1.10 Keyboard [NuPhy NuPhy BH65] on usb-0000:0f:00.0-2/input2
2026-07-21T11:07:58.730946+02:00 HOST-REDACTED-A kernel: usb 4-4: new SuperSpeed USB device number 2 using xhci_hcd
2026-07-21T11:07:58.730976+02:00 HOST-REDACTED-A kernel: usb 4-4: New USB device found, idVendor=174c, idProduct=3074, bcdDevice= 0.01
2026-07-21T11:07:58.731005+02:00 HOST-REDACTED-A kernel: usb 4-4: New USB device strings: Mfr=2, Product=3, SerialNumber=0
2026-07-21T11:07:58.731034+02:00 HOST-REDACTED-A kernel: usb 4-4: Product: ASM107x
2026-07-21T11:07:58.731064+02:00 HOST-REDACTED-A kernel: usb 4-4: Manufacturer: ASUS TEK.
2026-07-21T11:07:58.731103+02:00 HOST-REDACTED-A kernel: hub 4-4:1.0: USB hub found
2026-07-21T11:07:58.731141+02:00 HOST-REDACTED-A kernel: hub 4-4:1.0: 4 ports detected
2026-07-21T11:07:58.731180+02:00 HOST-REDACTED-A kernel: usb 9-2.2: new full-speed USB device number 3 using xhci_hcd
2026-07-21T11:07:58.731222+02:00 HOST-REDACTED-A kernel: usb 1-9: new high-speed USB device number 3 using xhci_hcd
2026-07-21T11:07:58.731227+02:00 HOST-REDACTED-A kernel: ata3: SATA link down (SStatus 0 SControl 300)
2026-07-21T11:07:58.731266+02:00 HOST-REDACTED-A kernel: usb 3-5: new high-speed USB device number 3 using xhci_hcd
2026-07-21T11:07:58.731295+02:00 HOST-REDACTED-A kernel: usb 9-2.2: New USB device found, idVendor=1038, idProduct=1290, bcdDevice= 6.00
2026-07-21T11:07:58.731323+02:00 HOST-REDACTED-A kernel: usb 9-2.2: New USB device strings: Mfr=1, Product=2, SerialNumber=0
2026-07-21T11:07:58.731351+02:00 HOST-REDACTED-A kernel: usb 9-2.2: Product: Arctis Pro Wireless
2026-07-21T11:07:58.731378+02:00 HOST-REDACTED-A kernel: usb 9-2.2: Manufacturer: SteelSeries
2026-07-21T11:07:58.731382+02:00 HOST-REDACTED-A kernel: tsc: Refined TSC clocksource calibration: 4700.020 MHz
2026-07-21T11:07:58.731385+02:00 HOST-REDACTED-A kernel: clocksource: tsc: mask: 0xffffffffffffffff max_cycles: 0x43bf8032fc1, max_idle_ns: 440795339624 ns
2026-07-21T11:07:58.731388+02:00 HOST-REDACTED-A kernel: clocksource: Switched to clocksource tsc
2026-07-21T11:07:58.731427+02:00 HOST-REDACTED-A kernel: hid-generic 0003:1038:1290.0004: hiddev96,hidraw3: USB HID v1.11 Device [SteelSeries Arctis Pro Wireless] on usb-0000:7b:00.4-2.2/input0
2026-07-21T11:07:58.731469+02:00 HOST-REDACTED-A kernel: hid-generic 0003:1038:1290.0005: hiddev97,hidraw4: USB HID v1.11 Device [SteelSeries Arctis Pro Wireless] on usb-0000:7b:00.4-2.2/input1
2026-07-21T11:07:58.731509+02:00 HOST-REDACTED-A kernel: usb 9-2.3: new full-speed USB device number 4 using xhci_hcd
2026-07-21T11:07:58.731541+02:00 HOST-REDACTED-A kernel: usb 1-9: New USB device found, idVendor=0489, idProduct=e13a, bcdDevice= 1.00
2026-07-21T11:07:58.731571+02:00 HOST-REDACTED-A kernel: usb 1-9: New USB device strings: Mfr=5, Product=6, SerialNumber=7
2026-07-21T11:07:58.731601+02:00 HOST-REDACTED-A kernel: usb 1-9: Product: Wireless_Device
2026-07-21T11:07:58.731631+02:00 HOST-REDACTED-A kernel: usb 1-9: Manufacturer: MediaTek Inc.
2026-07-21T11:07:58.731661+02:00 HOST-REDACTED-A kernel: usb 1-9: device_identifier: SERIAL-REDACTED-USB
2026-07-21T11:07:58.731691+02:00 HOST-REDACTED-A kernel: usb 3-5: New USB device found, idVendor=174c, idProduct=2174, bcdDevice= 0.01
2026-07-21T11:07:58.731720+02:00 HOST-REDACTED-A kernel: usb 3-5: New USB device strings: Mfr=2, Product=3, SerialNumber=0
2026-07-21T11:07:58.731747+02:00 HOST-REDACTED-A kernel: usb 3-5: Product: ASMT2307
2026-07-21T11:07:58.731776+02:00 HOST-REDACTED-A kernel: usb 3-5: Manufacturer: ASMT
2026-07-21T11:07:58.731816+02:00 HOST-REDACTED-A kernel: hub 3-5:1.0: USB hub found
2026-07-21T11:07:58.731876+02:00 HOST-REDACTED-A kernel: hub 3-5:1.0: 4 ports detected
2026-07-21T11:07:58.731904+02:00 HOST-REDACTED-A kernel: usb 9-2.3: New USB device found, idVendor=1038, idProduct=1294, bcdDevice= 1.12
2026-07-21T11:07:58.731932+02:00 HOST-REDACTED-A kernel: usb 9-2.3: New USB device strings: Mfr=4, Product=5, SerialNumber=0
2026-07-21T11:07:58.731960+02:00 HOST-REDACTED-A kernel: usb 9-2.3: Product: Arctis Pro Wireless
2026-07-21T11:07:58.731988+02:00 HOST-REDACTED-A kernel: usb 9-2.3: Manufacturer: SteelSeries 
2026-07-21T11:07:58.731992+02:00 HOST-REDACTED-A kernel: ata4: SATA link down (SStatus 0 SControl 300)
2026-07-21T11:07:58.732031+02:00 HOST-REDACTED-A kernel: usb 4-5: new SuperSpeed Plus Gen 2x1 USB device number 3 using xhci_hcd
2026-07-21T11:07:58.732035+02:00 HOST-REDACTED-A kernel: input: SteelSeries  Arctis Pro Wireless Consumer Control as /devices/pci0000:00/0000:00:08.1/0000:7b:00.4/usb9/9-2/9-2.3/9-2.3:1.5/0003:1038:1294.0006/input/input7
2026-07-21T11:07:58.732064+02:00 HOST-REDACTED-A kernel: usb 4-5: New USB device found, idVendor=174c, idProduct=3174, bcdDevice= 0.01
2026-07-21T11:07:58.732094+02:00 HOST-REDACTED-A kernel: usb 4-5: New USB device strings: Mfr=2, Product=3, SerialNumber=0
2026-07-21T11:07:58.732123+02:00 HOST-REDACTED-A kernel: usb 4-5: Product: ASMT2307
2026-07-21T11:07:58.732151+02:00 HOST-REDACTED-A kernel: usb 4-5: Manufacturer: ASMT
2026-07-21T11:07:58.732191+02:00 HOST-REDACTED-A kernel: hub 4-5:1.0: USB hub found
2026-07-21T11:07:58.732229+02:00 HOST-REDACTED-A kernel: hub 4-5:1.0: 4 ports detected
2026-07-21T11:07:58.732233+02:00 HOST-REDACTED-A kernel: input: SteelSeries  Arctis Pro Wireless as /devices/pci0000:00/0000:00:08.1/0000:7b:00.4/usb9/9-2/9-2.3/9-2.3:1.5/0003:1038:1294.0006/input/input8
2026-07-21T11:07:58.732273+02:00 HOST-REDACTED-A kernel: hid-generic 0003:1038:1294.0006: input,hiddev98,hidraw5: USB HID v1.11 Device [SteelSeries  Arctis Pro Wireless] on usb-0000:7b:00.4-2.3/input5
2026-07-21T11:07:58.732314+02:00 HOST-REDACTED-A kernel: usb 3-6: new high-speed USB device number 4 using xhci_hcd
2026-07-21T11:07:58.732318+02:00 HOST-REDACTED-A kernel: ata8: SATA link down (SStatus 0 SControl 300)
2026-07-21T11:07:58.732358+02:00 HOST-REDACTED-A kernel: usb 3-5.1: new full-speed USB device number 5 using xhci_hcd
2026-07-21T11:07:58.732362+02:00 HOST-REDACTED-A kernel: ata9: SATA link down (SStatus 0 SControl 300)
2026-07-21T11:07:58.732392+02:00 HOST-REDACTED-A kernel: usb 3-5.1: New USB device found, idVendor=046d, idProduct=c539, bcdDevice=39.06
2026-07-21T11:07:58.732422+02:00 HOST-REDACTED-A kernel: usb 3-5.1: New USB device strings: Mfr=1, Product=2, SerialNumber=0
2026-07-21T11:07:58.732451+02:00 HOST-REDACTED-A kernel: usb 3-5.1: Product: USB Receiver
2026-07-21T11:07:58.732480+02:00 HOST-REDACTED-A kernel: usb 3-5.1: Manufacturer: Logitech
2026-07-21T11:07:58.732484+02:00 HOST-REDACTED-A kernel: input: Logitech USB Receiver as /devices/pci0000:00/0000:00:02.1/0000:05:00.0/0000:06:0c.0/0000:11:00.0/usb3/3-5/3-5.1/3-5.1:1.0/0003:046D:C539.0007/input/input9
2026-07-21T11:07:58.732525+02:00 HOST-REDACTED-A kernel: hid-generic 0003:046D:C539.0007: input,hidraw6: USB HID v1.11 Keyboard [Logitech USB Receiver] on usb-0000:11:00.0-5.1/input0
2026-07-21T11:07:58.732529+02:00 HOST-REDACTED-A kernel: ata10: SATA link down (SStatus 0 SControl 300)
2026-07-21T11:07:58.732532+02:00 HOST-REDACTED-A kernel: Freeing unused decrypted memory: 2044K
2026-07-21T11:07:58.732536+02:00 HOST-REDACTED-A kernel: Freeing unused kernel image (initmem) memory: 4272K
2026-07-21T11:07:58.732539+02:00 HOST-REDACTED-A kernel: Write protecting the kernel read-only data: 36864k
2026-07-21T11:07:58.732542+02:00 HOST-REDACTED-A kernel: Freeing unused kernel image (text/rodata gap) memory: 1080K
2026-07-21T11:07:58.732545+02:00 HOST-REDACTED-A kernel: Freeing unused kernel image (rodata/data gap) memory: 880K
2026-07-21T11:07:58.732549+02:00 HOST-REDACTED-A kernel: input: Logitech USB Receiver Mouse as /devices/pci0000:00/0000:00:02.1/0000:05:00.0/0000:06:0c.0/0000:11:00.0/usb3/3-5/3-5.1/3-5.1:1.1/0003:046D:C539.0008/input/input10
2026-07-21T11:07:58.732553+02:00 HOST-REDACTED-A kernel: input: Logitech USB Receiver Consumer Control as /devices/pci0000:00/0000:00:02.1/0000:05:00.0/0000:06:0c.0/0000:11:00.0/usb3/3-5/3-5.1/3-5.1:1.1/0003:046D:C539.0008/input/input11
2026-07-21T11:07:58.732556+02:00 HOST-REDACTED-A kernel: x86/mm: Checked W+X mappings: passed, no W+X pages found.
2026-07-21T11:07:58.732558+02:00 HOST-REDACTED-A kernel: rodata_test: all tests were successful
2026-07-21T11:07:58.732561+02:00 HOST-REDACTED-A kernel: Run /init as init process
2026-07-21T11:07:58.732564+02:00 HOST-REDACTED-A kernel:   with arguments:
2026-07-21T11:07:58.732567+02:00 HOST-REDACTED-A kernel:     /init
2026-07-21T11:07:58.732571+02:00 HOST-REDACTED-A kernel:     splash
2026-07-21T11:07:58.732574+02:00 HOST-REDACTED-A kernel:   with environment:
2026-07-21T11:07:58.732577+02:00 HOST-REDACTED-A kernel:     HOME=/
2026-07-21T11:07:58.732580+02:00 HOST-REDACTED-A kernel:     TERM=linux
2026-07-21T11:07:58.732582+02:00 HOST-REDACTED-A kernel:     BOOT_IMAGE=/boot/vmlinuz-linux-neptune-616-drm-exec
2026-07-21T11:07:58.732585+02:00 HOST-REDACTED-A kernel: fbcon: Taking over console
2026-07-21T11:07:58.732588+02:00 HOST-REDACTED-A kernel: Console: switching consoles 4-6 to frame buffer device
2026-07-21T11:07:58.732591+02:00 HOST-REDACTED-A kernel: input: Logitech USB Receiver System Control as /devices/pci0000:00/0000:00:02.1/0000:05:00.0/0000:06:0c.0/0000:11:00.0/usb3/3-5/3-5.1/3-5.1:1.1/0003:046D:C539.0008/input/input12
2026-07-21T11:07:58.732632+02:00 HOST-REDACTED-A kernel: hid-generic 0003:046D:C539.0008: input,hiddev99,hidraw7: USB HID v1.11 Mouse [Logitech USB Receiver] on usb-0000:11:00.0-5.1/input1
2026-07-21T11:07:58.732673+02:00 HOST-REDACTED-A kernel: hid-generic 0003:046D:C539.0009: hiddev100,hidraw8: USB HID v1.11 Device [Logitech USB Receiver] on usb-0000:11:00.0-5.1/input2
2026-07-21T11:07:58.732677+02:00 HOST-REDACTED-A kernel: Key type psk registered
2026-07-21T11:07:58.732707+02:00 HOST-REDACTED-A kernel: nvme nvme2: pci function 0000:0a:00.0
2026-07-21T11:07:58.732736+02:00 HOST-REDACTED-A kernel: nvme nvme1: pci function 0000:07:00.0
2026-07-21T11:07:58.732762+02:00 HOST-REDACTED-A kernel: nvme nvme0: pci function 0000:04:00.0
2026-07-21T11:07:58.732789+02:00 HOST-REDACTED-A kernel: nvme nvme1: D3 entry latency set to 10 seconds
2026-07-21T11:07:58.732817+02:00 HOST-REDACTED-A kernel: nvme nvme2: D3 entry latency set to 10 seconds
2026-07-21T11:07:58.732843+02:00 HOST-REDACTED-A kernel: nvme nvme0: D3 entry latency set to 10 seconds
2026-07-21T11:07:58.732878+02:00 HOST-REDACTED-A kernel: nvme nvme1: 16/0/0 default/read/poll queues
2026-07-21T11:07:58.732910+02:00 HOST-REDACTED-A kernel: nvme nvme2: 16/0/0 default/read/poll queues
2026-07-21T11:07:58.732914+02:00 HOST-REDACTED-A kernel:  nvme1n1: p1 p2 p3 p4 p5 p6
2026-07-21T11:07:58.732917+02:00 HOST-REDACTED-A kernel:  nvme2n1: p1 p2 p3 p4 p5 p6 p7 p8
2026-07-21T11:07:58.732940+02:00 HOST-REDACTED-A kernel: nvme nvme0: 15/0/0 default/read/poll queues
2026-07-21T11:07:58.732944+02:00 HOST-REDACTED-A kernel:  nvme0n1: p1 p2 p3
2026-07-21T11:07:58.732975+02:00 HOST-REDACTED-A kernel: usb 3-6: New USB device found, idVendor=0b05, idProduct=1b9b, bcdDevice= 0.13
2026-07-21T11:07:58.733004+02:00 HOST-REDACTED-A kernel: usb 3-6: New USB device strings: Mfr=3, Product=1, SerialNumber=0
2026-07-21T11:07:58.733032+02:00 HOST-REDACTED-A kernel: usb 3-6: Product: USB Audio
2026-07-21T11:07:58.733061+02:00 HOST-REDACTED-A kernel: usb 3-6: Manufacturer: Generic
2026-07-21T11:07:58.733102+02:00 HOST-REDACTED-A kernel: hid-generic 0003:0B05:1B9B.000A: hiddev101,hidraw9: USB HID v1.11 Device [Generic USB Audio] on usb-0000:11:00.0-6/input7
2026-07-21T11:07:58.733142+02:00 HOST-REDACTED-A kernel: usb 3-7: new full-speed USB device number 6 using xhci_hcd
2026-07-21T11:07:58.733182+02:00 HOST-REDACTED-A kernel: usb 3-7: config 1 has an invalid interface number: 2 but max is 1
2026-07-21T11:07:58.733222+02:00 HOST-REDACTED-A kernel: usb 3-7: config 1 has no interface number 1
2026-07-21T11:07:58.733250+02:00 HOST-REDACTED-A kernel: usb 3-7: New USB device found, idVendor=0b05, idProduct=1aa6, bcdDevice= 1.00
2026-07-21T11:07:58.733280+02:00 HOST-REDACTED-A kernel: usb 3-7: New USB device strings: Mfr=1, Product=2, SerialNumber=3
2026-07-21T11:07:58.733308+02:00 HOST-REDACTED-A kernel: usb 3-7: Product: AURA LED Controller
2026-07-21T11:07:58.733336+02:00 HOST-REDACTED-A kernel: usb 3-7: Manufacturer: AsusTek Computer Inc.
2026-07-21T11:07:58.733365+02:00 HOST-REDACTED-A kernel: usb 3-7: device_identifier: SERIAL-REDACTED-USB
2026-07-21T11:07:58.733405+02:00 HOST-REDACTED-A kernel: hid-generic 0003:0B05:1AA6.000B: hiddev102,hidraw10: USB HID v1.11 Device [AsusTek Computer Inc. AURA LED Controller] on usb-0000:11:00.0-7/input2
2026-07-21T11:07:58.733410+02:00 HOST-REDACTED-A kernel: BTRFS: device label rootfs devid 1 transid 73 /dev/nvme2n1p5 (259:12) scanned by mount (488)
2026-07-21T11:07:58.733413+02:00 HOST-REDACTED-A kernel: BTRFS info (device nvme2n1p5): first mount of filesystem UUID-REDACTED
2026-07-21T11:07:58.733416+02:00 HOST-REDACTED-A kernel: BTRFS info (device nvme2n1p5): using crc32c (crc32c-x86) checksum algorithm
2026-07-21T11:07:58.733419+02:00 HOST-REDACTED-A kernel: BTRFS info (device nvme2n1p5): enabling ssd optimizations
2026-07-21T11:07:58.733422+02:00 HOST-REDACTED-A kernel: BTRFS info (device nvme2n1p5): turning on async discard
2026-07-21T11:07:58.733425+02:00 HOST-REDACTED-A kernel: BTRFS info (device nvme2n1p5): enabling free space tree
2026-07-21T11:07:58.733428+02:00 HOST-REDACTED-A kernel: EXT4-fs (nvme2n1p7): mounted filesystem UUID-REDACTED r/w with ordered data mode. Quota mode: none.
2026-07-21T11:07:58.733431+02:00 HOST-REDACTED-A kernel: overlayfs: "xino" feature enabled using 2 upper inode bits.
2026-07-21T11:07:58.733436+02:00 HOST-REDACTED-A systemd[1]: systemd 257.7-2.5-arch running in system mode (+PAM +AUDIT -SELINUX -APPARMOR -IMA +IPE +SMACK +SECCOMP +GCRYPT +GNUTLS +OPENSSL +ACL +BLKID +CURL +ELFUTILS +FIDO2 +IDN2 -IDN +IPTC +KMOD +LIBCRYPTSETUP +LIBCRYPTSETUP_PLUGINS +LIBFDISK +PCRE2 +PWQUALITY +P11KIT +QRENCODE +TPM2 +BZIP2 +LZ4 +XZ +ZLIB +ZSTD +BPF_FRAMEWORK +BTF +XKBCOMMON +UTMP -SYSVINIT +LIBARCHIVE)
2026-07-21T11:07:58.733440+02:00 HOST-REDACTED-A systemd[1]: Detected architecture x86-64.
2026-07-21T11:07:58.733443+02:00 HOST-REDACTED-A systemd[1]: Hostname set to <HOST-REDACTED-A>.
2026-07-21T11:07:58.733447+02:00 HOST-REDACTED-A systemd[1]: bpf-restrict-fs: LSM BPF program attached
2026-07-21T11:07:58.733450+02:00 HOST-REDACTED-A kernel: zram: Added device: zram0
2026-07-21T11:07:58.733453+02:00 HOST-REDACTED-A systemd[1]: Queued start job for default target Graphical Interface.
2026-07-21T11:07:58.733456+02:00 HOST-REDACTED-A systemd[1]: Created slice Slice /system/dirmngr.
2026-07-21T11:07:58.733460+02:00 HOST-REDACTED-A systemd[1]: Created slice Slice /system/getty.
2026-07-21T11:07:58.733463+02:00 HOST-REDACTED-A systemd[1]: Created slice Slice /system/gpg-agent.
2026-07-21T11:07:58.733466+02:00 HOST-REDACTED-A systemd[1]: Created slice Slice /system/gpg-agent-browser.
2026-07-21T11:07:58.733469+02:00 HOST-REDACTED-A systemd[1]: Created slice Slice /system/gpg-agent-extra.
2026-07-21T11:07:58.733472+02:00 HOST-REDACTED-A systemd[1]: Created slice Slice /system/gpg-agent-ssh.
2026-07-21T11:07:58.733476+02:00 HOST-REDACTED-A systemd[1]: Created slice Slice /system/keyboxd.
2026-07-21T11:07:58.733479+02:00 HOST-REDACTED-A systemd[1]: Created slice Slice /system/modprobe.
2026-07-21T11:07:58.733482+02:00 HOST-REDACTED-A systemd[1]: Created slice Slice /system/systemd-fsck.
2026-07-21T11:07:58.733486+02:00 HOST-REDACTED-A systemd[1]: Created slice Slice /system/systemd-growfs.
2026-07-21T11:07:58.733489+02:00 HOST-REDACTED-A systemd[1]: Created slice Slice /system/systemd-zram-setup.
2026-07-21T11:07:58.733492+02:00 HOST-REDACTED-A systemd[1]: Created slice User and Session Slice.
2026-07-21T11:07:58.733496+02:00 HOST-REDACTED-A systemd[1]: Dispatch Password Requests to Console Directory Watch was skipped because of an unmet condition check (ConditionPathExists=!/run/plymouth/pid).
2026-07-21T11:07:58.733499+02:00 HOST-REDACTED-A systemd[1]: Started Forward Password Requests to Wall Directory Watch.
2026-07-21T11:07:58.733502+02:00 HOST-REDACTED-A systemd[1]: Set up automount Arbitrary Executable File Formats File System Automount Point.
2026-07-21T11:07:58.733505+02:00 HOST-REDACTED-A systemd[1]: Expecting device /dev/disk/by-partsets/self/efi...
2026-07-21T11:07:58.733508+02:00 HOST-REDACTED-A systemd[1]: Expecting device /dev/disk/by-partsets/shared/esp...
2026-07-21T11:07:58.733512+02:00 HOST-REDACTED-A systemd[1]: Expecting device /dev/disk/by-partsets/shared/home...
2026-07-21T11:07:58.733515+02:00 HOST-REDACTED-A systemd[1]: Expecting device /dev/disk/by-uuid/UUID-REDACTED...
2026-07-21T11:07:58.733518+02:00 HOST-REDACTED-A systemd[1]: Expecting device /dev/tpmrm0...
2026-07-21T11:07:58.733521+02:00 HOST-REDACTED-A systemd[1]: Expecting device /dev/zram0...
2026-07-21T11:07:58.733525+02:00 HOST-REDACTED-A systemd[1]: Reached target Local Encrypted Volumes.
2026-07-21T11:07:58.733528+02:00 HOST-REDACTED-A systemd[1]: Reached target Login Prompts.
2026-07-21T11:07:58.733531+02:00 HOST-REDACTED-A systemd[1]: Reached target Local Integrity Protected Volumes.
2026-07-21T11:07:58.733534+02:00 HOST-REDACTED-A systemd[1]: Reached target Path Units.
2026-07-21T11:07:58.733537+02:00 HOST-REDACTED-A systemd[1]: Reached target Remote File Systems.
2026-07-21T11:07:58.733540+02:00 HOST-REDACTED-A systemd[1]: Reached target Slice Units.
2026-07-21T11:07:58.733544+02:00 HOST-REDACTED-A systemd[1]: Reached target Local Verity Protected Volumes.
2026-07-21T11:07:58.733547+02:00 HOST-REDACTED-A systemd[1]: Listening on Device-mapper event daemon FIFOs.
2026-07-21T11:07:58.733550+02:00 HOST-REDACTED-A systemd[1]: Listening on LVM2 poll daemon socket.
2026-07-21T11:07:58.733553+02:00 HOST-REDACTED-A systemd[1]: Listening on Process Core Dump Socket.
2026-07-21T11:07:58.733557+02:00 HOST-REDACTED-A systemd[1]: Listening on Credential Encryption/Decryption.
2026-07-21T11:07:58.733560+02:00 HOST-REDACTED-A systemd[1]: Listening on Journal Socket (/dev/log).
2026-07-21T11:07:58.733563+02:00 HOST-REDACTED-A systemd[1]: Listening on Journal Sockets.
2026-07-21T11:07:58.733566+02:00 HOST-REDACTED-A systemd[1]: Listening on udev Control Socket.
2026-07-21T11:07:58.733570+02:00 HOST-REDACTED-A systemd[1]: Listening on udev Kernel Socket.
2026-07-21T11:07:58.733573+02:00 HOST-REDACTED-A systemd[1]: Listening on User Database Manager Socket.
2026-07-21T11:07:58.733576+02:00 HOST-REDACTED-A systemd[1]: Mounting Huge Pages File System...
2026-07-21T11:07:58.733579+02:00 HOST-REDACTED-A systemd[1]: Mounting POSIX Message Queue File System...
2026-07-21T11:07:58.733583+02:00 HOST-REDACTED-A systemd[1]: Mounting Kernel Debug File System...
2026-07-21T11:07:58.733586+02:00 HOST-REDACTED-A systemd[1]: Mounting Kernel Trace File System...
2026-07-21T11:07:58.733589+02:00 HOST-REDACTED-A systemd[1]: Starting Create List of Static Device Nodes...
2026-07-21T11:07:58.733593+02:00 HOST-REDACTED-A systemd[1]: Starting Monitoring of LVM2 mirrors, snapshots etc. using dmeventd or progress polling...
2026-07-21T11:07:58.733596+02:00 HOST-REDACTED-A systemd[1]: Starting Load Kernel Module configfs...
2026-07-21T11:07:58.733599+02:00 HOST-REDACTED-A systemd[1]: Starting Load Kernel Module dm_mod...
2026-07-21T11:07:58.733602+02:00 HOST-REDACTED-A systemd[1]: Starting Load Kernel Module drm...
2026-07-21T11:07:58.733605+02:00 HOST-REDACTED-A systemd[1]: Starting Load Kernel Module fuse...
2026-07-21T11:07:58.733609+02:00 HOST-REDACTED-A systemd[1]: Starting Load Kernel Module loop...
2026-07-21T11:07:58.733612+02:00 HOST-REDACTED-A systemd[1]: Starting File System Check on Root Device...
2026-07-21T11:07:58.733615+02:00 HOST-REDACTED-A systemd[1]: Clear Stale Hibernate Storage Info was skipped because of an unmet condition check (ConditionPathExists=/sys/firmware/efi/efivars/HibernateLocation-UUID-REDACTED).
2026-07-21T11:07:58.733618+02:00 HOST-REDACTED-A systemd[1]: Starting Journal Service...
2026-07-21T11:07:58.733622+02:00 HOST-REDACTED-A systemd[1]: Starting Load Kernel Modules...
2026-07-21T11:07:58.733625+02:00 HOST-REDACTED-A systemd[1]: Starting Load udev Rules from Credentials...
2026-07-21T11:07:58.733628+02:00 HOST-REDACTED-A systemd[1]: Starting Coldplug All udev Devices...
2026-07-21T11:07:58.733632+02:00 HOST-REDACTED-A systemd[1]: Mounted Huge Pages File System.
2026-07-21T11:07:58.733635+02:00 HOST-REDACTED-A systemd[1]: Mounted POSIX Message Queue File System.
2026-07-21T11:07:58.733638+02:00 HOST-REDACTED-A systemd[1]: Mounted Kernel Debug File System.
2026-07-21T11:07:58.733641+02:00 HOST-REDACTED-A systemd[1]: Mounted Kernel Trace File System.
2026-07-21T11:07:58.733644+02:00 HOST-REDACTED-A kernel: loop: module loaded
2026-07-21T11:07:58.733647+02:00 HOST-REDACTED-A systemd[1]: Finished Create List of Static Device Nodes.
2026-07-21T11:07:58.733651+02:00 HOST-REDACTED-A systemd[1]: modprobe@configfs.service: Deactivated successfully.
2026-07-21T11:07:58.733654+02:00 HOST-REDACTED-A systemd[1]: Finished Load Kernel Module configfs.
2026-07-21T11:07:58.733657+02:00 HOST-REDACTED-A systemd[1]: modprobe@drm.service: Deactivated successfully.
2026-07-21T11:07:58.733660+02:00 HOST-REDACTED-A systemd[1]: Finished Load Kernel Module drm.
2026-07-21T11:07:58.733664+02:00 HOST-REDACTED-A systemd[1]: modprobe@fuse.service: Deactivated successfully.
2026-07-21T11:07:58.733667+02:00 HOST-REDACTED-A systemd[1]: Finished Load Kernel Module fuse.
2026-07-21T11:07:58.733670+02:00 HOST-REDACTED-A systemd[1]: modprobe@loop.service: Deactivated successfully.
2026-07-21T11:07:58.733673+02:00 HOST-REDACTED-A systemd[1]: Finished Load Kernel Module loop.
2026-07-21T11:07:58.733676+02:00 HOST-REDACTED-A systemd[1]: Finished File System Check on Root Device.
2026-07-21T11:07:58.733680+02:00 HOST-REDACTED-A systemd[1]: Mounting FUSE Control File System...
2026-07-21T11:07:58.733683+02:00 HOST-REDACTED-A kernel: device-mapper: uevent: version 1.0.3
2026-07-21T11:07:58.733686+02:00 HOST-REDACTED-A kernel: device-mapper: ioctl: 4.50.0-ioctl (2025-04-28) initialised: dm-devel@lists.linux.dev
2026-07-21T11:07:58.733689+02:00 HOST-REDACTED-A systemd[1]: Mounting Kernel Configuration File System...
2026-07-21T11:07:58.733692+02:00 HOST-REDACTED-A systemd[1]: Starting Remount Root and Kernel File Systems...
2026-07-21T11:07:58.733695+02:00 HOST-REDACTED-A systemd[1]: Starting Create Static Device Nodes in /dev gracefully...
2026-07-21T11:07:58.733698+02:00 HOST-REDACTED-A systemd[1]: modprobe@dm_mod.service: Deactivated successfully.
2026-07-21T11:07:58.733702+02:00 HOST-REDACTED-A systemd[1]: Finished Load Kernel Module dm_mod.
2026-07-21T11:07:58.733705+02:00 HOST-REDACTED-A systemd[1]: Finished Load udev Rules from Credentials.
2026-07-21T11:07:58.733708+02:00 HOST-REDACTED-A systemd[1]: Mounted FUSE Control File System.
2026-07-21T11:07:58.733718+02:00 HOST-REDACTED-A systemd-journald[627]: Collecting audit messages is disabled.
2026-07-21T11:07:58.733726+02:00 HOST-REDACTED-A systemd[1]: Mounted Kernel Configuration File System.
2026-07-21T11:07:58.733729+02:00 HOST-REDACTED-A kernel: i2c_dev: i2c /dev entries driver
2026-07-21T11:07:58.733733+02:00 HOST-REDACTED-A systemd[1]: Finished Remount Root and Kernel File Systems.
2026-07-21T11:07:58.733736+02:00 HOST-REDACTED-A systemd[1]: Rebuild Hardware Database was skipped because of an unmet condition check (ConditionNeedsUpdate=/etc).
2026-07-21T11:07:58.733739+02:00 HOST-REDACTED-A systemd[1]: Starting Load/Save OS Random Seed...
2026-07-21T11:07:58.733743+02:00 HOST-REDACTED-A systemd[1]: Starting User Database Manager...
2026-07-21T11:07:58.733746+02:00 HOST-REDACTED-A systemd[1]: Started User Database Manager.
2026-07-21T11:07:58.733749+02:00 HOST-REDACTED-A systemd[1]: Finished Create Static Device Nodes in /dev gracefully.
2026-07-21T11:07:58.733752+02:00 HOST-REDACTED-A systemd[1]: Create System Users was skipped because no trigger condition checks were met.
2026-07-21T11:07:58.733755+02:00 HOST-REDACTED-A kernel: Asymmetric key parser 'pkcs8' registered
2026-07-21T11:07:58.733758+02:00 HOST-REDACTED-A systemd[1]: Starting Network Time Synchronization...
2026-07-21T11:07:58.733762+02:00 HOST-REDACTED-A systemd[1]: Starting Create Static Device Nodes in /dev...
2026-07-21T11:07:58.733765+02:00 HOST-REDACTED-A systemd[1]: Finished Load Kernel Modules.
2026-07-21T11:07:58.733768+02:00 HOST-REDACTED-A systemd[1]: Starting Apply Kernel Variables...
2026-07-21T11:07:58.733771+02:00 HOST-REDACTED-A systemd[1]: Finished Load/Save OS Random Seed.
2026-07-21T11:07:58.733774+02:00 HOST-REDACTED-A systemd[1]: Finished Apply Kernel Variables.
2026-07-21T11:07:58.733777+02:00 HOST-REDACTED-A systemd[1]: Starting Network Name Resolution...
2026-07-21T11:07:58.733781+02:00 HOST-REDACTED-A systemd[1]: Finished Create Static Device Nodes in /dev.
2026-07-21T11:07:58.733784+02:00 HOST-REDACTED-A systemd[1]: Starting Rule-based Manager for Device Events and Files...
2026-07-21T11:07:58.733787+02:00 HOST-REDACTED-A systemd[1]: Finished Monitoring of LVM2 mirrors, snapshots etc. using dmeventd or progress polling.
2026-07-21T11:07:58.733791+02:00 HOST-REDACTED-A systemd[1]: Reached target Preparation for Local File Systems.
2026-07-21T11:07:58.733794+02:00 HOST-REDACTED-A systemd[1]: Set up automount efi.automount.
2026-07-21T11:07:58.733797+02:00 HOST-REDACTED-A systemd[1]: Set up automount esp.automount.
2026-07-21T11:07:58.733864+02:00 HOST-REDACTED-A systemd[1]: Started Journal Service.
2026-07-21T11:07:58.770853+02:00 HOST-REDACTED-A kernel: zram0: detected capacity change from 0 to 63382528
2026-07-21T11:07:58.798335+02:00 HOST-REDACTED-A kernel: ACPI: bus type thunderbolt registered
2026-07-21T11:07:58.798355+02:00 HOST-REDACTED-A kernel: thunderbolt 0000:7a:00.0: enabling device (0000 -> 0002)
2026-07-21T11:07:58.801855+02:00 HOST-REDACTED-A kernel: ACPI: video: Video Device [VGA] (multi-head: yes  rom: no  post: no)
2026-07-21T11:07:58.805853+02:00 HOST-REDACTED-A kernel: input: Video Bus as /devices/LNXSYSTM:00/LNXSYBUS:00/PNP0A08:00/device:20/LNXVIDEO:00/input/input14
2026-07-21T11:07:58.827983+02:00 HOST-REDACTED-A kernel: mlx4_core: Mellanox ConnectX core driver v4.0-0
2026-07-21T11:07:58.827998+02:00 HOST-REDACTED-A kernel: mlx4_core: Initializing 0000:0e:00.0
2026-07-21T11:07:58.828005+02:00 HOST-REDACTED-A kernel: mlx4_core 0000:0e:00.0: enabling device (0000 -> 0002)
2026-07-21T11:07:58.839851+02:00 HOST-REDACTED-A kernel: piix4_smbus 0000:00:14.0: SMBus Host Controller at 0xb00, revision 0
2026-07-21T11:07:58.840206+02:00 HOST-REDACTED-A kernel: piix4_smbus 0000:00:14.0: Using register 0x02 for SMBus port selection
2026-07-21T11:07:58.841979+02:00 HOST-REDACTED-A kernel: ccp 0000:7b:00.2: enabling device (0000 -> 0002)
2026-07-21T11:07:58.847431+02:00 HOST-REDACTED-A kernel: ccp 0000:7b:00.2: tee enabled
2026-07-21T11:07:58.850095+02:00 HOST-REDACTED-A kernel: ccp 0000:7b:00.2: psp enabled
2026-07-21T11:07:58.851819+02:00 HOST-REDACTED-A kernel: i2c i2c-1: Successfully instantiated SPD at 0x51
2026-07-21T11:07:58.855096+02:00 HOST-REDACTED-A kernel: i2c i2c-1: Successfully instantiated SPD at 0x53
2026-07-21T11:07:58.855861+02:00 HOST-REDACTED-A kernel: piix4_smbus 0000:00:14.0: Auxiliary SMBus Host Controller at 0xb20
2026-07-21T11:07:58.856209+02:00 HOST-REDACTED-A kernel: input: PC Speaker as /devices/platform/pcspkr/input/input15
2026-07-21T11:07:58.862851+02:00 HOST-REDACTED-A kernel: tpm_crb MSFT0101:00: Disabling hwrng
2026-07-21T11:07:58.867882+02:00 HOST-REDACTED-A kernel: RAPL PMU: API unit is 2^-32 Joules, 2 fixed counters, 163840 ms ovfl timer
2026-07-21T11:07:58.867897+02:00 HOST-REDACTED-A kernel: RAPL PMU: hw unit of domain package 2^-16 Joules
2026-07-21T11:07:58.867904+02:00 HOST-REDACTED-A kernel: RAPL PMU: hw unit of domain core 2^-16 Joules
2026-07-21T11:07:58.867909+02:00 HOST-REDACTED-A kernel: sp5100_tco: SP5100/SB800 TCO WatchDog Timer Driver
2026-07-21T11:07:58.868852+02:00 HOST-REDACTED-A kernel: sp5100-tco sp5100-tco: Using 0xfeb00000 for watchdog MMIO address
2026-07-21T11:07:58.868938+02:00 HOST-REDACTED-A kernel: sp5100-tco sp5100-tco: initialized. heartbeat=60 sec (nowayout=0)
2026-07-21T11:07:58.881851+02:00 HOST-REDACTED-A kernel: r8169 0000:0c:00.0 eth0: RTL8126A, MAC-REDACTED, XID 64a, IRQ 168
2026-07-21T11:07:58.881949+02:00 HOST-REDACTED-A kernel: r8169 0000:0c:00.0 eth0: jumbo features [frames: 16362 bytes, tx checksumming: ko]
2026-07-21T11:07:58.900842+02:00 HOST-REDACTED-A kernel: r8169 0000:0c:00.0 enp12s0: renamed from eth0
2026-07-21T11:07:58.900958+02:00 HOST-REDACTED-A kernel: snd_hda_intel 0000:03:00.1: enabling device (0000 -> 0002)
2026-07-21T11:07:58.901036+02:00 HOST-REDACTED-A kernel: snd_hda_intel 0000:03:00.1: Handle vga_switcheroo audio client
2026-07-21T11:07:58.901102+02:00 HOST-REDACTED-A kernel: snd_hda_intel 0000:03:00.1: Force to non-snoop mode
2026-07-21T11:07:58.901849+02:00 HOST-REDACTED-A kernel: snd_hda_intel 0000:7b:00.1: enabling device (0000 -> 0002)
2026-07-21T11:07:58.901949+02:00 HOST-REDACTED-A kernel: Adding 31691260k swap on /dev/zram0.  Priority:100 extents:1 across:31691260k SSDsc
2026-07-21T11:07:58.901957+02:00 HOST-REDACTED-A kernel: snd_hda_intel 0000:7b:00.1: Handle vga_switcheroo audio client
2026-07-21T11:07:58.907855+02:00 HOST-REDACTED-A kernel: spd5118 1-0051: DDR5 temperature sensor: vendor 0x06:0x32 revision 1.6
2026-07-21T11:07:58.908850+02:00 HOST-REDACTED-A kernel: asus_wmi: ASUS WMI generic driver loaded
2026-07-21T11:07:58.912941+02:00 HOST-REDACTED-A kernel: spd5118 1-0053: DDR5 temperature sensor: vendor 0x06:0x32 revision 1.6
2026-07-21T11:07:58.913851+02:00 HOST-REDACTED-A kernel: input: HDA ATI HDMI HDMI/DP,pcm=3 as /devices/pci0000:00/0000:00:01.1/0000:01:00.0/0000:02:00.0/0000:03:00.1/sound/card0/input16
2026-07-21T11:07:58.913867+02:00 HOST-REDACTED-A kernel: input: HD-Audio Generic HDMI/DP,pcm=3 as /devices/pci0000:00/0000:00:08.1/0000:7b:00.1/sound/card1/input20
2026-07-21T11:07:58.913876+02:00 HOST-REDACTED-A kernel: input: HD-Audio Generic HDMI/DP,pcm=7 as /devices/pci0000:00/0000:00:08.1/0000:7b:00.1/sound/card1/input21
2026-07-21T11:07:58.913883+02:00 HOST-REDACTED-A kernel: input: HDA ATI HDMI HDMI/DP,pcm=7 as /devices/pci0000:00/0000:00:01.1/0000:01:00.0/0000:02:00.0/0000:03:00.1/sound/card0/input17
2026-07-21T11:07:58.913889+02:00 HOST-REDACTED-A kernel: input: HDA ATI HDMI HDMI/DP,pcm=8 as /devices/pci0000:00/0000:00:01.1/0000:01:00.0/0000:02:00.0/0000:03:00.1/sound/card0/input18
2026-07-21T11:07:58.913894+02:00 HOST-REDACTED-A kernel: input: HD-Audio Generic HDMI/DP,pcm=8 as /devices/pci0000:00/0000:00:08.1/0000:7b:00.1/sound/card1/input22
2026-07-21T11:07:58.913899+02:00 HOST-REDACTED-A kernel: input: HDA ATI HDMI HDMI/DP,pcm=9 as /devices/pci0000:00/0000:00:01.1/0000:01:00.0/0000:02:00.0/0000:03:00.1/sound/card0/input19
2026-07-21T11:07:58.913904+02:00 HOST-REDACTED-A kernel: asus_wmi: failed to register LPS0 sleep handler in asus-wmi
2026-07-21T11:07:58.918850+02:00 HOST-REDACTED-A kernel: asus_wmi: Initialization: 0x0
2026-07-21T11:07:58.918865+02:00 HOST-REDACTED-A kernel: asus_wmi: BIOS WMI version: 0.0
2026-07-21T11:07:58.918870+02:00 HOST-REDACTED-A kernel: asus_wmi: SFUN value: 0x0
2026-07-21T11:07:58.918874+02:00 HOST-REDACTED-A kernel: eeepc-wmi eeepc-wmi: Detected AsusMbSwInterface, not ASUSWMI, use DSTS
2026-07-21T11:07:58.924842+02:00 HOST-REDACTED-A kernel: input: Eee PC WMI hotkeys as /devices/platform/eeepc-wmi/input/input23
2026-07-21T11:07:58.940850+02:00 HOST-REDACTED-A kernel: kvm_amd: TSC scaling supported
2026-07-21T11:07:58.940866+02:00 HOST-REDACTED-A kernel: kvm_amd: Nested Virtualization enabled
2026-07-21T11:07:58.940874+02:00 HOST-REDACTED-A kernel: kvm_amd: Nested Paging enabled
2026-07-21T11:07:58.940881+02:00 HOST-REDACTED-A kernel: kvm_amd: LBR virtualization supported
2026-07-21T11:07:58.940889+02:00 HOST-REDACTED-A kernel: kvm_amd: Virtual VMLOAD VMSAVE supported
2026-07-21T11:07:58.940896+02:00 HOST-REDACTED-A kernel: kvm_amd: Virtual GIF supported
2026-07-21T11:07:58.940903+02:00 HOST-REDACTED-A kernel: kvm_amd: Virtual NMI enabled
2026-07-21T11:07:59.668842+02:00 HOST-REDACTED-A kernel: [drm] amdgpu kernel modesetting enabled.
2026-07-21T11:07:59.668855+02:00 HOST-REDACTED-A kernel: amdgpu: vga_switcheroo: detected switching method \_SB_.PCI0.GP17.VGA_.ATPX handle
2026-07-21T11:07:59.668863+02:00 HOST-REDACTED-A kernel: amdgpu: ATPX version 1, functions 0x00000000
2026-07-21T11:07:59.669842+02:00 HOST-REDACTED-A kernel: amd_atl: AMD Address Translation Library initialized
2026-07-21T11:07:59.669856+02:00 HOST-REDACTED-A kernel: intel_rapl_common: Found RAPL domain package
2026-07-21T11:07:59.669860+02:00 HOST-REDACTED-A kernel: intel_rapl_common: Found RAPL domain core
2026-07-21T11:07:59.672844+02:00 HOST-REDACTED-A kernel: amdgpu: Virtual CRAT table created for CPU
2026-07-21T11:07:59.672863+02:00 HOST-REDACTED-A kernel: amdgpu: Topology: Add CPU node
2026-07-21T11:07:59.672870+02:00 HOST-REDACTED-A kernel: amdgpu 0000:03:00.0: enabling device (0006 -> 0007)
2026-07-21T11:07:59.672981+02:00 HOST-REDACTED-A kernel: [drm] initializing kernel modesetting (IP DISCOVERY 0x1002:0x7550 0x1DA2:0xE489 0xC0).
2026-07-21T11:07:59.672987+02:00 HOST-REDACTED-A kernel: [drm] register mmio base: 0xDDE00000
2026-07-21T11:07:59.672993+02:00 HOST-REDACTED-A kernel: [drm] register mmio size: 524288
2026-07-21T11:07:59.675857+02:00 HOST-REDACTED-A kernel: amdgpu 0000:03:00.0: amdgpu: detected ip block number 0 <soc24_common>
2026-07-21T11:07:59.675976+02:00 HOST-REDACTED-A kernel: amdgpu 0000:03:00.0: amdgpu: detected ip block number 1 <gmc_v12_0>
2026-07-21T11:07:59.676058+02:00 HOST-REDACTED-A kernel: amdgpu 0000:03:00.0: amdgpu: detected ip block number 2 <ih_v7_0>
2026-07-21T11:07:59.676132+02:00 HOST-REDACTED-A kernel: amdgpu 0000:03:00.0: amdgpu: detected ip block number 3 <psp>
2026-07-21T11:07:59.676204+02:00 HOST-REDACTED-A kernel: amdgpu 0000:03:00.0: amdgpu: detected ip block number 4 <smu>
2026-07-21T11:07:59.676390+02:00 HOST-REDACTED-A kernel: amdgpu 0000:03:00.0: amdgpu: detected ip block number 5 <dm>
2026-07-21T11:07:59.676480+02:00 HOST-REDACTED-A kernel: amdgpu 0000:03:00.0: amdgpu: detected ip block number 6 <gfx_v12_0>
2026-07-21T11:07:59.676548+02:00 HOST-REDACTED-A kernel: amdgpu 0000:03:00.0: amdgpu: detected ip block number 7 <sdma_v7_0>
2026-07-21T11:07:59.676614+02:00 HOST-REDACTED-A kernel: amdgpu 0000:03:00.0: amdgpu: detected ip block number 8 <vcn_v5_0_0>
2026-07-21T11:07:59.676680+02:00 HOST-REDACTED-A kernel: amdgpu 0000:03:00.0: amdgpu: detected ip block number 9 <jpeg_v5_0_0>
2026-07-21T11:07:59.676745+02:00 HOST-REDACTED-A kernel: amdgpu 0000:03:00.0: amdgpu: detected ip block number 10 <mes_v12_0>
2026-07-21T11:07:59.676810+02:00 HOST-REDACTED-A kernel: amdgpu 0000:03:00.0: amdgpu: Fetched VBIOS from VFCT
2026-07-21T11:07:59.676880+02:00 HOST-REDACTED-A kernel: amdgpu: ATOM BIOS: 113-1E4893U-N8F
2026-07-21T11:07:59.678858+02:00 HOST-REDACTED-A kernel: mousedev: PS/2 mouse device common for all mice
2026-07-21T11:07:59.685867+02:00 HOST-REDACTED-A kernel: Console: switching consoles 4-6 to dummy device
2026-07-21T11:07:59.685877+02:00 HOST-REDACTED-A kernel: amdgpu 0000:03:00.0: vgaarb: deactivate vga console
2026-07-21T11:07:59.685974+02:00 HOST-REDACTED-A kernel: amdgpu 0000:03:00.0: amdgpu: Trusted Memory Zone (TMZ) feature not supported
2026-07-21T11:07:59.686036+02:00 HOST-REDACTED-A kernel: amdgpu 0000:03:00.0: amdgpu: MEM ECC is not presented.
2026-07-21T11:07:59.686092+02:00 HOST-REDACTED-A kernel: amdgpu 0000:03:00.0: amdgpu: SRAM ECC is not presented.
2026-07-21T11:07:59.686147+02:00 HOST-REDACTED-A kernel: [drm] vm size is 262144 GB, 4 levels, block size is 9-bit, fragment size is 9-bit
2026-07-21T11:07:59.686152+02:00 HOST-REDACTED-A kernel: amdgpu 0000:03:00.0: amdgpu: VRAM: 16304M 0x0000008000000000 - 0x00000083FAFFFFFF (16304M used)
2026-07-21T11:07:59.686209+02:00 HOST-REDACTED-A kernel: amdgpu 0000:03:00.0: amdgpu: GART: 512M 0x0000000000000000 - 0x000000001FFFFFFF
2026-07-21T11:07:59.686277+02:00 HOST-REDACTED-A kernel: [drm] Detected VRAM RAM=16304M, BAR=16384M
2026-07-21T11:07:59.686286+02:00 HOST-REDACTED-A kernel: [drm] RAM width 256bits GDDR6
2026-07-21T11:07:59.686295+02:00 HOST-REDACTED-A kernel: [drm] amdgpu: 16304M of VRAM memory ready
2026-07-21T11:07:59.686300+02:00 HOST-REDACTED-A kernel: [drm] amdgpu: 30948M of GTT memory ready.
2026-07-21T11:07:59.686305+02:00 HOST-REDACTED-A kernel: [drm] GART: num cpu pages 131072, num gpu pages 131072
2026-07-21T11:07:59.686310+02:00 HOST-REDACTED-A kernel: amdgpu 0000:03:00.0: amdgpu: PCIE GART of 512M enabled (table at 0x00000083DAB00000).
2026-07-21T11:07:59.686373+02:00 HOST-REDACTED-A kernel: amdgpu 0000:03:00.0: amdgpu: [drm] Loading DMUB firmware via PSP: version=0x0A000601
2026-07-21T11:07:59.686449+02:00 HOST-REDACTED-A kernel: amdgpu 0000:03:00.0: amdgpu: Found VCN firmware Version ENC: 1.11 DEC: 9 VEP: 0 Revision: 1
2026-07-21T11:07:59.710850+02:00 HOST-REDACTED-A kernel: mc: Linux media interface: v0.10
2026-07-21T11:07:59.713850+02:00 HOST-REDACTED-A kernel: EXT4-fs (nvme2n1p8): Using encoding defined by superblock: utf8-12.1.0 with flags 0x0
2026-07-21T11:07:59.721842+02:00 HOST-REDACTED-A kernel: EXT4-fs (nvme2n1p8): mounted filesystem UUID-REDACTED r/w with ordered data mode. Quota mode: none.
2026-07-21T11:07:59.726849+02:00 HOST-REDACTED-A kernel: EXT4-fs (nvme2n1p8): resizing filesystem from 241339569 to 241339569 blocks
2026-07-21T11:07:59.733843+02:00 HOST-REDACTED-A kernel: EXT4-fs (nvme0n1p3): mounted filesystem UUID-REDACTED r/w with ordered data mode. Quota mode: none.
2026-07-21T11:07:59.756862+02:00 HOST-REDACTED-A kernel: Bluetooth: Core ver 2.22
2026-07-21T11:07:59.756880+02:00 HOST-REDACTED-A kernel: NET: Registered PF_BLUETOOTH protocol family
2026-07-21T11:07:59.756885+02:00 HOST-REDACTED-A kernel: Bluetooth: HCI device and connection manager initialized
2026-07-21T11:07:59.756889+02:00 HOST-REDACTED-A kernel: Bluetooth: HCI socket layer initialized
2026-07-21T11:07:59.756893+02:00 HOST-REDACTED-A kernel: Bluetooth: L2CAP socket layer initialized
2026-07-21T11:07:59.756897+02:00 HOST-REDACTED-A kernel: Bluetooth: SCO socket layer initialized
2026-07-21T11:07:59.766842+02:00 HOST-REDACTED-A kernel: usbcore: registered new interface driver btusb
2026-07-21T11:07:59.775840+02:00 HOST-REDACTED-A kernel: logitech-djreceiver 0003:046D:C539.0007: hidraw6: USB HID v1.11 Keyboard [Logitech USB Receiver] on usb-0000:11:00.0-5.1/input0
2026-07-21T11:07:59.906843+02:00 HOST-REDACTED-A kernel: logitech-djreceiver 0003:046D:C539.0008: hiddev99,hidraw7: USB HID v1.11 Mouse [Logitech USB Receiver] on usb-0000:11:00.0-5.1/input1
2026-07-21T11:07:59.919853+02:00 HOST-REDACTED-A kernel: amdgpu 0000:03:00.0: amdgpu: RAP: optional rap ta ucode is not available
2026-07-21T11:07:59.919929+02:00 HOST-REDACTED-A kernel: amdgpu 0000:03:00.0: amdgpu: SECUREDISPLAY: optional securedisplay ta ucode is not available
2026-07-21T11:07:59.919989+02:00 HOST-REDACTED-A kernel: amdgpu 0000:03:00.0: amdgpu: smu driver if version = 0x0000002e, smu fw if version = 0x00000032, smu fw program = 0, smu fw version = 0x00684b00 (104.75.0)
2026-07-21T11:07:59.920046+02:00 HOST-REDACTED-A kernel: amdgpu 0000:03:00.0: amdgpu: SMU driver if version not matched
2026-07-21T11:07:59.949841+02:00 HOST-REDACTED-A kernel: amdgpu 0000:03:00.0: amdgpu: SMU is initialized successfully!
2026-07-21T11:07:59.949900+02:00 HOST-REDACTED-A kernel: amdgpu 0000:03:00.0: amdgpu: [drm] Display Core v3.2.334 initialized on DCN 4.0.1
2026-07-21T11:07:59.949957+02:00 HOST-REDACTED-A kernel: amdgpu 0000:03:00.0: amdgpu: [drm] DP-HDMI FRL PCON supported
2026-07-21T11:07:59.954843+02:00 HOST-REDACTED-A kernel: amdgpu 0000:03:00.0: amdgpu: [drm] DMUB hardware initialized: version=0x0A000601
2026-07-21T11:07:59.958848+02:00 HOST-REDACTED-A kernel: logitech-djreceiver 0003:046D:C539.0009: hiddev100,hidraw8: USB HID v1.11 Device [Logitech USB Receiver] on usb-0000:11:00.0-5.1/input2
2026-07-21T11:07:59.977950+02:00 HOST-REDACTED-A kernel: Bluetooth: hci0: Opcode 0x0c03 failed: -16
2026-07-21T11:08:00.018471+02:00 HOST-REDACTED-A kernel: logitech-djreceiver 0003:046D:C539.0009: device of type eQUAD Lightspeed 1 (0x0c) connected on slot 1
2026-07-21T11:08:00.018541+02:00 HOST-REDACTED-A kernel: input: Logitech Wireless Mouse PID:4087 Keyboard as /devices/pci0000:00/0000:00:02.1/0000:05:00.0/0000:06:0c.0/0000:11:00.0/usb3/3-5/3-5.1/3-5.1:1.2/0003:046D:C539.0009/0003:046D:4087.000C/input/input24
2026-07-21T11:08:00.053842+02:00 HOST-REDACTED-A kernel: input: Logitech Wireless Mouse PID:4087 Mouse as /devices/pci0000:00/0000:00:02.1/0000:05:00.0/0000:06:0c.0/0000:11:00.0/usb3/3-5/3-5.1/3-5.1:1.2/0003:046D:C539.0009/0003:046D:4087.000C/input/input25
2026-07-21T11:08:00.053855+02:00 HOST-REDACTED-A kernel: hid-generic 0003:046D:4087.000C: input,hidraw11: USB HID v1.11 Keyboard [Logitech Wireless Mouse PID:4087] on usb-0000:11:00.0-5.1/input2:1
2026-07-21T11:08:00.189842+02:00 HOST-REDACTED-A kernel: input: Logitech G903 LS as /devices/pci0000:00/0000:00:02.1/0000:05:00.0/0000:06:0c.0/0000:11:00.0/usb3/3-5/3-5.1/3-5.1:1.2/0003:046D:C539.0009/0003:046D:4087.000C/input/input29
2026-07-21T11:08:00.215842+02:00 HOST-REDACTED-A kernel: logitech-hidpp-device 0003:046D:4087.000C: input,hidraw11: USB HID v1.11 Keyboard [Logitech G903 LS] on usb-0000:11:00.0-5.1/input2:1
2026-07-21T11:08:00.326853+02:00 HOST-REDACTED-A kernel: amdgpu 0000:03:00.0: [drm] REG_WAIT timeout 1us * 150000 tries - optc401_disable_crtc line:230
2026-07-21T11:08:00.329840+02:00 HOST-REDACTED-A kernel: snd_hda_intel 0000:03:00.1: bound 0000:03:00.0 (ops amdgpu_dm_audio_component_bind_ops [amdgpu])
2026-07-21T11:08:00.329935+02:00 HOST-REDACTED-A kernel: amdgpu 0000:03:00.0: amdgpu: [drm] PSR support 0, DC PSR ver -1, sink PSR ver 0 DPCD caps 0x0 su_y_granularity 0
2026-07-21T11:08:00.799890+02:00 HOST-REDACTED-A systemd-journald[627]: Received client request to flush runtime journal.
2026-07-21T11:08:00.884853+02:00 HOST-REDACTED-A unknown: SteamOS System Info: SteamOS
2026-07-21T11:08:00.889850+02:00 HOST-REDACTED-A unknown: SteamOS System Info: Partition:
2026-07-21T11:08:00.889859+02:00 HOST-REDACTED-A unknown: B
2026-07-21T11:08:00.889864+02:00 HOST-REDACTED-A unknown: SteamOS System Info: Hardware identifiers:
2026-07-21T11:08:00.891845+02:00 HOST-REDACTED-A unknown: SteamOS System Info:        board_identifier: SERIAL-REDACTED-1
2026-07-21T11:08:00.892860+02:00 HOST-REDACTED-A unknown: SteamOS System Info:        product_identifier: SERIAL-REDACTED-2
2026-07-21T11:08:00.895868+02:00 HOST-REDACTED-A kernel: ramoops: using module parameters
2026-07-21T11:08:00.896845+02:00 HOST-REDACTED-A unknown: SteamOS System Info: Battery:
2026-07-21T11:08:00.896862+02:00 HOST-REDACTED-A unknown: SteamOS System Info:        No battery found!
2026-07-21T11:08:00.896869+02:00 HOST-REDACTED-A unknown: SteamOS System Info: Boot Config:
2026-07-21T11:08:00.896874+02:00 HOST-REDACTED-A kernel: pstore: Using crash dump compression: deflate
2026-07-21T11:08:00.896881+02:00 HOST-REDACTED-A kernel: pstore: Registered ramoops as persistent store backend
2026-07-21T11:08:00.896886+02:00 HOST-REDACTED-A kernel: ramoops: using 0x500000@0xffde80000, ecc: 0
2026-07-21T11:08:00.897850+02:00 HOST-REDACTED-A kernel: Bluetooth: BNEP (Ethernet Emulation) ver 1.3
2026-07-21T11:08:00.897868+02:00 HOST-REDACTED-A kernel: Bluetooth: BNEP filters: protocol multicast
2026-07-21T11:08:00.897875+02:00 HOST-REDACTED-A kernel: Bluetooth: BNEP socket layer initialized
2026-07-21T11:08:00.899843+02:00 HOST-REDACTED-A unknown: SteamOS System Info:        A       boot-attempts        0
2026-07-21T11:08:00.902860+02:00 HOST-REDACTED-A unknown: SteamOS System Info:        A          boot-count        55
2026-07-21T11:08:00.904843+02:00 HOST-REDACTED-A unknown: SteamOS System Info:        A   boot-requested-at        20260721090728
2026-07-21T11:08:00.906868+02:00 HOST-REDACTED-A unknown: SteamOS System Info:        A           boot-time        20260721081153
2026-07-21T11:08:00.908858+02:00 HOST-REDACTED-A unknown: SteamOS System Info:        A             comment        [2026-07-21 11:07:28 +0200] bootconf mode: reboot (other)
2026-07-21T11:08:00.910842+02:00 HOST-REDACTED-A unknown: SteamOS System Info:        A       image-invalid        0
2026-07-21T11:08:00.911843+02:00 HOST-REDACTED-A unknown: SteamOS System Info:        B       boot-attempts        1
2026-07-21T11:08:00.913861+02:00 HOST-REDACTED-A unknown: SteamOS System Info:        B          boot-count        54
2026-07-21T11:08:00.915846+02:00 HOST-REDACTED-A unknown: SteamOS System Info:        B   boot-requested-at        20260721081111
2026-07-21T11:08:00.916854+02:00 HOST-REDACTED-A unknown: SteamOS System Info:        B           boot-time        20260721071323
2026-07-21T11:08:00.917843+02:00 HOST-REDACTED-A unknown: SteamOS System Info:        B             comment        [2026-07-21 10:11:11 +0200] bootconf mode: reboot (other)
2026-07-21T11:08:00.919840+02:00 HOST-REDACTED-A unknown: SteamOS System Info:        B       image-invalid        0
2026-07-21T11:08:01.331850+02:00 HOST-REDACTED-A kernel: Realtek Internal NBASE-T PHY r8169-0-c00:00: attached PHY driver (mii_bus:phy_addr=r8169-0-c00:00, irq=MAC)
2026-07-21T11:08:01.698847+02:00 HOST-REDACTED-A kernel: r8169 0000:0c:00.0 enp12s0: Link is Down
2026-07-21T11:08:01.758851+02:00 HOST-REDACTED-A kernel: cfg80211: Loading compiled-in X.509 certificates for regulatory database
2026-07-21T11:08:01.758872+02:00 HOST-REDACTED-A kernel: Loaded X.509 cert 'sforshee: 00b28ddf47aef9cea7'
2026-07-21T11:08:01.758879+02:00 HOST-REDACTED-A kernel: Loaded X.509 cert 'wens: 61c038651aabdcf94bd0ac7ff06c7248db18c600'
2026-07-21T11:08:01.994853+02:00 HOST-REDACTED-A kernel: amdgpu 0000:03:00.0: amdgpu: [drm] PSR support 0, DC PSR ver -1, sink PSR ver 0 DPCD caps 0x0 su_y_granularity 0
2026-07-21T11:08:01.994962+02:00 HOST-REDACTED-A kernel: amdgpu 0000:03:00.0: amdgpu: [drm] PSR support 0, DC PSR ver -1, sink PSR ver 0 DPCD caps 0x0 su_y_granularity 0
2026-07-21T11:08:01.995021+02:00 HOST-REDACTED-A kernel: amdgpu 0000:03:00.0: amdgpu: program CP_MES_CNTL : 0x4000000
2026-07-21T11:08:01.995069+02:00 HOST-REDACTED-A kernel: amdgpu 0000:03:00.0: amdgpu: program CP_MES_CNTL : 0xc000000
2026-07-21T11:08:01.995116+02:00 HOST-REDACTED-A kernel: amdgpu 0000:03:00.0: amdgpu: MES FW version must be >= 0x82 to enable LR compute workaround.
2026-07-21T11:08:02.042876+02:00 HOST-REDACTED-A kernel: amdgpu: HMM registered 16304MB device memory
2026-07-21T11:08:02.043854+02:00 HOST-REDACTED-A kernel: kfd kfd: amdgpu: Allocated 3969056 bytes on gart
2026-07-21T11:08:02.044007+02:00 HOST-REDACTED-A kernel: kfd kfd: amdgpu: Total number of KFD nodes to be created: 1
2026-07-21T11:08:02.044080+02:00 HOST-REDACTED-A kernel: amdgpu: Virtual CRAT table created for GPU
2026-07-21T11:08:02.044088+02:00 HOST-REDACTED-A kernel: amdgpu: Topology: Add dGPU node [0x7550:0x1002]
2026-07-21T11:08:02.044096+02:00 HOST-REDACTED-A kernel: kfd kfd: amdgpu: added device 1002:7550
2026-07-21T11:08:02.044144+02:00 HOST-REDACTED-A kernel: amdgpu 0000:03:00.0: amdgpu: SE 4, SH per SE 2, CU per SH 8, active_cu_number 64
2026-07-21T11:08:02.044264+02:00 HOST-REDACTED-A kernel: amdgpu 0000:03:00.0: amdgpu: ring gfx_0.0.0 uses VM inv eng 0 on hub 0
2026-07-21T11:08:02.044359+02:00 HOST-REDACTED-A kernel: amdgpu 0000:03:00.0: amdgpu: ring comp_1.0.0 uses VM inv eng 1 on hub 0
2026-07-21T11:08:02.044451+02:00 HOST-REDACTED-A kernel: amdgpu 0000:03:00.0: amdgpu: ring comp_1.1.0 uses VM inv eng 4 on hub 0
2026-07-21T11:08:02.044541+02:00 HOST-REDACTED-A kernel: amdgpu 0000:03:00.0: amdgpu: ring comp_1.0.1 uses VM inv eng 6 on hub 0
2026-07-21T11:08:02.044635+02:00 HOST-REDACTED-A kernel: amdgpu 0000:03:00.0: amdgpu: ring comp_1.1.1 uses VM inv eng 7 on hub 0
2026-07-21T11:08:02.044725+02:00 HOST-REDACTED-A kernel: amdgpu 0000:03:00.0: amdgpu: ring sdma0 uses VM inv eng 8 on hub 0
2026-07-21T11:08:02.044814+02:00 HOST-REDACTED-A kernel: amdgpu 0000:03:00.0: amdgpu: ring sdma1 uses VM inv eng 9 on hub 0
2026-07-21T11:08:02.044923+02:00 HOST-REDACTED-A kernel: amdgpu 0000:03:00.0: amdgpu: ring vcn_unified_0 uses VM inv eng 0 on hub 8
2026-07-21T11:08:02.045011+02:00 HOST-REDACTED-A kernel: amdgpu 0000:03:00.0: amdgpu: ring jpeg_dec uses VM inv eng 1 on hub 8
2026-07-21T11:08:02.045850+02:00 HOST-REDACTED-A kernel: amdgpu 0000:03:00.0: amdgpu: Using BACO for runtime pm
2026-07-21T11:08:02.046849+02:00 HOST-REDACTED-A kernel: [drm] Initialized amdgpu 3.64.0 for 0000:03:00.0 on minor 0
2026-07-21T11:08:02.053842+02:00 HOST-REDACTED-A kernel: amdgpu 0000:03:00.0: [drm] Cannot find any crtc or sizes
2026-07-21T11:08:02.053935+02:00 HOST-REDACTED-A kernel: [drm] pre_validate_dsc:1628 MST_DSC dsc precompute is not needed
2026-07-21T11:08:02.055459+02:00 HOST-REDACTED-A kernel: amdgpu 0000:7b:00.0: enabling device (0006 -> 0007)
2026-07-21T11:08:02.055555+02:00 HOST-REDACTED-A kernel: [drm] initializing kernel modesetting (IP DISCOVERY 0x1002:0x13C0 0x1043:0x8877 0xCB).
2026-07-21T11:08:02.055559+02:00 HOST-REDACTED-A kernel: [drm] register mmio base: 0xDDD00000
2026-07-21T11:08:02.055563+02:00 HOST-REDACTED-A kernel: [drm] register mmio size: 524288
2026-07-21T11:08:02.055572+02:00 HOST-REDACTED-A kernel: amdgpu 0000:7b:00.0: amdgpu: detected ip block number 0 <nv_common>
2026-07-21T11:08:02.055624+02:00 HOST-REDACTED-A kernel: amdgpu 0000:7b:00.0: amdgpu: detected ip block number 1 <gmc_v10_0>
2026-07-21T11:08:02.055670+02:00 HOST-REDACTED-A kernel: amdgpu 0000:7b:00.0: amdgpu: detected ip block number 2 <navi10_ih>
2026-07-21T11:08:02.055714+02:00 HOST-REDACTED-A kernel: amdgpu 0000:7b:00.0: amdgpu: detected ip block number 3 <psp>
2026-07-21T11:08:02.055758+02:00 HOST-REDACTED-A kernel: amdgpu 0000:7b:00.0: amdgpu: detected ip block number 4 <smu>
2026-07-21T11:08:02.055802+02:00 HOST-REDACTED-A kernel: amdgpu 0000:7b:00.0: amdgpu: detected ip block number 5 <dm>
2026-07-21T11:08:02.055851+02:00 HOST-REDACTED-A kernel: amdgpu 0000:7b:00.0: amdgpu: detected ip block number 6 <gfx_v10_0>
2026-07-21T11:08:02.055894+02:00 HOST-REDACTED-A kernel: amdgpu 0000:7b:00.0: amdgpu: detected ip block number 7 <sdma_v5_2>
2026-07-21T11:08:02.055940+02:00 HOST-REDACTED-A kernel: amdgpu 0000:7b:00.0: amdgpu: detected ip block number 8 <vcn_v3_0>
2026-07-21T11:08:02.055983+02:00 HOST-REDACTED-A kernel: amdgpu 0000:7b:00.0: amdgpu: detected ip block number 9 <jpeg_v3_0>
2026-07-21T11:08:02.056027+02:00 HOST-REDACTED-A kernel: amdgpu 0000:7b:00.0: amdgpu: Fetched VBIOS from VFCT
2026-07-21T11:08:02.056070+02:00 HOST-REDACTED-A kernel: amdgpu: ATOM BIOS: 102-RAPHAEL-008
2026-07-21T11:08:02.060847+02:00 HOST-REDACTED-A kernel: amdgpu 0000:7b:00.0: amdgpu: Trusted Memory Zone (TMZ) feature disabled as experimental (default)
2026-07-21T11:08:02.060936+02:00 HOST-REDACTED-A kernel: [drm] vm size is 262144 GB, 4 levels, block size is 9-bit, fragment size is 9-bit
2026-07-21T11:08:02.060941+02:00 HOST-REDACTED-A kernel: amdgpu 0000:7b:00.0: amdgpu: VRAM: 2048M 0x000000F400000000 - 0x000000F47FFFFFFF (2048M used)
2026-07-21T11:08:02.060992+02:00 HOST-REDACTED-A kernel: amdgpu 0000:7b:00.0: amdgpu: GART: 1024M 0x0000000000000000 - 0x000000003FFFFFFF
2026-07-21T11:08:02.061043+02:00 HOST-REDACTED-A kernel: [drm] Detected VRAM RAM=2048M, BAR=2048M
2026-07-21T11:08:02.061047+02:00 HOST-REDACTED-A kernel: [drm] RAM width 128bits DDR5
2026-07-21T11:08:02.061051+02:00 HOST-REDACTED-A kernel: [drm] amdgpu: 2048M of VRAM memory ready
2026-07-21T11:08:02.061055+02:00 HOST-REDACTED-A kernel: [drm] amdgpu: 30948M of GTT memory ready.
2026-07-21T11:08:02.061059+02:00 HOST-REDACTED-A kernel: [drm] GART: num cpu pages 262144, num gpu pages 262144
2026-07-21T11:08:02.061062+02:00 HOST-REDACTED-A kernel: [drm] PCIE GART of 1024M enabled (table at 0x000000F47FC00000).
2026-07-21T11:08:02.061066+02:00 HOST-REDACTED-A kernel: amdgpu 0000:7b:00.0: amdgpu: [drm] Loading DMUB firmware via PSP: version=0x05002000
2026-07-21T11:08:02.061109+02:00 HOST-REDACTED-A kernel: [drm] use_doorbell being set to: [false]
2026-07-21T11:08:02.061114+02:00 HOST-REDACTED-A kernel: amdgpu 0000:7b:00.0: amdgpu: Found VCN firmware Version ENC: 1.33 DEC: 4 VEP: 0 Revision: 6
2026-07-21T11:08:02.083842+02:00 HOST-REDACTED-A kernel: amdgpu 0000:7b:00.0: amdgpu: reserve 0xa00000 from 0xf47e000000 for PSP TMR
2026-07-21T11:08:02.142843+02:00 HOST-REDACTED-A kernel: amdgpu 0000:7b:00.0: amdgpu: RAS: optional ras ta ucode is not available
2026-07-21T11:08:02.148842+02:00 HOST-REDACTED-A kernel: amdgpu 0000:7b:00.0: amdgpu: RAP: optional rap ta ucode is not available
2026-07-21T11:08:02.149035+02:00 HOST-REDACTED-A kernel: amdgpu 0000:7b:00.0: amdgpu: SECUREDISPLAY: optional securedisplay ta ucode is not available
2026-07-21T11:08:02.149863+02:00 HOST-REDACTED-A kernel: amdgpu 0000:7b:00.0: amdgpu: SMU is initialized successfully!
2026-07-21T11:08:02.149980+02:00 HOST-REDACTED-A kernel: amdgpu 0000:7b:00.0: amdgpu: [drm] Display Core v3.2.334 initialized on DCN 3.1.5
2026-07-21T11:08:02.150072+02:00 HOST-REDACTED-A kernel: amdgpu 0000:7b:00.0: amdgpu: [drm] DP-HDMI FRL PCON supported
2026-07-21T11:08:02.150845+02:00 HOST-REDACTED-A kernel: amdgpu 0000:7b:00.0: amdgpu: [drm] DMUB hardware initialized: version=0x05002000
2026-07-21T11:08:02.151850+02:00 HOST-REDACTED-A kernel: snd_hda_intel 0000:7b:00.1: bound 0000:7b:00.0 (ops amdgpu_dm_audio_component_bind_ops [amdgpu])
2026-07-21T11:08:02.152844+02:00 HOST-REDACTED-A kernel: amdgpu 0000:7b:00.0: amdgpu: [drm] PSR support 0, DC PSR ver -1, sink PSR ver 0 DPCD caps 0x0 su_y_granularity 0
2026-07-21T11:08:02.152890+02:00 HOST-REDACTED-A kernel: amdgpu 0000:7b:00.0: amdgpu: [drm] PSR support 0, DC PSR ver -1, sink PSR ver 0 DPCD caps 0x0 su_y_granularity 0
2026-07-21T11:08:02.152933+02:00 HOST-REDACTED-A kernel: amdgpu 0000:7b:00.0: amdgpu: [drm] PSR support 0, DC PSR ver -1, sink PSR ver 0 DPCD caps 0x0 su_y_granularity 0
2026-07-21T11:08:02.153027+02:00 HOST-REDACTED-A kernel: [drm] kiq ring mec 2 pipe 1 q 0
2026-07-21T11:08:02.154843+02:00 HOST-REDACTED-A kernel: kfd kfd: amdgpu: Allocated 3969056 bytes on gart
2026-07-21T11:08:02.154922+02:00 HOST-REDACTED-A kernel: kfd kfd: amdgpu: Total number of KFD nodes to be created: 1
2026-07-21T11:08:02.155851+02:00 HOST-REDACTED-A kernel: amdgpu: Virtual CRAT table created for GPU
2026-07-21T11:08:02.155862+02:00 HOST-REDACTED-A kernel: amdgpu: Topology: Add dGPU node [0x13c0:0x1002]
2026-07-21T11:08:02.155867+02:00 HOST-REDACTED-A kernel: kfd kfd: amdgpu: added device 1002:13c0
2026-07-21T11:08:02.155898+02:00 HOST-REDACTED-A kernel: amdgpu 0000:7b:00.0: amdgpu: SE 1, SH per SE 1, CU per SH 2, active_cu_number 2
2026-07-21T11:08:02.155958+02:00 HOST-REDACTED-A kernel: amdgpu 0000:7b:00.0: amdgpu: ring gfx_0.0.0 uses VM inv eng 0 on hub 0
2026-07-21T11:08:02.156016+02:00 HOST-REDACTED-A kernel: amdgpu 0000:7b:00.0: amdgpu: ring gfx_0.1.0 uses VM inv eng 1 on hub 0
2026-07-21T11:08:02.156078+02:00 HOST-REDACTED-A kernel: amdgpu 0000:7b:00.0: amdgpu: ring comp_1.0.0 uses VM inv eng 4 on hub 0
2026-07-21T11:08:02.156123+02:00 HOST-REDACTED-A kernel: amdgpu 0000:7b:00.0: amdgpu: ring comp_1.1.0 uses VM inv eng 5 on hub 0
2026-07-21T11:08:02.156166+02:00 HOST-REDACTED-A kernel: amdgpu 0000:7b:00.0: amdgpu: ring comp_1.2.0 uses VM inv eng 6 on hub 0
2026-07-21T11:08:02.156213+02:00 HOST-REDACTED-A kernel: amdgpu 0000:7b:00.0: amdgpu: ring comp_1.3.0 uses VM inv eng 7 on hub 0
2026-07-21T11:08:02.156258+02:00 HOST-REDACTED-A kernel: amdgpu 0000:7b:00.0: amdgpu: ring comp_1.0.1 uses VM inv eng 8 on hub 0
2026-07-21T11:08:02.156317+02:00 HOST-REDACTED-A kernel: amdgpu 0000:7b:00.0: amdgpu: ring comp_1.1.1 uses VM inv eng 9 on hub 0
2026-07-21T11:08:02.156365+02:00 HOST-REDACTED-A kernel: amdgpu 0000:7b:00.0: amdgpu: ring comp_1.2.1 uses VM inv eng 10 on hub 0
2026-07-21T11:08:02.156408+02:00 HOST-REDACTED-A kernel: amdgpu 0000:7b:00.0: amdgpu: ring comp_1.3.1 uses VM inv eng 11 on hub 0
2026-07-21T11:08:02.156455+02:00 HOST-REDACTED-A kernel: amdgpu 0000:7b:00.0: amdgpu: ring kiq_0.2.1.0 uses VM inv eng 12 on hub 0
2026-07-21T11:08:02.156534+02:00 HOST-REDACTED-A kernel: amdgpu 0000:7b:00.0: amdgpu: ring sdma0 uses VM inv eng 13 on hub 0
2026-07-21T11:08:02.156599+02:00 HOST-REDACTED-A kernel: amdgpu 0000:7b:00.0: amdgpu: ring vcn_dec_0 uses VM inv eng 0 on hub 8
2026-07-21T11:08:02.156646+02:00 HOST-REDACTED-A kernel: amdgpu 0000:7b:00.0: amdgpu: ring vcn_enc_0.0 uses VM inv eng 1 on hub 8
2026-07-21T11:08:02.156689+02:00 HOST-REDACTED-A kernel: amdgpu 0000:7b:00.0: amdgpu: ring vcn_enc_0.1 uses VM inv eng 4 on hub 8
2026-07-21T11:08:02.156731+02:00 HOST-REDACTED-A kernel: amdgpu 0000:7b:00.0: amdgpu: ring jpeg_dec uses VM inv eng 5 on hub 8
2026-07-21T11:08:02.156773+02:00 HOST-REDACTED-A kernel: amdgpu 0000:7b:00.0: amdgpu: Runtime PM not available
2026-07-21T11:08:02.156816+02:00 HOST-REDACTED-A kernel: [drm] Initialized amdgpu 3.64.0 for 0000:7b:00.0 on minor 1
2026-07-21T11:08:02.158852+02:00 HOST-REDACTED-A kernel: amdgpu 0000:7b:00.0: [drm] Cannot find any crtc or sizes
2026-07-21T11:08:02.277841+02:00 HOST-REDACTED-A kernel: /proc/cgroups lists only v1 controllers, use cgroup.controllers of root cgroup for v2 info
2026-07-21T11:08:02.278842+02:00 HOST-REDACTED-A kernel: input: steamos-manager as /devices/virtual/input/input30
2026-07-21T11:08:02.341842+02:00 HOST-REDACTED-A kernel: gamescope-shdr[2389]: segfault at 70 ip 0000560ee86bb77d sp 00007f549767f8e8 error 4 in gamescope[ed77d,560ee85e2000+1dc000] likely on CPU 11 (core 3, socket 0)
2026-07-21T11:08:02.341861+02:00 HOST-REDACTED-A kernel: Code: 1f 00 66 66 2e 0f 1f 84 00 00 00 00 00 f3 0f 1e fa 48 89 f8 49 89 d2 48 89 f7 49 89 cb 4c 8b 0c d0 4d 85 c9 0f 84 93 00 00 00 <49> 8b 01 48 8b 70 30 49 39 f0 75 08 8b 50 08 41 39 13 74 37 48 8b
2026-07-21T11:08:04.890850+02:00 HOST-REDACTED-A kernel: traps: gamescope-shdr[2919] general protection fault ip:55a3eb090799 sp:7fa95f47f8e8 error:0 in gamescope[ed799,55a3eafb7000+1dc000]
2026-07-21T11:08:05.790854+02:00 HOST-REDACTED-A kernel: usbcore: registered new interface driver snd-usb-audio
2026-07-21T11:08:06.431029+02:00 HOST-REDACTED-A kernel: mlx4_core 0000:0e:00.0: DMFS high rate steer mode is: disabled performance optimized steering
2026-07-21T11:08:06.431229+02:00 HOST-REDACTED-A kernel: mlx4_core 0000:0e:00.0: 31.504 Gb/s available PCIe bandwidth (8.0 GT/s PCIe x4 link)
2026-07-21T11:08:06.504854+02:00 HOST-REDACTED-A kernel: pps_core: LinuxPPS API ver. 1 registered
2026-07-21T11:08:06.504872+02:00 HOST-REDACTED-A kernel: pps_core: Software ver. 5.3.6 - Copyright 2005-2007 Rodolfo Giometti <giometti@linux.it>
2026-07-21T11:08:06.508849+02:00 HOST-REDACTED-A kernel: PTP clock support registered
2026-07-21T11:08:06.513850+02:00 HOST-REDACTED-A kernel: mlx4_en: Mellanox ConnectX HCA Ethernet driver v4.0-0
2026-07-21T11:08:06.514851+02:00 HOST-REDACTED-A kernel: mlx4_en 0000:0e:00.0: Activating port:1
2026-07-21T11:08:06.516845+02:00 HOST-REDACTED-A kernel: mlx4_en: 0000:0e:00.0: Port 1: Using 16 TX rings
2026-07-21T11:08:06.516850+02:00 HOST-REDACTED-A kernel: mlx4_en: 0000:0e:00.0: Port 1: Using 16 RX rings
2026-07-21T11:08:06.516854+02:00 HOST-REDACTED-A kernel: mlx4_en: 0000:0e:00.0: Port 1: Initializing port
2026-07-21T11:08:06.517851+02:00 HOST-REDACTED-A kernel: mlx4_en 0000:0e:00.0: registered PHC clock
2026-07-21T11:08:06.519840+02:00 HOST-REDACTED-A kernel: <mlx4_ib> mlx4_ib_probe: mlx4_ib: Mellanox ConnectX InfiniBand driver v4.0-0
2026-07-21T11:08:06.519854+02:00 HOST-REDACTED-A kernel: <mlx4_ib> mlx4_ib_probe: counter index 1 for port 1 allocated 1
2026-07-21T11:08:06.529841+02:00 HOST-REDACTED-A kernel: mlx4_core 0000:0e:00.0 enp14s0: renamed from eth0
2026-07-21T11:08:06.542850+02:00 HOST-REDACTED-A kernel: mlx4_en: enp14s0: Steering Mode 1
2026-07-21T11:08:06.563842+02:00 HOST-REDACTED-A kernel: mlx4_en: enp14s0: Link Down
2026-07-21T11:08:08.988865+02:00 HOST-REDACTED-A kernel: mlx4_en: enp14s0: Link Up
2026-07-21T11:08:09.035867+02:00 HOST-REDACTED-A kernel: mlx4_en: enp14s0: Steering Mode 1
2026-07-21T11:08:09.042856+02:00 HOST-REDACTED-A kernel: mlx4_core 0000:0e:00.0 mlx4_0: Port: 1 Link ACTIVE
2026-07-21T11:08:09.061856+02:00 HOST-REDACTED-A kernel: mlx4_en: enp14s0: Link Down
2026-07-21T11:08:09.092852+02:00 HOST-REDACTED-A kernel: mlx4_core 0000:0e:00.0 mlx4_0: Port: 1 Link DOWN
2026-07-21T11:08:09.092951+02:00 HOST-REDACTED-A kernel: mlx4_en: enp14s0: Link Up
2026-07-21T11:08:26.901842+02:00 HOST-REDACTED-A kernel: traps: gamescope-shdr[4877] general protection fault ip:55d1d7808799 sp:7ff26767f8e8 error:0 in gamescope[ed799,55d1d772f000+1dc000]
2026-07-21T11:08:30.761634+02:00 HOST-REDACTED-A systemd-journald[627]: Time jumped backwards, rotating.
2026-07-21T11:08:31.390746+02:00 HOST-REDACTED-A kernel: gamescope-shdr[5322]: segfault at 55ab01eba45d ip 000055ace7e8077d sp 00007fe673e7f8e8 error 4 in gamescope[ed77d,55ace7da7000+1dc000] likely on CPU 10 (core 2, socket 0)
2026-07-21T11:08:31.390759+02:00 HOST-REDACTED-A kernel: Code: 1f 00 66 66 2e 0f 1f 84 00 00 00 00 00 f3 0f 1e fa 48 89 f8 49 89 d2 48 89 f7 49 89 cb 4c 8b 0c d0 4d 85 c9 0f 84 93 00 00 00 <49> 8b 01 48 8b 70 30 49 39 f0 75 08 8b 50 08 41 39 13 74 37 48 8b
2026-07-21T11:08:35.247745+02:00 HOST-REDACTED-A kernel: traps: gamescope-shdr[5642] general protection fault ip:55bd7feb1799 sp:7f6875a7f8e8 error:0 in gamescope[ed799,55bd7fdd8000+1dc000]
2026-07-21T11:08:37.898746+02:00 HOST-REDACTED-A kernel: traps: gamescope-shdr[5862] general protection fault ip:564f6ff22799 sp:7ff43a67f8e8 error:0 in gamescope[ed799,564f6fe49000+1dc000]
2026-07-21T11:08:39.014769+02:00 HOST-REDACTED-A kernel: amdgpu 0000:03:00.0: [drm] Cannot find any crtc or sizes
2026-07-21T11:08:39.356749+02:00 HOST-REDACTED-A kernel: traps: gamescope-shdr[5981] general protection fault ip:5577cb6e5799 sp:7f2b8107f8e8 error:0 in gamescope[ed799,5577cb60c000+1dc000]
2026-07-21T11:08:40.014748+02:00 HOST-REDACTED-A kernel: fbcon: amdgpudrmfb (fb0) is primary device
2026-07-21T11:08:40.014774+02:00 HOST-REDACTED-A kernel: Console: switching consoles 4-6 to colour frame buffer device 430x90
2026-07-21T11:08:40.014781+02:00 HOST-REDACTED-A kernel: amdgpu 0000:03:00.0: [drm] fb0: amdgpudrmfb frame buffer device
2026-07-21T11:08:41.111761+02:00 HOST-REDACTED-A kernel: amdgpu 0000:03:00.0: [drm] REG_WAIT timeout 1us * 150000 tries - optc401_disable_crtc line:230
2026-07-21T11:08:46.764745+02:00 HOST-REDACTED-A kernel: nvme nvme0: using unchecked data buffer
2026-07-21T11:08:47.098752+02:00 HOST-REDACTED-A kernel: logitech-hidpp-device 0003:046D:4087.000C: HID++ 4.2 device connected.
2026-07-21T11:15:27.453759+02:00 HOST-REDACTED-A kernel: input: Microsoft X-Box 360 pad 0 as /devices/virtual/input/input31
2026-07-21T11:52:25.265758+02:00 HOST-REDACTED-A kernel: amdgpu 0000:03:00.0: [drm] CRB Config Warning: DET size (5,0,6,10) + Compbuf size (1) >  CRB segments (21)
2026-07-21T12:22:23.595754+02:00 HOST-REDACTED-A kernel: amdgpu 0000:03:00.0: [drm] CRB Config Warning: DET size (5,0,6,10) + Compbuf size (1) >  CRB segments (21)
2026-07-21T12:24:51.436745+02:00 HOST-REDACTED-A kernel: amdgpu 0000:03:00.0: amdgpu: VM memory stats for proc (0) task (0) is non-zero when fini
2026-07-21T12:24:51.525749+02:00 HOST-REDACTED-A kernel: amdgpu 0000:03:00.0: amdgpu: VM memory stats for proc HorizonForbidde(18705) task vkd3d_queue(18598) is non-zero when fini
2026-07-21T12:29:25.639755+02:00 HOST-REDACTED-A kernel: input: Microsoft X-Box 360 pad 0 as /devices/virtual/input/input32
2026-07-21T12:56:12.540750+02:00 HOST-REDACTED-A kernel: amdgpu 0000:03:00.0: [drm] CRB Config Warning: DET size (5,0,6,10) + Compbuf size (1) >  CRB segments (21)
2026-07-21T13:14:01.492751+02:00 HOST-REDACTED-A kernel: amdgpu 0000:03:00.0: [drm] CRB Config Warning: DET size (5,0,6,10) + Compbuf size (1) >  CRB segments (21)
2026-07-21T13:14:52.531759+02:00 HOST-REDACTED-A kernel: amdgpu 0000:03:00.0: amdgpu: VM memory stats for proc (0) task (0) is non-zero when fini
2026-07-21T13:14:52.717749+02:00 HOST-REDACTED-A kernel: amdgpu 0000:03:00.0: amdgpu: VM memory stats for proc HorizonForbidde(103896) task vkd3d_queue(103770) is non-zero when fini
2026-07-21T14:51:05.380761+02:00 HOST-REDACTED-A kernel: x86/split lock detection: #DB: FarCry6.exe/164437 took a bus_lock trap at address: 0x6ffff4327b9e
2026-07-21T14:51:05.381751+02:00 HOST-REDACTED-A kernel: umip: FarCry6.exe[164437] ip:6ffff602d3f0 sp:16ef880: SGDT instruction cannot be used by applications.
2026-07-21T14:51:05.381769+02:00 HOST-REDACTED-A kernel: umip: FarCry6.exe[164437] ip:6ffff602d3f0 sp:16ef880: For now, expensive software emulation returns the result.
2026-07-21T14:51:05.385756+02:00 HOST-REDACTED-A kernel: umip: FarCry6.exe[164437] ip:6ffff8768752 sp:16ef870: SGDT instruction cannot be used by applications.
2026-07-21T14:51:05.385782+02:00 HOST-REDACTED-A kernel: umip: FarCry6.exe[164437] ip:6ffff8768752 sp:16ef870: For now, expensive software emulation returns the result.
2026-07-21T14:51:05.385790+02:00 HOST-REDACTED-A kernel: x86/split lock detection: #DB: FarCry6.exe/164437 took a bus_lock trap at address: 0x6ffff5554c1a
2026-07-21T14:51:07.111757+02:00 HOST-REDACTED-A kernel: x86/split lock detection: #DB: upc.exe/164454 took a bus_lock trap at address: 0x77c0b2d1
2026-07-21T14:51:07.111820+02:00 HOST-REDACTED-A kernel: x86/split lock detection: #DB: upc.exe/164454 took a bus_lock trap at address: 0x77c0b2d1
2026-07-21T14:51:07.111829+02:00 HOST-REDACTED-A kernel: x86/split lock detection: #DB: upc.exe/164454 took a bus_lock trap at address: 0x77c0b2d1
2026-07-21T14:51:07.111835+02:00 HOST-REDACTED-A kernel: x86/split lock detection: #DB: upc.exe/164454 took a bus_lock trap at address: 0x77c0b2d1
2026-07-21T14:51:07.111844+02:00 HOST-REDACTED-A kernel: x86/split lock detection: #DB: upc.exe/164454 took a bus_lock trap at address: 0x77c0b2d1
2026-07-21T14:51:07.111850+02:00 HOST-REDACTED-A kernel: x86/split lock detection: #DB: upc.exe/164454 took a bus_lock trap at address: 0x77c0b2d1
2026-07-21T14:51:07.111854+02:00 HOST-REDACTED-A kernel: x86/split lock detection: #DB: upc.exe/164454 took a bus_lock trap at address: 0x77c0b2d1
2026-07-21T14:51:07.111860+02:00 HOST-REDACTED-A kernel: x86/split lock detection: #DB: upc.exe/164454 took a bus_lock trap at address: 0x77c0b2d1
2026-07-21T14:51:13.588757+02:00 HOST-REDACTED-A kernel: handle_bus_lock: 46486 callbacks suppressed
2026-07-21T14:51:13.588803+02:00 HOST-REDACTED-A kernel: x86/split lock detection: #DB: UPC_Net/164465 took a bus_lock trap at address: 0x77b0b7be
2026-07-21T14:51:13.588810+02:00 HOST-REDACTED-A kernel: x86/split lock detection: #DB: UPC_Net/164465 took a bus_lock trap at address: 0x77b0b7be
2026-07-21T14:51:13.588815+02:00 HOST-REDACTED-A kernel: x86/split lock detection: #DB: UPC_Net/164465 took a bus_lock trap at address: 0x776213d9
2026-07-21T14:51:13.588820+02:00 HOST-REDACTED-A kernel: x86/split lock detection: #DB: UPC_Net/164465 took a bus_lock trap at address: 0x776213f1
2026-07-21T14:51:13.588825+02:00 HOST-REDACTED-A kernel: x86/split lock detection: #DB: UPC_Net/164465 took a bus_lock trap at address: 0x77621404
2026-07-21T14:51:13.588833+02:00 HOST-REDACTED-A kernel: x86/split lock detection: #DB: UPC_Net/164465 took a bus_lock trap at address: 0x775f7d58
2026-07-21T14:51:13.588841+02:00 HOST-REDACTED-A kernel: x86/split lock detection: #DB: UPC_Net/164465 took a bus_lock trap at address: 0x775d2f69
2026-07-21T14:51:13.588845+02:00 HOST-REDACTED-A kernel: x86/split lock detection: #DB: UPC_Net/164465 took a bus_lock trap at address: 0x775d2f69
2026-07-21T14:51:13.613747+02:00 HOST-REDACTED-A kernel: x86/split lock detection: #DB: CrBrowserMain/164489 took a bus_lock trap at address: 0x775f7d58
2026-07-21T14:51:13.613771+02:00 HOST-REDACTED-A kernel: x86/split lock detection: #DB: CrBrowserMain/164489 took a bus_lock trap at address: 0x775f7d58
2026-07-21T14:51:27.587770+02:00 HOST-REDACTED-A kernel: handle_bus_lock: 12217 callbacks suppressed
2026-07-21T14:51:27.587874+02:00 HOST-REDACTED-A kernel: x86/split lock detection: #DB: FarCry6.exe/164781 took a bus_lock trap at address: 0x6fffd32d7b9e
2026-07-21T14:51:27.587890+02:00 HOST-REDACTED-A kernel: umip: FarCry6.exe[164781] ip:6fffd4fdd3f0 sp:16ff880: SGDT instruction cannot be used by applications.
2026-07-21T14:51:27.592758+02:00 HOST-REDACTED-A kernel: x86/split lock detection: #DB: FarCry6.exe/164781 took a bus_lock trap at address: 0x6fffd4504c1a
2026-07-21T14:51:27.745750+02:00 HOST-REDACTED-A kernel: x86/split lock detection: #DB: UPC_Net/164465 took a bus_lock trap at address: 0x77b0b7be
2026-07-21T14:51:27.745804+02:00 HOST-REDACTED-A kernel: x86/split lock detection: #DB: UPC_Net/164465 took a bus_lock trap at address: 0x77b0b7be
2026-07-21T14:51:27.745813+02:00 HOST-REDACTED-A kernel: x86/split lock detection: #DB: UPC_Net/164465 took a bus_lock trap at address: 0x776213d9
2026-07-21T14:51:27.745819+02:00 HOST-REDACTED-A kernel: x86/split lock detection: #DB: UPC_Net/164465 took a bus_lock trap at address: 0x776213f1
2026-07-21T14:51:27.745825+02:00 HOST-REDACTED-A kernel: x86/split lock detection: #DB: UPC_Net/164465 took a bus_lock trap at address: 0x77621404
2026-07-21T14:51:27.745829+02:00 HOST-REDACTED-A kernel: x86/split lock detection: #DB: UPC_Net/164465 took a bus_lock trap at address: 0x775f7d58
2026-07-21T14:51:27.746754+02:00 HOST-REDACTED-A kernel: x86/split lock detection: #DB: UPC_Net/164465 took a bus_lock trap at address: 0x775d2f69
2026-07-21T14:51:27.746761+02:00 HOST-REDACTED-A kernel: x86/split lock detection: #DB: UPC_Net/164465 took a bus_lock trap at address: 0x775d2f69
2026-07-21T14:54:12.568761+02:00 HOST-REDACTED-A kernel: handle_bus_lock: 701 callbacks suppressed
2026-07-21T14:54:12.568843+02:00 HOST-REDACTED-A kernel: x86/split lock detection: #DB: UPC_Net/164465 took a bus_lock trap at address: 0x776d89e2
2026-07-21T14:54:12.568855+02:00 HOST-REDACTED-A kernel: x86/split lock detection: #DB: UPC_Net/164465 took a bus_lock trap at address: 0x7768e5bb
2026-07-21T14:54:12.568863+02:00 HOST-REDACTED-A kernel: x86/split lock detection: #DB: UPC_Net/164465 took a bus_lock trap at address: 0x77764aa4
2026-07-21T14:54:12.568869+02:00 HOST-REDACTED-A kernel: x86/split lock detection: #DB: UPC_Net/164465 took a bus_lock trap at address: 0x77b44e95
2026-07-21T14:54:12.569747+02:00 HOST-REDACTED-A kernel: x86/split lock detection: #DB: UPC_Net/164465 took a bus_lock trap at address: 0x775d2f69
2026-07-21T14:54:12.569757+02:00 HOST-REDACTED-A kernel: x86/split lock detection: #DB: UPC_Net/164465 took a bus_lock trap at address: 0x775d2f69
2026-07-21T14:54:12.569764+02:00 HOST-REDACTED-A kernel: x86/split lock detection: #DB: UPC_Net/164465 took a bus_lock trap at address: 0x775d2f69
2026-07-21T14:54:12.569772+02:00 HOST-REDACTED-A kernel: x86/split lock detection: #DB: UPC_Net/164465 took a bus_lock trap at address: 0x775d2f69
2026-07-21T14:54:12.569781+02:00 HOST-REDACTED-A kernel: x86/split lock detection: #DB: UPC_Net/164465 took a bus_lock trap at address: 0x775d2f69
2026-07-21T14:54:12.569788+02:00 HOST-REDACTED-A kernel: x86/split lock detection: #DB: UPC_Net/164465 took a bus_lock trap at address: 0x775d2f69
2026-07-21T17:05:48.175748+02:00 HOST-REDACTED-A kernel: amdgpu 0000:03:00.0: amdgpu: VM memory stats for proc steamwebhelper(14365) task steamwebhe:cs0(13982) is non-zero when fini
2026-07-21T17:05:48.179761+02:00 HOST-REDACTED-A kernel: amdgpu 0000:03:00.0: amdgpu: VM memory stats for proc steamwebhelper(14032) task steamwebhe:cs0(14005) is non-zero when fini
2026-07-21T17:05:49.070748+02:00 HOST-REDACTED-A kernel: amdgpu 0000:03:00.0: amdgpu: VM memory stats for proc steam(13816) task steam:cs0(13714) is non-zero when fini
2026-07-21T17:06:43.444746+02:00 HOST-REDACTED-A kernel: handle_bus_lock: 87 callbacks suppressed
2026-07-21T17:06:43.444806+02:00 HOST-REDACTED-A kernel: x86/split lock detection: #DB: CHTTPClientThre/175435 took a bus_lock trap at address: 0xf3d55cb4
2026-07-21T17:06:43.478745+02:00 HOST-REDACTED-A kernel: x86/split lock detection: #DB: CHTTPClientThre/175435 took a bus_lock trap at address: 0xf3d55cb4
2026-07-21T17:06:43.580744+02:00 HOST-REDACTED-A kernel: x86/split lock detection: #DB: CHTTPClientThre/175435 took a bus_lock trap at address: 0xf3d55cb4
2026-07-21T17:06:43.622744+02:00 HOST-REDACTED-A kernel: x86/split lock detection: #DB: CHTTPClientThre/175435 took a bus_lock trap at address: 0xf3d55cb4
2026-07-21T17:06:43.622766+02:00 HOST-REDACTED-A kernel: x86/split lock detection: #DB: CHTTPClientThre/175435 took a bus_lock trap at address: 0xf3d55cb4
2026-07-21T17:06:43.622775+02:00 HOST-REDACTED-A kernel: x86/split lock detection: #DB: CHTTPClientThre/175435 took a bus_lock trap at address: 0xf3d55cb4
2026-07-21T17:06:43.672745+02:00 HOST-REDACTED-A kernel: x86/split lock detection: #DB: CHTTPClientThre/175435 took a bus_lock trap at address: 0xf3d55cb4
2026-07-21T17:06:43.721746+02:00 HOST-REDACTED-A kernel: x86/split lock detection: #DB: CHTTPClientThre/175435 took a bus_lock trap at address: 0xf3d55cb4
2026-07-21T17:06:43.721768+02:00 HOST-REDACTED-A kernel: x86/split lock detection: #DB: CHTTPClientThre/175435 took a bus_lock trap at address: 0xf3d55cb4
2026-07-21T17:06:43.721775+02:00 HOST-REDACTED-A kernel: x86/split lock detection: #DB: CHTTPClientThre/175435 took a bus_lock trap at address: 0xf3d55cb4
2026-07-21T17:06:48.447747+02:00 HOST-REDACTED-A kernel: handle_bus_lock: 5330 callbacks suppressed
2026-07-21T17:06:48.447782+02:00 HOST-REDACTED-A kernel: x86/split lock detection: #DB: CHTTPClientThre/175435 took a bus_lock trap at address: 0xf3d55cb4
2026-07-21T17:06:48.447789+02:00 HOST-REDACTED-A kernel: x86/split lock detection: #DB: CHTTPClientThre/175505 took a bus_lock trap at address: 0xf3d55cb4
2026-07-21T17:06:48.447798+02:00 HOST-REDACTED-A kernel: x86/split lock detection: #DB: CHTTPClientThre/175435 took a bus_lock trap at address: 0xf3d55cb4
2026-07-21T17:06:48.447805+02:00 HOST-REDACTED-A kernel: x86/split lock detection: #DB: CHTTPClientThre/175505 took a bus_lock trap at address: 0xf3d55cb4
2026-07-21T17:06:48.447808+02:00 HOST-REDACTED-A kernel: x86/split lock detection: #DB: CHTTPClientThre/175505 took a bus_lock trap at address: 0xf3d55cb4
2026-07-21T17:06:48.447814+02:00 HOST-REDACTED-A kernel: x86/split lock detection: #DB: CHTTPClientThre/175590 took a bus_lock trap at address: 0xf3d55cb4
2026-07-21T17:06:48.447818+02:00 HOST-REDACTED-A kernel: x86/split lock detection: #DB: CHTTPClientThre/175435 took a bus_lock trap at address: 0xf3d55cb4
2026-07-21T17:06:48.447822+02:00 HOST-REDACTED-A kernel: x86/split lock detection: #DB: CHTTPClientThre/175505 took a bus_lock trap at address: 0xf3d55cb4
2026-07-21T17:06:48.447828+02:00 HOST-REDACTED-A kernel: x86/split lock detection: #DB: CHTTPClientThre/175435 took a bus_lock trap at address: 0xf3d55cb4
2026-07-21T17:06:48.447832+02:00 HOST-REDACTED-A kernel: x86/split lock detection: #DB: CHTTPClientThre/175505 took a bus_lock trap at address: 0xf3d55cb4
