2026-07-21T10:11:40.702693+02:00 HOST-REDACTED-A kernel: Linux version 6.16.12-drmexec7-valve24.3-1-neptune-616-drm-exec-g8d2e43681431 (linux-neptune-616-drm-exec@archlinux) (gcc (GCC) 15.1.1 20250425, GNU ld (GNU Binutils) 2.45) #1 SMP PREEMPT_DYNAMIC Fri, 03 Jul 2026 23:02:10 +0000
2026-07-21T10:11:40.702707+02:00 HOST-REDACTED-A kernel: Command line: BOOT_IMAGE=/boot/vmlinuz-linux-neptune-616-drm-exec console=tty1 rd.luks=0 rd.lvm=0 rd.md=0 rd.dm=0 rd.systemd.gpt_auto=no log_buf_len=4M amd_iommu=off amdgpu.lockup_timeout=5000,10000,10000,5000 ttm.pages_min=2097152 amdgpu.sched_hw_submission=4 amdgpu.dcdebugmask=0x20000 audit=0 fsck.mode=auto fsck.repair=preen loglevel=3 splash quiet plymouth.ignore-serial-consoles fbcon=vc:4-6 steamos.efi=DISK-ID-REDACTED
2026-07-21T10:11:40.702712+02:00 HOST-REDACTED-A kernel: x86/split lock detection: #DB: warning on user-space bus_locks
2026-07-21T10:11:40.702715+02:00 HOST-REDACTED-A kernel: BIOS-provided physical RAM map:
2026-07-21T10:11:40.702718+02:00 HOST-REDACTED-A kernel: BIOS-e820: [mem 0x0000000000000000-0x000000000009ffff] usable
2026-07-21T10:11:40.702721+02:00 HOST-REDACTED-A kernel: BIOS-e820: [mem 0x00000000000a0000-0x00000000000fffff] reserved
2026-07-21T10:11:40.702725+02:00 HOST-REDACTED-A kernel: BIOS-e820: [mem 0x0000000000100000-0x00000000099fefff] usable
2026-07-21T10:11:40.702728+02:00 HOST-REDACTED-A kernel: BIOS-e820: [mem 0x00000000099ff000-0x0000000009ffffff] reserved
2026-07-21T10:11:40.702731+02:00 HOST-REDACTED-A kernel: BIOS-e820: [mem 0x000000000a000000-0x000000000a1fffff] usable
2026-07-21T10:11:40.702733+02:00 HOST-REDACTED-A kernel: BIOS-e820: [mem 0x000000000a200000-0x000000000a21dfff] ACPI NVS
2026-07-21T10:11:40.702737+02:00 HOST-REDACTED-A kernel: BIOS-e820: [mem 0x000000000a21e000-0x000000000affffff] usable
2026-07-21T10:11:40.702739+02:00 HOST-REDACTED-A kernel: BIOS-e820: [mem 0x000000000b000000-0x000000000b020fff] reserved
2026-07-21T10:11:40.702742+02:00 HOST-REDACTED-A kernel: BIOS-e820: [mem 0x000000000b021000-0x000000006998cfff] usable
2026-07-21T10:11:40.702745+02:00 HOST-REDACTED-A kernel: BIOS-e820: [mem 0x000000006998d000-0x000000007013bfff] reserved
2026-07-21T10:11:40.702748+02:00 HOST-REDACTED-A kernel: BIOS-e820: [mem 0x000000007013c000-0x00000000703f2fff] ACPI data
2026-07-21T10:11:40.702751+02:00 HOST-REDACTED-A kernel: BIOS-e820: [mem 0x00000000703f3000-0x00000000723f2fff] ACPI NVS
2026-07-21T10:11:40.702754+02:00 HOST-REDACTED-A kernel: BIOS-e820: [mem 0x00000000723f3000-0x0000000077ffefff] reserved
2026-07-21T10:11:40.702757+02:00 HOST-REDACTED-A kernel: BIOS-e820: [mem 0x0000000077fff000-0x0000000079ff6fff] usable
2026-07-21T10:11:40.702759+02:00 HOST-REDACTED-A kernel: BIOS-e820: [mem 0x0000000079ff7000-0x0000000079ffbfff] reserved
2026-07-21T10:11:40.702762+02:00 HOST-REDACTED-A kernel: BIOS-e820: [mem 0x0000000079ffc000-0x0000000079ffffff] usable
2026-07-21T10:11:40.702765+02:00 HOST-REDACTED-A kernel: BIOS-e820: [mem 0x000000007a000000-0x000000007bffffff] reserved
2026-07-21T10:11:40.702768+02:00 HOST-REDACTED-A kernel: BIOS-e820: [mem 0x000000007d7f3000-0x000000007fffffff] reserved
2026-07-21T10:11:40.702770+02:00 HOST-REDACTED-A kernel: BIOS-e820: [mem 0x00000000e0000000-0x00000000efffffff] reserved
2026-07-21T10:11:40.702773+02:00 HOST-REDACTED-A kernel: BIOS-e820: [mem 0x00000000f7000000-0x00000000ffffffff] reserved
2026-07-21T10:11:40.702776+02:00 HOST-REDACTED-A kernel: BIOS-e820: [mem 0x0000000100000000-0x0000000ffde7ffff] usable
2026-07-21T10:11:40.702778+02:00 HOST-REDACTED-A kernel: BIOS-e820: [mem 0x0000000ffeec0000-0x00000010a01fffff] reserved
2026-07-21T10:11:40.702781+02:00 HOST-REDACTED-A kernel: BIOS-e820: [mem 0x000000fd00000000-0x000000ffffffffff] reserved
2026-07-21T10:11:40.702784+02:00 HOST-REDACTED-A kernel: NX (Execute Disable) protection: active
2026-07-21T10:11:40.702786+02:00 HOST-REDACTED-A kernel: APIC: Static calls initialized
2026-07-21T10:11:40.702789+02:00 HOST-REDACTED-A kernel: efi: EFI v2.9 by American Megatrends
2026-07-21T10:11:40.702792+02:00 HOST-REDACTED-A kernel: efi: ACPI=0x703f2000 ACPI 2.0=0x703f2014 TPMFinalLog=0x723a7000 SMBIOS=0x77464000 SMBIOS 3.0=0x77463000 MEMATTR=0x63c35018 ESRT=0x66077518 INITRD=0x5b98cb18 RNG=0x703d6018 TPMEventLog=0x701bd018 
2026-07-21T10:11:40.702795+02:00 HOST-REDACTED-A kernel: random: crng init done
2026-07-21T10:11:40.702798+02:00 HOST-REDACTED-A kernel: efi: Remove mem57: MMIO range=[0xe0000000-0xefffffff] (256MB) from e820 map
2026-07-21T10:11:40.702801+02:00 HOST-REDACTED-A kernel: e820: remove [mem 0xe0000000-0xefffffff] reserved
2026-07-21T10:11:40.702804+02:00 HOST-REDACTED-A kernel: efi: Remove mem58: MMIO range=[0xf7000000-0xfedfffff] (126MB) from e820 map
2026-07-21T10:11:40.702807+02:00 HOST-REDACTED-A kernel: e820: remove [mem 0xf7000000-0xfedfffff] reserved
2026-07-21T10:11:40.702810+02:00 HOST-REDACTED-A kernel: efi: Not removing mem59: MMIO range=[0xfee00000-0xfee00fff] (4KB) from e820 map
2026-07-21T10:11:40.702813+02:00 HOST-REDACTED-A kernel: efi: Remove mem60: MMIO range=[0xfee01000-0xffffffff] (17MB) from e820 map
2026-07-21T10:11:40.702815+02:00 HOST-REDACTED-A kernel: e820: remove [mem 0xfee01000-0xffffffff] reserved
2026-07-21T10:11:40.702818+02:00 HOST-REDACTED-A kernel: efi: Remove mem62: MMIO range=[0x1080000000-0x10a01fffff] (514MB) from e820 map
2026-07-21T10:11:40.702822+02:00 HOST-REDACTED-A kernel: e820: remove [mem 0x1080000000-0x10a01fffff] reserved
2026-07-21T10:11:40.702825+02:00 HOST-REDACTED-A kernel: SMBIOS 3.6.0 present.
2026-07-21T10:11:40.702828+02:00 HOST-REDACTED-A kernel: DMI: ASUS System Product Name/ROG STRIX X870E-E GAMING WIFI, BIOS 2202 04/09/2026
2026-07-21T10:11:40.702830+02:00 HOST-REDACTED-A kernel: DMI: Memory slots populated: 2/4
2026-07-21T10:11:40.702833+02:00 HOST-REDACTED-A kernel: tsc: Fast TSC calibration using PIT
2026-07-21T10:11:40.702836+02:00 HOST-REDACTED-A kernel: tsc: Detected 4699.989 MHz processor
2026-07-21T10:11:40.702839+02:00 HOST-REDACTED-A kernel: e820: update [mem 0x00000000-0x00000fff] usable ==> reserved
2026-07-21T10:11:40.702842+02:00 HOST-REDACTED-A kernel: e820: remove [mem 0x000a0000-0x000fffff] usable
2026-07-21T10:11:40.702845+02:00 HOST-REDACTED-A kernel: last_pfn = 0xffde80 max_arch_pfn = 0x400000000
2026-07-21T10:11:40.702848+02:00 HOST-REDACTED-A kernel: MTRR map: 5 entries (3 fixed + 2 variable; max 20), built from 9 variable MTRRs
2026-07-21T10:11:40.702852+02:00 HOST-REDACTED-A kernel: x86/PAT: Configuration [0-7]: WB  WC  UC- UC  WB  WP  UC- WT  
2026-07-21T10:11:40.702855+02:00 HOST-REDACTED-A kernel: e820: update [mem 0x80000000-0xffffffff] usable ==> reserved
2026-07-21T10:11:40.702858+02:00 HOST-REDACTED-A kernel: last_pfn = 0x7a000 max_arch_pfn = 0x400000000
2026-07-21T10:11:40.702861+02:00 HOST-REDACTED-A kernel: esrt: Reserving ESRT space from 0x0000000066077518 to 0x0000000066077550.
2026-07-21T10:11:40.702864+02:00 HOST-REDACTED-A kernel: e820: update [mem 0x66077000-0x66077fff] usable ==> reserved
2026-07-21T10:11:40.702867+02:00 HOST-REDACTED-A kernel: Using GB pages for direct mapping
2026-07-21T10:11:40.702870+02:00 HOST-REDACTED-A kernel: printk: log buffer data + meta data: 4194304 + 14680064 = 18874368 bytes
2026-07-21T10:11:40.702873+02:00 HOST-REDACTED-A kernel: printk: early log buf free: 126584(96%)
2026-07-21T10:11:40.702876+02:00 HOST-REDACTED-A kernel: Secure boot disabled
2026-07-21T10:11:40.702879+02:00 HOST-REDACTED-A kernel: RAMDISK: [mem 0x56744000-0x57aaafff]
2026-07-21T10:11:40.702882+02:00 HOST-REDACTED-A kernel: ACPI: Early table checksum verification disabled
2026-07-21T10:11:40.702885+02:00 HOST-REDACTED-A kernel: ACPI: RSDP 0x00000000703F2014 000024 (v02 ALASKA)
2026-07-21T10:11:40.702888+02:00 HOST-REDACTED-A kernel: ACPI: XSDT 0x00000000703F1728 00010C (v01 ALASKA A M I    01072009 AMI  01000013)
2026-07-21T10:11:40.702891+02:00 HOST-REDACTED-A kernel: ACPI: FACP 0x00000000703E6000 000114 (v06 ALASKA A M I    01072009 AMI  00010013)
2026-07-21T10:11:40.702894+02:00 HOST-REDACTED-A kernel: ACPI: DSDT 0x00000000703BC000 016100 (v02 ALASKA A M I    01072009 INTL 20230331)
2026-07-21T10:11:40.702896+02:00 HOST-REDACTED-A kernel: ACPI: FACS 0x00000000723D7000 000040
2026-07-21T10:11:40.702900+02:00 HOST-REDACTED-A kernel: ACPI: SSDT 0x00000000703E8000 008689 (v02 AMD    Splinter 00000002 MSFT 04000000)
2026-07-21T10:11:40.702903+02:00 HOST-REDACTED-A kernel: ACPI: SSDT 0x00000000703E7000 000221 (v02 ALASKA CPUSSDT  01072009 AMI  01072009)
2026-07-21T10:11:40.702906+02:00 HOST-REDACTED-A kernel: ACPI: FIDT 0x00000000703D7000 00009C (v01 ALASKA A M I    01072009 AMI  00010013)
2026-07-21T10:11:40.702909+02:00 HOST-REDACTED-A kernel: ACPI: MCFG 0x00000000703D5000 00003C (v01 ALASKA A M I    01072009 MSFT 00010013)
2026-07-21T10:11:40.702912+02:00 HOST-REDACTED-A kernel: ACPI: HPET 0x00000000703D4000 000038 (v01 ALASKA A M I    01072009 AMI  00000005)
2026-07-21T10:11:40.702915+02:00 HOST-REDACTED-A kernel: ACPI: FPDT 0x00000000703D3000 000044 (v01 ALASKA A M I    01072009 AMI  01000013)
2026-07-21T10:11:40.702918+02:00 HOST-REDACTED-A kernel: ACPI: VFCT 0x00000000703A2000 0194A0 (v01 ALASKA A M I    00000001 AMD  33504F47)
2026-07-21T10:11:40.702921+02:00 HOST-REDACTED-A kernel: ACPI: BGRT 0x00000000703E5000 000038 (v01 ALASKA A M I    01072009 AMI  00010013)
2026-07-21T10:11:40.702923+02:00 HOST-REDACTED-A kernel: ACPI: WPBT 0x00000000703E3000 000070 (v01 ALASKA A M I    00000001 ASUS 00000001)
2026-07-21T10:11:40.702926+02:00 HOST-REDACTED-A kernel: ACPI: SSDT 0x00000000703DE000 004DEE (v02 AMD    AMD CPU  00000001 AMD  00000001)
2026-07-21T10:11:40.702929+02:00 HOST-REDACTED-A kernel: ACPI: SSDT 0x00000000703DD000 000041 (v02 AMD    AppCompD 00000001 INTL 20230331)
2026-07-21T10:11:40.702933+02:00 HOST-REDACTED-A kernel: ACPI: SSDT 0x00000000703DC000 00057F (v02 AMD    ASUSPLDR 00000001 INTL 20230331)
2026-07-21T10:11:40.702936+02:00 HOST-REDACTED-A kernel: ACPI: SSDT 0x00000000701E1000 00C724 (v02 AMD    DISCUSB4 00000002 INTL 20230331)
2026-07-21T10:11:40.702938+02:00 HOST-REDACTED-A kernel: ACPI: SSDT 0x00000000703DA000 0016A6 (v02 AMD    CPMDFIG2 00000001 INTL 20230331)
2026-07-21T10:11:40.702941+02:00 HOST-REDACTED-A kernel: ACPI: SSDT 0x00000000701DE000 002AAE (v02 AMD    CDFAAIG2 00000001 INTL 20230331)
2026-07-21T10:11:40.702944+02:00 HOST-REDACTED-A kernel: ACPI: SSDT 0x00000000703D9000 0008C2 (v02 AMD    CPMDFDG2 00000001 INTL 20230331)
2026-07-21T10:11:40.702947+02:00 HOST-REDACTED-A kernel: ACPI: SSDT 0x00000000701D3000 00A75F (v02 AMD    CPMCMN   00000001 INTL 20230331)
2026-07-21T10:11:40.702950+02:00 HOST-REDACTED-A kernel: ACPI: SSDT 0x00000000701D0000 002ACD (v02 AMD    AOD      00000001 INTL 20230331)
2026-07-21T10:11:40.702953+02:00 HOST-REDACTED-A kernel: ACPI: TPM2 0x00000000703D8000 00004C (v04 ALASKA A M I    00000001 AMI  00000000)
2026-07-21T10:11:40.702956+02:00 HOST-REDACTED-A kernel: ACPI: WSMT 0x00000000701CF000 000028 (v01 ALASKA A M I    01072009 AMI  00010013)
2026-07-21T10:11:40.702959+02:00 HOST-REDACTED-A kernel: ACPI: APIC 0x00000000701CE000 00015E (v06 ALASKA A M I    01072009 AMI  00010013)
2026-07-21T10:11:40.702962+02:00 HOST-REDACTED-A kernel: ACPI: IVRS 0x00000000701CD000 0000C8 (v02 AMD    AmdTable 00000001 AMD  00000001)
2026-07-21T10:11:40.702965+02:00 HOST-REDACTED-A kernel: ACPI: SSDT 0x00000000701CC000 000508 (v02 AMD    MEMTOOL0 00000002 INTL 20230331)
2026-07-21T10:11:40.702968+02:00 HOST-REDACTED-A kernel: ACPI: SSDT 0x00000000701CB000 0009EE (v02 AMD    CPMMSOSC 00000001 INTL 20230331)
2026-07-21T10:11:40.702971+02:00 HOST-REDACTED-A kernel: ACPI: SSDT 0x00000000701CA000 000484 (v02 AMD    AMDWOV   00000001 INTL 20230331)
2026-07-21T10:11:40.702974+02:00 HOST-REDACTED-A kernel: ACPI: SSDT 0x00000000701C9000 000546 (v02 AMD    CPMAPMFD 00000001 INTL 20230331)
2026-07-21T10:11:40.702977+02:00 HOST-REDACTED-A kernel: ACPI: SSDT 0x00000000701C8000 00087A (v02 AMD    AmdTable 00000001 INTL 20230331)
2026-07-21T10:11:40.702980+02:00 HOST-REDACTED-A kernel: ACPI: SSDT 0x00000000701C7000 000BCE (v02 AMD    AmdTable 00000001 INTL 20230331)
2026-07-21T10:11:40.702983+02:00 HOST-REDACTED-A kernel: ACPI: Reserving FACP table memory at [mem 0x703e6000-0x703e6113]
2026-07-21T10:11:40.702986+02:00 HOST-REDACTED-A kernel: ACPI: Reserving DSDT table memory at [mem 0x703bc000-0x703d20ff]
2026-07-21T10:11:40.702989+02:00 HOST-REDACTED-A kernel: ACPI: Reserving FACS table memory at [mem 0x723d7000-0x723d703f]
2026-07-21T10:11:40.702992+02:00 HOST-REDACTED-A kernel: ACPI: Reserving SSDT table memory at [mem 0x703e8000-0x703f0688]
2026-07-21T10:11:40.702995+02:00 HOST-REDACTED-A kernel: ACPI: Reserving SSDT table memory at [mem 0x703e7000-0x703e7220]
2026-07-21T10:11:40.702997+02:00 HOST-REDACTED-A kernel: ACPI: Reserving FIDT table memory at [mem 0x703d7000-0x703d709b]
2026-07-21T10:11:40.703000+02:00 HOST-REDACTED-A kernel: ACPI: Reserving MCFG table memory at [mem 0x703d5000-0x703d503b]
2026-07-21T10:11:40.703003+02:00 HOST-REDACTED-A kernel: ACPI: Reserving HPET table memory at [mem 0x703d4000-0x703d4037]
2026-07-21T10:11:40.703006+02:00 HOST-REDACTED-A kernel: ACPI: Reserving FPDT table memory at [mem 0x703d3000-0x703d3043]
2026-07-21T10:11:40.703008+02:00 HOST-REDACTED-A kernel: ACPI: Reserving VFCT table memory at [mem 0x703a2000-0x703bb49f]
2026-07-21T10:11:40.703011+02:00 HOST-REDACTED-A kernel: ACPI: Reserving BGRT table memory at [mem 0x703e5000-0x703e5037]
2026-07-21T10:11:40.703014+02:00 HOST-REDACTED-A kernel: ACPI: Reserving WPBT table memory at [mem 0x703e3000-0x703e306f]
2026-07-21T10:11:40.703018+02:00 HOST-REDACTED-A kernel: ACPI: Reserving SSDT table memory at [mem 0x703de000-0x703e2ded]
2026-07-21T10:11:40.703020+02:00 HOST-REDACTED-A kernel: ACPI: Reserving SSDT table memory at [mem 0x703dd000-0x703dd040]
2026-07-21T10:11:40.703023+02:00 HOST-REDACTED-A kernel: ACPI: Reserving SSDT table memory at [mem 0x703dc000-0x703dc57e]
2026-07-21T10:11:40.703026+02:00 HOST-REDACTED-A kernel: ACPI: Reserving SSDT table memory at [mem 0x701e1000-0x701ed723]
2026-07-21T10:11:40.703029+02:00 HOST-REDACTED-A kernel: ACPI: Reserving SSDT table memory at [mem 0x703da000-0x703db6a5]
2026-07-21T10:11:40.703032+02:00 HOST-REDACTED-A kernel: ACPI: Reserving SSDT table memory at [mem 0x701de000-0x701e0aad]
2026-07-21T10:11:40.703034+02:00 HOST-REDACTED-A kernel: ACPI: Reserving SSDT table memory at [mem 0x703d9000-0x703d98c1]
2026-07-21T10:11:40.703037+02:00 HOST-REDACTED-A kernel: ACPI: Reserving SSDT table memory at [mem 0x701d3000-0x701dd75e]
2026-07-21T10:11:40.703040+02:00 HOST-REDACTED-A kernel: ACPI: Reserving SSDT table memory at [mem 0x701d0000-0x701d2acc]
2026-07-21T10:11:40.703043+02:00 HOST-REDACTED-A kernel: ACPI: Reserving TPM2 table memory at [mem 0x703d8000-0x703d804b]
2026-07-21T10:11:40.703045+02:00 HOST-REDACTED-A kernel: ACPI: Reserving WSMT table memory at [mem 0x701cf000-0x701cf027]
2026-07-21T10:11:40.703048+02:00 HOST-REDACTED-A kernel: ACPI: Reserving APIC table memory at [mem 0x701ce000-0x701ce15d]
2026-07-21T10:11:40.703052+02:00 HOST-REDACTED-A kernel: ACPI: Reserving IVRS table memory at [mem 0x701cd000-0x701cd0c7]
2026-07-21T10:11:40.703055+02:00 HOST-REDACTED-A kernel: ACPI: Reserving SSDT table memory at [mem 0x701cc000-0x701cc507]
2026-07-21T10:11:40.703058+02:00 HOST-REDACTED-A kernel: ACPI: Reserving SSDT table memory at [mem 0x701cb000-0x701cb9ed]
2026-07-21T10:11:40.703061+02:00 HOST-REDACTED-A kernel: ACPI: Reserving SSDT table memory at [mem 0x701ca000-0x701ca483]
2026-07-21T10:11:40.703064+02:00 HOST-REDACTED-A kernel: ACPI: Reserving SSDT table memory at [mem 0x701c9000-0x701c9545]
2026-07-21T10:11:40.703067+02:00 HOST-REDACTED-A kernel: ACPI: Reserving SSDT table memory at [mem 0x701c8000-0x701c8879]
2026-07-21T10:11:40.703069+02:00 HOST-REDACTED-A kernel: ACPI: Reserving SSDT table memory at [mem 0x701c7000-0x701c7bcd]
2026-07-21T10:11:40.703072+02:00 HOST-REDACTED-A kernel: No NUMA configuration found
2026-07-21T10:11:40.703075+02:00 HOST-REDACTED-A kernel: Faking a node at [mem 0x0000000000000000-0x0000000ffde7ffff]
2026-07-21T10:11:40.703078+02:00 HOST-REDACTED-A kernel: NODE_DATA(0) allocated [mem 0xffcc55280-0xffcc7ffff]
2026-07-21T10:11:40.703081+02:00 HOST-REDACTED-A kernel: Zone ranges:
2026-07-21T10:11:40.703084+02:00 HOST-REDACTED-A kernel:   DMA      [mem 0x0000000000001000-0x0000000000ffffff]
2026-07-21T10:11:40.703087+02:00 HOST-REDACTED-A kernel:   DMA32    [mem 0x0000000001000000-0x00000000ffffffff]
2026-07-21T10:11:40.703090+02:00 HOST-REDACTED-A kernel:   Normal   [mem 0x0000000100000000-0x0000000ffde7ffff]
2026-07-21T10:11:40.703093+02:00 HOST-REDACTED-A kernel:   Device   empty
2026-07-21T10:11:40.703096+02:00 HOST-REDACTED-A kernel: Movable zone start for each node
2026-07-21T10:11:40.703098+02:00 HOST-REDACTED-A kernel: Early memory node ranges
2026-07-21T10:11:40.703102+02:00 HOST-REDACTED-A kernel:   node   0: [mem 0x0000000000001000-0x000000000009ffff]
2026-07-21T10:11:40.703104+02:00 HOST-REDACTED-A kernel:   node   0: [mem 0x0000000000100000-0x00000000099fefff]
2026-07-21T10:11:40.703107+02:00 HOST-REDACTED-A kernel:   node   0: [mem 0x000000000a000000-0x000000000a1fffff]
2026-07-21T10:11:40.703110+02:00 HOST-REDACTED-A kernel:   node   0: [mem 0x000000000a21e000-0x000000000affffff]
2026-07-21T10:11:40.703113+02:00 HOST-REDACTED-A kernel:   node   0: [mem 0x000000000b021000-0x000000006998cfff]
2026-07-21T10:11:40.703116+02:00 HOST-REDACTED-A kernel:   node   0: [mem 0x0000000077fff000-0x0000000079ff6fff]
2026-07-21T10:11:40.703119+02:00 HOST-REDACTED-A kernel:   node   0: [mem 0x0000000079ffc000-0x0000000079ffffff]
2026-07-21T10:11:40.703122+02:00 HOST-REDACTED-A kernel:   node   0: [mem 0x0000000100000000-0x0000000ffde7ffff]
2026-07-21T10:11:40.703124+02:00 HOST-REDACTED-A kernel: Initmem setup node 0 [mem 0x0000000000001000-0x0000000ffde7ffff]
2026-07-21T10:11:40.703127+02:00 HOST-REDACTED-A kernel: On node 0, zone DMA: 1 pages in unavailable ranges
2026-07-21T10:11:40.703130+02:00 HOST-REDACTED-A kernel: On node 0, zone DMA: 96 pages in unavailable ranges
2026-07-21T10:11:40.703133+02:00 HOST-REDACTED-A kernel: On node 0, zone DMA32: 1537 pages in unavailable ranges
2026-07-21T10:11:40.703136+02:00 HOST-REDACTED-A kernel: On node 0, zone DMA32: 30 pages in unavailable ranges
2026-07-21T10:11:40.703139+02:00 HOST-REDACTED-A kernel: On node 0, zone DMA32: 33 pages in unavailable ranges
2026-07-21T10:11:40.703142+02:00 HOST-REDACTED-A kernel: On node 0, zone DMA32: 58994 pages in unavailable ranges
2026-07-21T10:11:40.703146+02:00 HOST-REDACTED-A kernel: On node 0, zone DMA32: 5 pages in unavailable ranges
2026-07-21T10:11:40.703149+02:00 HOST-REDACTED-A kernel: On node 0, zone Normal: 24576 pages in unavailable ranges
2026-07-21T10:11:40.703152+02:00 HOST-REDACTED-A kernel: On node 0, zone Normal: 8576 pages in unavailable ranges
2026-07-21T10:11:40.703155+02:00 HOST-REDACTED-A kernel: ACPI: PM-Timer IO Port: 0x808
2026-07-21T10:11:40.703158+02:00 HOST-REDACTED-A kernel: ACPI: LAPIC_NMI (acpi_id[0xff] high edge lint[0x1])
2026-07-21T10:11:40.703161+02:00 HOST-REDACTED-A kernel: IOAPIC[0]: apic_id 32, version 33, address 0xfec00000, GSI 0-23
2026-07-21T10:11:40.703164+02:00 HOST-REDACTED-A kernel: IOAPIC[1]: apic_id 33, version 33, address 0xfec01000, GSI 24-55
2026-07-21T10:11:40.703167+02:00 HOST-REDACTED-A kernel: ACPI: INT_SRC_OVR (bus 0 bus_irq 0 global_irq 2 dfl dfl)
2026-07-21T10:11:40.703169+02:00 HOST-REDACTED-A kernel: ACPI: INT_SRC_OVR (bus 0 bus_irq 9 global_irq 9 low level)
2026-07-21T10:11:40.703173+02:00 HOST-REDACTED-A kernel: ACPI: Using ACPI (MADT) for SMP configuration information
2026-07-21T10:11:40.703176+02:00 HOST-REDACTED-A kernel: ACPI: HPET id: 0x10228201 base: 0xfed00000
2026-07-21T10:11:40.703179+02:00 HOST-REDACTED-A kernel: e820: update [mem 0x634ac000-0x634f1fff] usable ==> reserved
2026-07-21T10:11:40.703182+02:00 HOST-REDACTED-A kernel: CPU topo: Max. logical packages:   1
2026-07-21T10:11:40.703185+02:00 HOST-REDACTED-A kernel: CPU topo: Max. logical dies:       1
2026-07-21T10:11:40.703188+02:00 HOST-REDACTED-A kernel: CPU topo: Max. dies per package:   1
2026-07-21T10:11:40.703190+02:00 HOST-REDACTED-A kernel: CPU topo: Max. threads per core:   2
2026-07-21T10:11:40.703193+02:00 HOST-REDACTED-A kernel: CPU topo: Num. cores per package:     8
2026-07-21T10:11:40.703196+02:00 HOST-REDACTED-A kernel: CPU topo: Num. threads per package:  16
2026-07-21T10:11:40.703200+02:00 HOST-REDACTED-A kernel: CPU topo: Allowing 16 present CPUs plus 0 hotplug CPUs
2026-07-21T10:11:40.703203+02:00 HOST-REDACTED-A kernel: PM: hibernation: Registered nosave memory: [mem 0x00000000-0x00000fff]
2026-07-21T10:11:40.703205+02:00 HOST-REDACTED-A kernel: PM: hibernation: Registered nosave memory: [mem 0x000a0000-0x000fffff]
2026-07-21T10:11:40.703208+02:00 HOST-REDACTED-A kernel: PM: hibernation: Registered nosave memory: [mem 0x099ff000-0x09ffffff]
2026-07-21T10:11:40.703211+02:00 HOST-REDACTED-A kernel: PM: hibernation: Registered nosave memory: [mem 0x0a200000-0x0a21dfff]
2026-07-21T10:11:40.703214+02:00 HOST-REDACTED-A kernel: PM: hibernation: Registered nosave memory: [mem 0x0b000000-0x0b020fff]
2026-07-21T10:11:40.703217+02:00 HOST-REDACTED-A kernel: PM: hibernation: Registered nosave memory: [mem 0x634ac000-0x634f1fff]
2026-07-21T10:11:40.703220+02:00 HOST-REDACTED-A kernel: PM: hibernation: Registered nosave memory: [mem 0x66077000-0x66077fff]
2026-07-21T10:11:40.703223+02:00 HOST-REDACTED-A kernel: PM: hibernation: Registered nosave memory: [mem 0x6998d000-0x77ffefff]
2026-07-21T10:11:40.703226+02:00 HOST-REDACTED-A kernel: PM: hibernation: Registered nosave memory: [mem 0x79ff7000-0x79ffbfff]
2026-07-21T10:11:40.703229+02:00 HOST-REDACTED-A kernel: PM: hibernation: Registered nosave memory: [mem 0x7a000000-0xffffffff]
2026-07-21T10:11:40.703232+02:00 HOST-REDACTED-A kernel: [mem 0x80000000-0xfedfffff] available for PCI devices
2026-07-21T10:11:40.703235+02:00 HOST-REDACTED-A kernel: clocksource: refined-jiffies: mask: 0xffffffff max_cycles: 0xffffffff, max_idle_ns: 1910969940391419 ns
2026-07-21T10:11:40.703238+02:00 HOST-REDACTED-A kernel: setup_percpu: NR_CPUS:8192 nr_cpumask_bits:16 nr_cpu_ids:16 nr_node_ids:1
2026-07-21T10:11:40.703241+02:00 HOST-REDACTED-A kernel: percpu: Embedded 60 pages/cpu s208896 r8192 d28672 u262144
2026-07-21T10:11:40.703244+02:00 HOST-REDACTED-A kernel: pcpu-alloc: s208896 r8192 d28672 u262144 alloc=1*2097152
2026-07-21T10:11:40.703246+02:00 HOST-REDACTED-A kernel: pcpu-alloc: [0] 00 01 02 03 04 05 06 07 [0] 08 09 10 11 12 13 14 15 
2026-07-21T10:11:40.703250+02:00 HOST-REDACTED-A kernel: Kernel command line: BOOT_IMAGE=/boot/vmlinuz-linux-neptune-616-drm-exec console=tty1 rd.luks=0 rd.lvm=0 rd.md=0 rd.dm=0 rd.systemd.gpt_auto=no log_buf_len=4M amd_iommu=off amdgpu.lockup_timeout=5000,10000,10000,5000 ttm.pages_min=2097152 amdgpu.sched_hw_submission=4 amdgpu.dcdebugmask=0x20000 audit=0 fsck.mode=auto fsck.repair=preen loglevel=3 splash quiet plymouth.ignore-serial-consoles fbcon=vc:4-6 steamos.efi=DISK-ID-REDACTED
2026-07-21T10:11:40.703253+02:00 HOST-REDACTED-A kernel: audit: disabled (until reboot)
2026-07-21T10:11:40.703256+02:00 HOST-REDACTED-A kernel: Unknown kernel command line parameters "splash BOOT_IMAGE=/boot/vmlinuz-linux-neptune-616-drm-exec", will be passed to user space.
2026-07-21T10:11:40.703259+02:00 HOST-REDACTED-A kernel: Dentry cache hash table entries: 8388608 (order: 14, 67108864 bytes, linear)
2026-07-21T10:11:40.703263+02:00 HOST-REDACTED-A kernel: Inode-cache hash table entries: 4194304 (order: 13, 33554432 bytes, linear)
2026-07-21T10:11:40.703265+02:00 HOST-REDACTED-A kernel: software IO TLB: area num 16.
2026-07-21T10:11:40.703268+02:00 HOST-REDACTED-A kernel: Fallback order for Node 0: 0 
2026-07-21T10:11:40.703271+02:00 HOST-REDACTED-A kernel: Built 1 zonelists, mobility grouping on.  Total pages: 16159080
2026-07-21T10:11:40.703274+02:00 HOST-REDACTED-A kernel: Policy zone: Normal
2026-07-21T10:11:40.703277+02:00 HOST-REDACTED-A kernel: mem auto-init: stack:all(zero), heap alloc:on, heap free:off
2026-07-21T10:11:40.703281+02:00 HOST-REDACTED-A kernel: SLUB: HWalign=64, Order=0-3, MinObjects=0, CPUs=16, Nodes=1
2026-07-21T10:11:40.703284+02:00 HOST-REDACTED-A kernel: ftrace: allocating 54469 entries in 216 pages
2026-07-21T10:11:40.703287+02:00 HOST-REDACTED-A kernel: ftrace: allocated 216 pages with 4 groups
2026-07-21T10:11:40.703290+02:00 HOST-REDACTED-A kernel: Dynamic Preempt: full
2026-07-21T10:11:40.703293+02:00 HOST-REDACTED-A kernel: rcu: Preemptible hierarchical RCU implementation.
2026-07-21T10:11:40.703296+02:00 HOST-REDACTED-A kernel: rcu:         RCU restricting CPUs from NR_CPUS=8192 to nr_cpu_ids=16.
2026-07-21T10:11:40.703299+02:00 HOST-REDACTED-A kernel: rcu:         RCU priority boosting: priority 1 delay 500 ms.
2026-07-21T10:11:40.703302+02:00 HOST-REDACTED-A kernel:         Trampoline variant of Tasks RCU enabled.
2026-07-21T10:11:40.703305+02:00 HOST-REDACTED-A kernel:         Rude variant of Tasks RCU enabled.
2026-07-21T10:11:40.703308+02:00 HOST-REDACTED-A kernel:         Tracing variant of Tasks RCU enabled.
2026-07-21T10:11:40.703311+02:00 HOST-REDACTED-A kernel: rcu: RCU calculated value of scheduler-enlistment delay is 100 jiffies.
2026-07-21T10:11:40.703314+02:00 HOST-REDACTED-A kernel: rcu: Adjusting geometry for rcu_fanout_leaf=16, nr_cpu_ids=16
2026-07-21T10:11:40.703317+02:00 HOST-REDACTED-A kernel: RCU Tasks: Setting shift to 4 and lim to 1 rcu_task_cb_adjust=1 rcu_task_cpu_ids=16.
2026-07-21T10:11:40.703320+02:00 HOST-REDACTED-A kernel: RCU Tasks Rude: Setting shift to 4 and lim to 1 rcu_task_cb_adjust=1 rcu_task_cpu_ids=16.
2026-07-21T10:11:40.703323+02:00 HOST-REDACTED-A kernel: RCU Tasks Trace: Setting shift to 4 and lim to 1 rcu_task_cb_adjust=1 rcu_task_cpu_ids=16.
2026-07-21T10:11:40.703326+02:00 HOST-REDACTED-A kernel: NR_IRQS: 524544, nr_irqs: 1096, preallocated irqs: 16
2026-07-21T10:11:40.703329+02:00 HOST-REDACTED-A kernel: rcu: srcu_init: Setting srcu_struct sizes based on contention.
2026-07-21T10:11:40.703332+02:00 HOST-REDACTED-A kernel: kfence: initialized - using 2097152 bytes for 255 objects at 0x(____ptrval____)-0x(____ptrval____)
2026-07-21T10:11:40.703335+02:00 HOST-REDACTED-A kernel: Console: colour dummy device 80x25
2026-07-21T10:11:40.703338+02:00 HOST-REDACTED-A kernel: printk: legacy console [tty1] enabled
2026-07-21T10:11:40.703341+02:00 HOST-REDACTED-A kernel: ACPI: Core revision 20250404
2026-07-21T10:11:40.703344+02:00 HOST-REDACTED-A kernel: clocksource: hpet: mask: 0xffffffff max_cycles: 0xffffffff, max_idle_ns: 133484873504 ns
2026-07-21T10:11:40.703347+02:00 HOST-REDACTED-A kernel: APIC: Switch to symmetric I/O mode setup
2026-07-21T10:11:40.703350+02:00 HOST-REDACTED-A kernel: ..TIMER: vector=0x30 apic1=0 pin1=2 apic2=-1 pin2=-1
2026-07-21T10:11:40.703353+02:00 HOST-REDACTED-A kernel: clocksource: tsc-early: mask: 0xffffffffffffffff max_cycles: 0x43bf61f1c0b, max_idle_ns: 440795249625 ns
2026-07-21T10:11:40.703356+02:00 HOST-REDACTED-A kernel: Calibrating delay loop (skipped), value calculated using timer frequency.. 9399.97 BogoMIPS (lpj=4699989)
2026-07-21T10:11:40.703359+02:00 HOST-REDACTED-A kernel: x86/cpu: User Mode Instruction Prevention (UMIP) activated
2026-07-21T10:11:40.703363+02:00 HOST-REDACTED-A kernel: LVT offset 1 assigned for vector 0xf9
2026-07-21T10:11:40.703366+02:00 HOST-REDACTED-A kernel: LVT offset 2 assigned for vector 0xf4
2026-07-21T10:11:40.703369+02:00 HOST-REDACTED-A kernel: Last level iTLB entries: 4KB 64, 2MB 64, 4MB 32
2026-07-21T10:11:40.703372+02:00 HOST-REDACTED-A kernel: Last level dTLB entries: 4KB 128, 2MB 128, 4MB 64, 1GB 0
2026-07-21T10:11:40.703375+02:00 HOST-REDACTED-A kernel: process: using mwait in idle threads
2026-07-21T10:11:40.703378+02:00 HOST-REDACTED-A kernel: Speculative Store Bypass: Mitigation: Speculative Store Bypass disabled via prctl
2026-07-21T10:11:40.703381+02:00 HOST-REDACTED-A kernel: Spectre V2 : Mitigation: Enhanced / Automatic IBRS
2026-07-21T10:11:40.703384+02:00 HOST-REDACTED-A kernel: Spectre V2 : User space: Mitigation: STIBP always-on protection
2026-07-21T10:11:40.703387+02:00 HOST-REDACTED-A kernel: Speculative Return Stack Overflow: Mitigation: IBPB on VMEXIT only
2026-07-21T10:11:40.703390+02:00 HOST-REDACTED-A kernel: VMSCAPE: Mitigation: IBPB on VMEXIT
2026-07-21T10:11:40.703393+02:00 HOST-REDACTED-A kernel: Spectre V1 : Mitigation: usercopy/swapgs barriers and __user pointer sanitization
2026-07-21T10:11:40.703396+02:00 HOST-REDACTED-A kernel: Spectre V2 : mitigation: Enabling conditional Indirect Branch Prediction Barrier
2026-07-21T10:11:40.703399+02:00 HOST-REDACTED-A kernel: x86/fpu: Supporting XSAVE feature 0x001: 'x87 floating point registers'
2026-07-21T10:11:40.703402+02:00 HOST-REDACTED-A kernel: x86/fpu: Supporting XSAVE feature 0x002: 'SSE registers'
2026-07-21T10:11:40.703405+02:00 HOST-REDACTED-A kernel: x86/fpu: Supporting XSAVE feature 0x004: 'AVX registers'
2026-07-21T10:11:40.703408+02:00 HOST-REDACTED-A kernel: x86/fpu: Supporting XSAVE feature 0x020: 'AVX-512 opmask'
2026-07-21T10:11:40.703410+02:00 HOST-REDACTED-A kernel: x86/fpu: Supporting XSAVE feature 0x040: 'AVX-512 Hi256'
2026-07-21T10:11:40.703413+02:00 HOST-REDACTED-A kernel: x86/fpu: Supporting XSAVE feature 0x080: 'AVX-512 ZMM_Hi256'
2026-07-21T10:11:40.703416+02:00 HOST-REDACTED-A kernel: x86/fpu: Supporting XSAVE feature 0x200: 'Protection Keys User registers'
2026-07-21T10:11:40.703419+02:00 HOST-REDACTED-A kernel: x86/fpu: Supporting XSAVE feature 0x800: 'Control-flow User registers'
2026-07-21T10:11:40.703422+02:00 HOST-REDACTED-A kernel: x86/fpu: xstate_offset[2]:  576, xstate_sizes[2]:  256
2026-07-21T10:11:40.703425+02:00 HOST-REDACTED-A kernel: x86/fpu: xstate_offset[5]:  832, xstate_sizes[5]:   64
2026-07-21T10:11:40.703428+02:00 HOST-REDACTED-A kernel: x86/fpu: xstate_offset[6]:  896, xstate_sizes[6]:  512
2026-07-21T10:11:40.703431+02:00 HOST-REDACTED-A kernel: x86/fpu: xstate_offset[7]: 1408, xstate_sizes[7]: 1024
2026-07-21T10:11:40.703434+02:00 HOST-REDACTED-A kernel: x86/fpu: xstate_offset[9]: 2432, xstate_sizes[9]:    8
2026-07-21T10:11:40.703437+02:00 HOST-REDACTED-A kernel: x86/fpu: xstate_offset[11]: 2440, xstate_sizes[11]:   16
2026-07-21T10:11:40.703440+02:00 HOST-REDACTED-A kernel: x86/fpu: Enabled xstate features 0xae7, context size is 2456 bytes, using 'compacted' format.
2026-07-21T10:11:40.703442+02:00 HOST-REDACTED-A kernel: Freeing SMP alternatives memory: 52K
2026-07-21T10:11:40.703445+02:00 HOST-REDACTED-A kernel: pid_max: default: 32768 minimum: 301
2026-07-21T10:11:40.703449+02:00 HOST-REDACTED-A kernel: LSM: initializing lsm=capability,landlock,lockdown,yama,bpf
2026-07-21T10:11:40.703452+02:00 HOST-REDACTED-A kernel: landlock: Up and running.
2026-07-21T10:11:40.703455+02:00 HOST-REDACTED-A kernel: Yama: becoming mindful.
2026-07-21T10:11:40.703457+02:00 HOST-REDACTED-A kernel: LSM support for eBPF active
2026-07-21T10:11:40.703460+02:00 HOST-REDACTED-A kernel: Mount-cache hash table entries: 131072 (order: 8, 1048576 bytes, linear)
2026-07-21T10:11:40.703463+02:00 HOST-REDACTED-A kernel: Mountpoint-cache hash table entries: 131072 (order: 8, 1048576 bytes, linear)
2026-07-21T10:11:40.703466+02:00 HOST-REDACTED-A kernel: smpboot: CPU0: AMD Ryzen 7 9800X3D 8-Core Processor (family: 0x1a, model: 0x44, stepping: 0x0)
2026-07-21T10:11:40.703469+02:00 HOST-REDACTED-A kernel: Performance Events: Fam17h+ 16-deep LBR, core perfctr, AMD PMU driver.
2026-07-21T10:11:40.703472+02:00 HOST-REDACTED-A kernel: ... version:                2
2026-07-21T10:11:40.703476+02:00 HOST-REDACTED-A kernel: ... bit width:              48
2026-07-21T10:11:40.703478+02:00 HOST-REDACTED-A kernel: ... generic registers:      6
2026-07-21T10:11:40.703481+02:00 HOST-REDACTED-A kernel: ... value mask:             0000ffffffffffff
2026-07-21T10:11:40.703484+02:00 HOST-REDACTED-A kernel: ... max period:             00007fffffffffff
2026-07-21T10:11:40.703487+02:00 HOST-REDACTED-A kernel: ... fixed-purpose events:   0
2026-07-21T10:11:40.703489+02:00 HOST-REDACTED-A kernel: ... event mask:             000000000000003f
2026-07-21T10:11:40.703492+02:00 HOST-REDACTED-A kernel: signal: max sigframe size: 3376
2026-07-21T10:11:40.703495+02:00 HOST-REDACTED-A kernel: rcu: Hierarchical SRCU implementation.
2026-07-21T10:11:40.703498+02:00 HOST-REDACTED-A kernel: rcu:         Max phase no-delay instances is 400.
2026-07-21T10:11:40.703500+02:00 HOST-REDACTED-A kernel: Timer migration: 2 hierarchy levels; 8 children per group; 2 crossnode level
2026-07-21T10:11:40.703503+02:00 HOST-REDACTED-A kernel: MCE: In-kernel MCE decoding enabled.
2026-07-21T10:11:40.703506+02:00 HOST-REDACTED-A kernel: NMI watchdog: Enabled. Permanently consumes one hw-PMU counter.
2026-07-21T10:11:40.703509+02:00 HOST-REDACTED-A kernel: smp: Bringing up secondary CPUs ...
2026-07-21T10:11:40.703511+02:00 HOST-REDACTED-A kernel: smpboot: x86: Booting SMP configuration:
2026-07-21T10:11:40.703514+02:00 HOST-REDACTED-A kernel: .... node  #0, CPUs:        #1  #2  #3  #4  #5  #6  #7  #8  #9 #10 #11 #12 #13 #14 #15
2026-07-21T10:11:40.703517+02:00 HOST-REDACTED-A kernel: Spectre V2 : Update user space SMT mitigation: STIBP always-on
2026-07-21T10:11:40.703520+02:00 HOST-REDACTED-A kernel: smp: Brought up 1 node, 16 CPUs
2026-07-21T10:11:40.703523+02:00 HOST-REDACTED-A kernel: smpboot: Total of 16 processors activated (150399.64 BogoMIPS)
2026-07-21T10:11:40.703526+02:00 HOST-REDACTED-A kernel: Memory: 63335264K/64636320K available (19398K kernel code, 2880K rwdata, 15504K rodata, 4272K init, 5592K bss, 1281820K reserved, 0K cma-reserved)
2026-07-21T10:11:40.703529+02:00 HOST-REDACTED-A kernel: devtmpfs: initialized
2026-07-21T10:11:40.703536+02:00 HOST-REDACTED-A kernel: x86/mm: Memory block size: 128MB
2026-07-21T10:11:40.703539+02:00 HOST-REDACTED-A kernel: ACPI: PM: Registering ACPI NVS region [mem 0x0a200000-0x0a21dfff] (122880 bytes)
2026-07-21T10:11:40.703544+02:00 HOST-REDACTED-A kernel: ACPI: PM: Registering ACPI NVS region [mem 0x703f3000-0x723f2fff] (33554432 bytes)
2026-07-21T10:11:40.703547+02:00 HOST-REDACTED-A kernel: clocksource: jiffies: mask: 0xffffffff max_cycles: 0xffffffff, max_idle_ns: 1911260446275000 ns
2026-07-21T10:11:40.703550+02:00 HOST-REDACTED-A kernel: posixtimers hash table entries: 8192 (order: 5, 131072 bytes, linear)
2026-07-21T10:11:40.703553+02:00 HOST-REDACTED-A kernel: futex hash table entries: 4096 (262144 bytes on 1 NUMA nodes, total 256 KiB, linear).
2026-07-21T10:11:40.703556+02:00 HOST-REDACTED-A kernel: pinctrl core: initialized pinctrl subsystem
2026-07-21T10:11:40.703559+02:00 HOST-REDACTED-A kernel: PM: RTC time: 08:11:36, date: 2026-07-21
2026-07-21T10:11:40.703562+02:00 HOST-REDACTED-A kernel: NET: Registered PF_NETLINK/PF_ROUTE protocol family
2026-07-21T10:11:40.703565+02:00 HOST-REDACTED-A kernel: DMA: preallocated 4096 KiB GFP_KERNEL pool for atomic allocations
2026-07-21T10:11:40.703568+02:00 HOST-REDACTED-A kernel: DMA: preallocated 4096 KiB GFP_KERNEL|GFP_DMA pool for atomic allocations
2026-07-21T10:11:40.703571+02:00 HOST-REDACTED-A kernel: DMA: preallocated 4096 KiB GFP_KERNEL|GFP_DMA32 pool for atomic allocations
2026-07-21T10:11:40.703574+02:00 HOST-REDACTED-A kernel: thermal_sys: Registered thermal governor 'fair_share'
2026-07-21T10:11:40.703577+02:00 HOST-REDACTED-A kernel: thermal_sys: Registered thermal governor 'bang_bang'
2026-07-21T10:11:40.703580+02:00 HOST-REDACTED-A kernel: thermal_sys: Registered thermal governor 'step_wise'
2026-07-21T10:11:40.703583+02:00 HOST-REDACTED-A kernel: thermal_sys: Registered thermal governor 'user_space'
2026-07-21T10:11:40.703586+02:00 HOST-REDACTED-A kernel: thermal_sys: Registered thermal governor 'power_allocator'
2026-07-21T10:11:40.703588+02:00 HOST-REDACTED-A kernel: cpuidle: using governor ladder
2026-07-21T10:11:40.703591+02:00 HOST-REDACTED-A kernel: cpuidle: using governor menu
2026-07-21T10:11:40.703594+02:00 HOST-REDACTED-A kernel: acpiphp: ACPI Hot Plug PCI Controller Driver version: 0.5
2026-07-21T10:11:40.703597+02:00 HOST-REDACTED-A kernel: PCI: ECAM [mem 0xe0000000-0xefffffff] (base 0xe0000000) for domain 0000 [bus 00-ff]
2026-07-21T10:11:40.703600+02:00 HOST-REDACTED-A kernel: PCI: Using configuration type 1 for base access
2026-07-21T10:11:40.703603+02:00 HOST-REDACTED-A kernel: kprobes: kprobe jump-optimization is enabled. All kprobes are optimized if possible.
2026-07-21T10:11:40.703606+02:00 HOST-REDACTED-A kernel: HugeTLB: allocation took 0ms with hugepage_allocation_threads=4
2026-07-21T10:11:40.703609+02:00 HOST-REDACTED-A kernel: HugeTLB: registered 1.00 GiB page size, pre-allocated 0 pages
2026-07-21T10:11:40.703612+02:00 HOST-REDACTED-A kernel: HugeTLB: 16380 KiB vmemmap can be freed for a 1.00 GiB page
2026-07-21T10:11:40.703615+02:00 HOST-REDACTED-A kernel: HugeTLB: registered 2.00 MiB page size, pre-allocated 0 pages
2026-07-21T10:11:40.703618+02:00 HOST-REDACTED-A kernel: HugeTLB: 28 KiB vmemmap can be freed for a 2.00 MiB page
2026-07-21T10:11:40.703621+02:00 HOST-REDACTED-A kernel: raid6: skipped pq benchmark and selected avx512x4
2026-07-21T10:11:40.703624+02:00 HOST-REDACTED-A kernel: raid6: using avx512x2 recovery algorithm
2026-07-21T10:11:40.703627+02:00 HOST-REDACTED-A kernel: ACPI: Added _OSI(Module Device)
2026-07-21T10:11:40.703630+02:00 HOST-REDACTED-A kernel: ACPI: Added _OSI(Processor Device)
2026-07-21T10:11:40.703633+02:00 HOST-REDACTED-A kernel: ACPI: Added _OSI(Processor Aggregator Device)
2026-07-21T10:11:40.703636+02:00 HOST-REDACTED-A kernel: ACPI: 18 ACPI AML tables successfully acquired and loaded
2026-07-21T10:11:40.703638+02:00 HOST-REDACTED-A kernel: ACPI: USB4 _OSC: OS supports USB3+ DisplayPort+ PCIe+ XDomain+
2026-07-21T10:11:40.703641+02:00 HOST-REDACTED-A kernel: ACPI: USB4 _OSC: OS controls USB3+ DisplayPort+ PCIe+ XDomain+
2026-07-21T10:11:40.703645+02:00 HOST-REDACTED-A kernel: ACPI: EC: EC started
2026-07-21T10:11:40.703648+02:00 HOST-REDACTED-A kernel: ACPI: EC: interrupt blocked
2026-07-21T10:11:40.703650+02:00 HOST-REDACTED-A kernel: ACPI: EC: EC_CMD/EC_SC=0x66, EC_DATA=0x62
2026-07-21T10:11:40.703654+02:00 HOST-REDACTED-A kernel: ACPI: \_SB_.PCI0.SBRG.EC0_: Boot DSDT EC used to handle transactions
2026-07-21T10:11:40.703657+02:00 HOST-REDACTED-A kernel: ACPI: Interpreter enabled
2026-07-21T10:11:40.703659+02:00 HOST-REDACTED-A kernel: ACPI: PM: (supports S0 S3 S4 S5)
2026-07-21T10:11:40.703662+02:00 HOST-REDACTED-A kernel: ACPI: Using IOAPIC for interrupt routing
2026-07-21T10:11:40.703665+02:00 HOST-REDACTED-A kernel: PCI: Using host bridge windows from ACPI; if necessary, use "pci=nocrs" and report a bug
2026-07-21T10:11:40.703668+02:00 HOST-REDACTED-A kernel: PCI: Ignoring E820 reservations for host bridge windows
2026-07-21T10:11:40.703672+02:00 HOST-REDACTED-A kernel: ACPI: Enabled 9 GPEs in block 00 to 1F
2026-07-21T10:11:40.703675+02:00 HOST-REDACTED-A kernel: ACPI: \_SB_.PCI0.GPP0.M237: New power resource
2026-07-21T10:11:40.703678+02:00 HOST-REDACTED-A kernel: ACPI: \_SB_.PCI0.GPP0.SWUS.M237: New power resource
2026-07-21T10:11:40.703681+02:00 HOST-REDACTED-A kernel: ACPI: \_SB_.PCI0.GPP0.SWUS.SWDS.M237: New power resource
2026-07-21T10:11:40.703684+02:00 HOST-REDACTED-A kernel: ACPI: \_SB_.PCI0.GPP8.PWRS: New power resource
2026-07-21T10:11:40.703687+02:00 HOST-REDACTED-A kernel: ACPI: \_SB_.PCI0.GPP8.U4UP.PWRS: New power resource
2026-07-21T10:11:40.703689+02:00 HOST-REDACTED-A kernel: ACPI: \_SB_.PCI0.GPP8.U4UP.U4P0.PWRS: New power resource
2026-07-21T10:11:40.703692+02:00 HOST-REDACTED-A kernel: ACPI: \_SB_.PCI0.GPP8.U4UP.U4P0.UP0D.PWRS: New power resource
2026-07-21T10:11:40.703695+02:00 HOST-REDACTED-A kernel: ACPI: \_SB_.PCI0.GPP8.U4UP.U4P1.PWRS: New power resource
2026-07-21T10:11:40.703699+02:00 HOST-REDACTED-A kernel: ACPI: \_SB_.PCI0.GPP8.U4UP.U4P1.UP1D.PWRS: New power resource
2026-07-21T10:11:40.703702+02:00 HOST-REDACTED-A kernel: ACPI: \_SB_.PCI0.GPP8.U4UP.U4P2.PWRS: New power resource
2026-07-21T10:11:40.703704+02:00 HOST-REDACTED-A kernel: ACPI: \_SB_.PCI0.GPP8.U4UP.U4P2.UXHC.PWRS: New power resource
2026-07-21T10:11:40.703707+02:00 HOST-REDACTED-A kernel: ACPI: \_SB_.PCI0.GPP8.U4UP.U4P3.PWRS: New power resource
2026-07-21T10:11:40.703710+02:00 HOST-REDACTED-A kernel: ACPI: \_SB_.PCI0.GPP8.U4UP.U4P3.UHI0.PWRS: New power resource
2026-07-21T10:11:40.703713+02:00 HOST-REDACTED-A kernel: ACPI: \_SB_.PRWB: New power resource
2026-07-21T10:11:40.703716+02:00 HOST-REDACTED-A kernel: ACPI: PCI Root Bridge [PCI0] (domain 0000 [bus 00-ff])
2026-07-21T10:11:40.703785+02:00 HOST-REDACTED-A kernel: acpi PNP0A08:00: _OSC: OS supports [ExtendedConfig ASPM ClockPM Segments MSI EDR HPX-Type3]
2026-07-21T10:11:40.703825+02:00 HOST-REDACTED-A kernel: acpi PNP0A08:00: _OSC: OS now controls [PCIeHotplug SHPCHotplug PME AER PCIeCapability LTR DPC]
2026-07-21T10:11:40.703830+02:00 HOST-REDACTED-A kernel: PCI host bridge to bus 0000:00
2026-07-21T10:11:40.703909+02:00 HOST-REDACTED-A kernel: pci_bus 0000:00: root bus resource [io  0x0000-0x03af window]
2026-07-21T10:11:40.703946+02:00 HOST-REDACTED-A kernel: pci_bus 0000:00: root bus resource [io  0x03e0-0x0cf7 window]
2026-07-21T10:11:40.703975+02:00 HOST-REDACTED-A kernel: pci_bus 0000:00: root bus resource [io  0x03b0-0x03df window]
2026-07-21T10:11:40.704007+02:00 HOST-REDACTED-A kernel: pci_bus 0000:00: root bus resource [io  0x0d00-0xffff window]
2026-07-21T10:11:40.704036+02:00 HOST-REDACTED-A kernel: pci_bus 0000:00: root bus resource [mem 0x000a0000-0x000dffff window]
2026-07-21T10:11:40.704065+02:00 HOST-REDACTED-A kernel: pci_bus 0000:00: root bus resource [mem 0xf2000000-0xf6ffffff window]
2026-07-21T10:11:40.704095+02:00 HOST-REDACTED-A kernel: pci_bus 0000:00: root bus resource [mem 0xf0000000-0xf1ffffff window]
2026-07-21T10:11:40.704123+02:00 HOST-REDACTED-A kernel: pci_bus 0000:00: root bus resource [mem 0x80000000-0xdfffffff window]
2026-07-21T10:11:40.704154+02:00 HOST-REDACTED-A kernel: pci_bus 0000:00: root bus resource [mem 0x1080000000-0xfcffffffff window]
2026-07-21T10:11:40.704182+02:00 HOST-REDACTED-A kernel: pci_bus 0000:00: root bus resource [bus 00-ff]
2026-07-21T10:11:40.704220+02:00 HOST-REDACTED-A kernel: pci 0000:00:00.0: [1022:14d8] type 00 class 0x060000 conventional PCI endpoint
2026-07-21T10:11:40.704257+02:00 HOST-REDACTED-A kernel: pci 0000:00:00.2: [1022:14d9] type 00 class 0x080600 conventional PCI endpoint
2026-07-21T10:11:40.704292+02:00 HOST-REDACTED-A kernel: pci 0000:00:01.0: [1022:14da] type 00 class 0x060000 conventional PCI endpoint
2026-07-21T10:11:40.704326+02:00 HOST-REDACTED-A kernel: pci 0000:00:01.1: [1022:14db] type 01 class 0x060400 PCIe Root Port
2026-07-21T10:11:40.704359+02:00 HOST-REDACTED-A kernel: pci 0000:00:01.1: PCI bridge to [bus 01-03]
2026-07-21T10:11:40.704391+02:00 HOST-REDACTED-A kernel: pci 0000:00:01.1:   bridge window [io  0xf000-0xffff]
2026-07-21T10:11:40.704424+02:00 HOST-REDACTED-A kernel: pci 0000:00:01.1:   bridge window [mem 0xdde00000-0xddffffff]
2026-07-21T10:11:40.704457+02:00 HOST-REDACTED-A kernel: pci 0000:00:01.1:   bridge window [mem 0xf800000000-0xfc0fffffff 64bit pref]
2026-07-21T10:11:40.704490+02:00 HOST-REDACTED-A kernel: pci 0000:00:01.1: PME# supported from D0 D3hot D3cold
2026-07-21T10:11:40.704524+02:00 HOST-REDACTED-A kernel: pci 0000:00:01.2: [1022:14db] type 01 class 0x060400 PCIe Root Port
2026-07-21T10:11:40.704561+02:00 HOST-REDACTED-A kernel: pci 0000:00:01.2: PCI bridge to [bus 04]
2026-07-21T10:11:40.704595+02:00 HOST-REDACTED-A kernel: pci 0000:00:01.2:   bridge window [mem 0xde100000-0xde1fffff]
2026-07-21T10:11:40.704628+02:00 HOST-REDACTED-A kernel: pci 0000:00:01.2: PME# supported from D0 D3hot D3cold
2026-07-21T10:11:40.704661+02:00 HOST-REDACTED-A kernel: pci 0000:00:02.0: [1022:14da] type 00 class 0x060000 conventional PCI endpoint
2026-07-21T10:11:40.704694+02:00 HOST-REDACTED-A kernel: pci 0000:00:02.1: [1022:14db] type 01 class 0x060400 PCIe Root Port
2026-07-21T10:11:40.704727+02:00 HOST-REDACTED-A kernel: pci 0000:00:02.1: PCI bridge to [bus 05-12]
2026-07-21T10:11:40.704759+02:00 HOST-REDACTED-A kernel: pci 0000:00:02.1:   bridge window [io  0xe000-0xefff]
2026-07-21T10:11:40.704790+02:00 HOST-REDACTED-A kernel: pci 0000:00:02.1:   bridge window [mem 0xdca00000-0xdd6fffff]
2026-07-21T10:11:40.704822+02:00 HOST-REDACTED-A kernel: pci 0000:00:02.1:   bridge window [mem 0xfc30000000-0xfc307fffff 64bit pref]
2026-07-21T10:11:40.704854+02:00 HOST-REDACTED-A kernel: pci 0000:00:02.1: PME# supported from D0 D3hot D3cold
2026-07-21T10:11:40.704886+02:00 HOST-REDACTED-A kernel: pci 0000:00:02.2: [1022:14db] type 01 class 0x060400 PCIe Root Port
2026-07-21T10:11:40.704918+02:00 HOST-REDACTED-A kernel: pci 0000:00:02.2: PCI bridge to [bus 13-7a]
2026-07-21T10:11:40.704951+02:00 HOST-REDACTED-A kernel: pci 0000:00:02.2:   bridge window [io  0x7000-0xcfff]
2026-07-21T10:11:40.704983+02:00 HOST-REDACTED-A kernel: pci 0000:00:02.2:   bridge window [mem 0xac000000-0xdc7fffff]
2026-07-21T10:11:40.705014+02:00 HOST-REDACTED-A kernel: pci 0000:00:02.2:   bridge window [mem 0xb800000000-0xf7ffffffff 64bit pref]
2026-07-21T10:11:40.705046+02:00 HOST-REDACTED-A kernel: pci 0000:00:02.2: PME# supported from D0 D3hot D3cold
2026-07-21T10:11:40.705078+02:00 HOST-REDACTED-A kernel: pci 0000:00:03.0: [1022:14da] type 00 class 0x060000 conventional PCI endpoint
2026-07-21T10:11:40.705110+02:00 HOST-REDACTED-A kernel: pci 0000:00:04.0: [1022:14da] type 00 class 0x060000 conventional PCI endpoint
2026-07-21T10:11:40.705142+02:00 HOST-REDACTED-A kernel: pci 0000:00:08.0: [1022:14da] type 00 class 0x060000 conventional PCI endpoint
2026-07-21T10:11:40.705177+02:00 HOST-REDACTED-A kernel: pci 0000:00:08.1: [1022:14dd] type 01 class 0x060400 PCIe Root Port
2026-07-21T10:11:40.705209+02:00 HOST-REDACTED-A kernel: pci 0000:00:08.1: PCI bridge to [bus 7b]
2026-07-21T10:11:40.705241+02:00 HOST-REDACTED-A kernel: pci 0000:00:08.1:   bridge window [io  0xd000-0xdfff]
2026-07-21T10:11:40.705274+02:00 HOST-REDACTED-A kernel: pci 0000:00:08.1:   bridge window [mem 0xdd800000-0xdddfffff]
2026-07-21T10:11:40.705307+02:00 HOST-REDACTED-A kernel: pci 0000:00:08.1:   bridge window [mem 0xfc20000000-0xfc2fffffff 64bit pref]
2026-07-21T10:11:40.705338+02:00 HOST-REDACTED-A kernel: pci 0000:00:08.1: enabling Extended Tags
2026-07-21T10:11:40.705370+02:00 HOST-REDACTED-A kernel: pci 0000:00:08.1: PME# supported from D0 D3hot D3cold
2026-07-21T10:11:40.705402+02:00 HOST-REDACTED-A kernel: pci 0000:00:08.3: [1022:14dd] type 01 class 0x060400 PCIe Root Port
2026-07-21T10:11:40.705436+02:00 HOST-REDACTED-A kernel: pci 0000:00:08.3: PCI bridge to [bus 7c]
2026-07-21T10:11:40.705471+02:00 HOST-REDACTED-A kernel: pci 0000:00:08.3:   bridge window [mem 0xde000000-0xde0fffff]
2026-07-21T10:11:40.705502+02:00 HOST-REDACTED-A kernel: pci 0000:00:08.3: enabling Extended Tags
2026-07-21T10:11:40.705535+02:00 HOST-REDACTED-A kernel: pci 0000:00:08.3: PME# supported from D0 D3hot D3cold
2026-07-21T10:11:40.705580+02:00 HOST-REDACTED-A kernel: pci 0000:00:14.0: [1022:790b] type 00 class 0x0c0500 conventional PCI endpoint
2026-07-21T10:11:40.705628+02:00 HOST-REDACTED-A kernel: pci 0000:00:14.3: [1022:790e] type 00 class 0x060100 conventional PCI endpoint
2026-07-21T10:11:40.705675+02:00 HOST-REDACTED-A kernel: pci 0000:00:18.0: [1022:14e0] type 00 class 0x060000 conventional PCI endpoint
2026-07-21T10:11:40.705716+02:00 HOST-REDACTED-A kernel: pci 0000:00:18.1: [1022:14e1] type 00 class 0x060000 conventional PCI endpoint
2026-07-21T10:11:40.705748+02:00 HOST-REDACTED-A kernel: pci 0000:00:18.2: [1022:14e2] type 00 class 0x060000 conventional PCI endpoint
2026-07-21T10:11:40.705780+02:00 HOST-REDACTED-A kernel: pci 0000:00:18.3: [1022:14e3] type 00 class 0x060000 conventional PCI endpoint
2026-07-21T10:11:40.705813+02:00 HOST-REDACTED-A kernel: pci 0000:00:18.4: [1022:14e4] type 00 class 0x060000 conventional PCI endpoint
2026-07-21T10:11:40.705845+02:00 HOST-REDACTED-A kernel: pci 0000:00:18.5: [1022:14e5] type 00 class 0x060000 conventional PCI endpoint
2026-07-21T10:11:40.705878+02:00 HOST-REDACTED-A kernel: pci 0000:00:18.6: [1022:14e6] type 00 class 0x060000 conventional PCI endpoint
2026-07-21T10:11:40.705913+02:00 HOST-REDACTED-A kernel: pci 0000:00:18.7: [1022:14e7] type 00 class 0x060000 conventional PCI endpoint
2026-07-21T10:11:40.705955+02:00 HOST-REDACTED-A kernel: pci 0000:01:00.0: [1002:1478] type 01 class 0x060400 PCIe Switch Upstream Port
2026-07-21T10:11:40.705990+02:00 HOST-REDACTED-A kernel: pci 0000:01:00.0: BAR 0 [mem 0xddf00000-0xddf03fff]
2026-07-21T10:11:40.706023+02:00 HOST-REDACTED-A kernel: pci 0000:01:00.0: PCI bridge to [bus 02-03]
2026-07-21T10:11:40.706061+02:00 HOST-REDACTED-A kernel: pci 0000:01:00.0:   bridge window [io  0xf000-0xffff]
2026-07-21T10:11:40.706102+02:00 HOST-REDACTED-A kernel: pci 0000:01:00.0:   bridge window [mem 0xdde00000-0xddefffff]
2026-07-21T10:11:40.706143+02:00 HOST-REDACTED-A kernel: pci 0000:01:00.0:   bridge window [mem 0xf800000000-0xfc0fffffff 64bit pref]
2026-07-21T10:11:40.706180+02:00 HOST-REDACTED-A kernel: pci 0000:01:00.0: PME# supported from D0 D3hot D3cold
2026-07-21T10:11:40.706213+02:00 HOST-REDACTED-A kernel: pci 0000:00:01.1: PCI bridge to [bus 01-03]
2026-07-21T10:11:40.706249+02:00 HOST-REDACTED-A kernel: pci 0000:02:00.0: [1002:1479] type 01 class 0x060400 PCIe Switch Downstream Port
2026-07-21T10:11:40.706283+02:00 HOST-REDACTED-A kernel: pci 0000:02:00.0: PCI bridge to [bus 03]
2026-07-21T10:11:40.706318+02:00 HOST-REDACTED-A kernel: pci 0000:02:00.0:   bridge window [io  0xf000-0xffff]
2026-07-21T10:11:40.706353+02:00 HOST-REDACTED-A kernel: pci 0000:02:00.0:   bridge window [mem 0xdde00000-0xddefffff]
2026-07-21T10:11:40.706387+02:00 HOST-REDACTED-A kernel: pci 0000:02:00.0:   bridge window [mem 0xf800000000-0xfc0fffffff 64bit pref]
2026-07-21T10:11:40.706424+02:00 HOST-REDACTED-A kernel: pci 0000:02:00.0: PME# supported from D0 D3hot D3cold
2026-07-21T10:11:40.706457+02:00 HOST-REDACTED-A kernel: pci 0000:01:00.0: PCI bridge to [bus 02-03]
2026-07-21T10:11:40.706494+02:00 HOST-REDACTED-A kernel: pci 0000:03:00.0: [1002:7550] type 00 class 0x030000 PCIe Legacy Endpoint
2026-07-21T10:11:40.706530+02:00 HOST-REDACTED-A kernel: pci 0000:03:00.0: BAR 0 [mem 0xf800000000-0xfbffffffff 64bit pref]
2026-07-21T10:11:40.706582+02:00 HOST-REDACTED-A kernel: pci 0000:03:00.0: BAR 2 [mem 0xfc00000000-0xfc0fffffff 64bit pref]
2026-07-21T10:11:40.706619+02:00 HOST-REDACTED-A kernel: pci 0000:03:00.0: BAR 4 [io  0xf000-0xf0ff]
2026-07-21T10:11:40.706654+02:00 HOST-REDACTED-A kernel: pci 0000:03:00.0: BAR 5 [mem 0xdde00000-0xdde7ffff]
2026-07-21T10:11:40.706689+02:00 HOST-REDACTED-A kernel: pci 0000:03:00.0: ROM [mem 0xdde80000-0xdde9ffff pref]
2026-07-21T10:11:40.706723+02:00 HOST-REDACTED-A kernel: pci 0000:03:00.0: PME# supported from D1 D2 D3hot D3cold
2026-07-21T10:11:40.706758+02:00 HOST-REDACTED-A kernel: pci 0000:03:00.1: [1002:ab40] type 00 class 0x040300 PCIe Legacy Endpoint
2026-07-21T10:11:40.706793+02:00 HOST-REDACTED-A kernel: pci 0000:03:00.1: BAR 0 [mem 0xddea0000-0xddea3fff]
2026-07-21T10:11:40.706827+02:00 HOST-REDACTED-A kernel: pci 0000:03:00.1: PME# supported from D1 D2 D3hot D3cold
2026-07-21T10:11:40.706862+02:00 HOST-REDACTED-A kernel: pci 0000:02:00.0: PCI bridge to [bus 03]
2026-07-21T10:11:40.706896+02:00 HOST-REDACTED-A kernel: pci 0000:04:00.0: [144d:a810] type 00 class 0x010802 PCIe Endpoint
2026-07-21T10:11:40.706929+02:00 HOST-REDACTED-A kernel: pci 0000:04:00.0: BAR 0 [mem 0xde100000-0xde103fff 64bit]
2026-07-21T10:11:40.706962+02:00 HOST-REDACTED-A kernel: pci 0000:00:01.2: PCI bridge to [bus 04]
2026-07-21T10:11:40.706995+02:00 HOST-REDACTED-A kernel: pci 0000:05:00.0: [1022:43f4] type 01 class 0x060400 PCIe Switch Upstream Port
2026-07-21T10:11:40.707028+02:00 HOST-REDACTED-A kernel: pci 0000:05:00.0: PCI bridge to [bus 06-12]
2026-07-21T10:11:40.707062+02:00 HOST-REDACTED-A kernel: pci 0000:05:00.0:   bridge window [io  0xe000-0xefff]
2026-07-21T10:11:40.707095+02:00 HOST-REDACTED-A kernel: pci 0000:05:00.0:   bridge window [mem 0xdca00000-0xdd6fffff]
2026-07-21T10:11:40.707128+02:00 HOST-REDACTED-A kernel: pci 0000:05:00.0:   bridge window [mem 0xfc30000000-0xfc307fffff 64bit pref]
2026-07-21T10:11:40.707160+02:00 HOST-REDACTED-A kernel: pci 0000:05:00.0: enabling Extended Tags
2026-07-21T10:11:40.707193+02:00 HOST-REDACTED-A kernel: pci 0000:05:00.0: PME# supported from D0 D3hot D3cold
2026-07-21T10:11:40.707225+02:00 HOST-REDACTED-A kernel: pci 0000:00:02.1: PCI bridge to [bus 05-12]
2026-07-21T10:11:40.707259+02:00 HOST-REDACTED-A kernel: pci 0000:06:00.0: [1022:43f5] type 01 class 0x060400 PCIe Switch Downstream Port
2026-07-21T10:11:40.707294+02:00 HOST-REDACTED-A kernel: pci 0000:06:00.0: PCI bridge to [bus 07]
2026-07-21T10:11:40.707329+02:00 HOST-REDACTED-A kernel: pci 0000:06:00.0:   bridge window [mem 0xdd600000-0xdd6fffff]
2026-07-21T10:11:40.707363+02:00 HOST-REDACTED-A kernel: pci 0000:06:00.0: enabling Extended Tags
2026-07-21T10:11:40.707396+02:00 HOST-REDACTED-A kernel: pci 0000:06:00.0: PME# supported from D0 D3hot D3cold
2026-07-21T10:11:40.707430+02:00 HOST-REDACTED-A kernel: pci 0000:06:08.0: [1022:43f5] type 01 class 0x060400 PCIe Switch Downstream Port
2026-07-21T10:11:40.707465+02:00 HOST-REDACTED-A kernel: pci 0000:06:08.0: PCI bridge to [bus 08-10]
2026-07-21T10:11:40.707498+02:00 HOST-REDACTED-A kernel: pci 0000:06:08.0:   bridge window [io  0xe000-0xefff]
2026-07-21T10:11:40.707532+02:00 HOST-REDACTED-A kernel: pci 0000:06:08.0:   bridge window [mem 0xdca00000-0xdd3fffff]
2026-07-21T10:11:40.707570+02:00 HOST-REDACTED-A kernel: pci 0000:06:08.0:   bridge window [mem 0xfc30000000-0xfc307fffff 64bit pref]
2026-07-21T10:11:40.707604+02:00 HOST-REDACTED-A kernel: pci 0000:06:08.0: enabling Extended Tags
2026-07-21T10:11:40.707639+02:00 HOST-REDACTED-A kernel: pci 0000:06:08.0: PME# supported from D0 D3hot D3cold
2026-07-21T10:11:40.707674+02:00 HOST-REDACTED-A kernel: pci 0000:06:0c.0: [1022:43f5] type 01 class 0x060400 PCIe Switch Downstream Port
2026-07-21T10:11:40.707708+02:00 HOST-REDACTED-A kernel: pci 0000:06:0c.0: PCI bridge to [bus 11]
2026-07-21T10:11:40.707742+02:00 HOST-REDACTED-A kernel: pci 0000:06:0c.0:   bridge window [mem 0xdd500000-0xdd5fffff]
2026-07-21T10:11:40.707775+02:00 HOST-REDACTED-A kernel: pci 0000:06:0c.0: enabling Extended Tags
2026-07-21T10:11:40.707809+02:00 HOST-REDACTED-A kernel: pci 0000:06:0c.0: PME# supported from D0 D3hot D3cold
2026-07-21T10:11:40.707842+02:00 HOST-REDACTED-A kernel: pci 0000:06:0d.0: [1022:43f5] type 01 class 0x060400 PCIe Switch Downstream Port
2026-07-21T10:11:40.707876+02:00 HOST-REDACTED-A kernel: pci 0000:06:0d.0: PCI bridge to [bus 12]
2026-07-21T10:11:40.707909+02:00 HOST-REDACTED-A kernel: pci 0000:06:0d.0:   bridge window [mem 0xdd400000-0xdd4fffff]
2026-07-21T10:11:40.707943+02:00 HOST-REDACTED-A kernel: pci 0000:06:0d.0: enabling Extended Tags
2026-07-21T10:11:40.707977+02:00 HOST-REDACTED-A kernel: pci 0000:06:0d.0: PME# supported from D0 D3hot D3cold
2026-07-21T10:11:40.708010+02:00 HOST-REDACTED-A kernel: pci 0000:05:00.0: PCI bridge to [bus 06-12]
2026-07-21T10:11:40.708045+02:00 HOST-REDACTED-A kernel: pci 0000:07:00.0: [144d:a80c] type 00 class 0x010802 PCIe Endpoint
2026-07-21T10:11:40.708080+02:00 HOST-REDACTED-A kernel: pci 0000:07:00.0: BAR 0 [mem 0xdd600000-0xdd603fff 64bit]
2026-07-21T10:11:40.708113+02:00 HOST-REDACTED-A kernel: pci 0000:06:00.0: PCI bridge to [bus 07]
2026-07-21T10:11:40.708149+02:00 HOST-REDACTED-A kernel: pci 0000:08:00.0: [1022:43f4] type 01 class 0x060400 PCIe Switch Upstream Port
2026-07-21T10:11:40.708183+02:00 HOST-REDACTED-A kernel: pci 0000:08:00.0: PCI bridge to [bus 09-10]
2026-07-21T10:11:40.708218+02:00 HOST-REDACTED-A kernel: pci 0000:08:00.0:   bridge window [io  0xe000-0xefff]
2026-07-21T10:11:40.708252+02:00 HOST-REDACTED-A kernel: pci 0000:08:00.0:   bridge window [mem 0xdca00000-0xdd3fffff]
2026-07-21T10:11:40.708287+02:00 HOST-REDACTED-A kernel: pci 0000:08:00.0:   bridge window [mem 0xfc30000000-0xfc307fffff 64bit pref]
2026-07-21T10:11:40.708321+02:00 HOST-REDACTED-A kernel: pci 0000:08:00.0: enabling Extended Tags
2026-07-21T10:11:40.708355+02:00 HOST-REDACTED-A kernel: pci 0000:08:00.0: PME# supported from D0 D3hot D3cold
2026-07-21T10:11:40.708389+02:00 HOST-REDACTED-A kernel: pci 0000:06:08.0: PCI bridge to [bus 08-10]
2026-07-21T10:11:40.708425+02:00 HOST-REDACTED-A kernel: pci 0000:09:00.0: [1022:43f5] type 01 class 0x060400 PCIe Switch Downstream Port
2026-07-21T10:11:40.708461+02:00 HOST-REDACTED-A kernel: pci 0000:09:00.0: PCI bridge to [bus 0a]
2026-07-21T10:11:40.708501+02:00 HOST-REDACTED-A kernel: pci 0000:09:00.0:   bridge window [mem 0xdd300000-0xdd3fffff]
2026-07-21T10:11:40.708541+02:00 HOST-REDACTED-A kernel: pci 0000:09:00.0: enabling Extended Tags
2026-07-21T10:11:40.708588+02:00 HOST-REDACTED-A kernel: pci 0000:09:00.0: PME# supported from D0 D3hot D3cold
2026-07-21T10:11:40.708625+02:00 HOST-REDACTED-A kernel: pci 0000:09:04.0: [1022:43f5] type 01 class 0x060400 PCIe Switch Downstream Port
2026-07-21T10:11:40.708661+02:00 HOST-REDACTED-A kernel: pci 0000:09:04.0: PCI bridge to [bus 0b]
2026-07-21T10:11:40.708695+02:00 HOST-REDACTED-A kernel: pci 0000:09:04.0:   bridge window [mem 0xdca00000-0xdccfffff]
2026-07-21T10:11:40.708732+02:00 HOST-REDACTED-A kernel: pci 0000:09:04.0: enabling Extended Tags
2026-07-21T10:11:40.708767+02:00 HOST-REDACTED-A kernel: pci 0000:09:04.0: PME# supported from D0 D3hot D3cold
2026-07-21T10:11:40.708803+02:00 HOST-REDACTED-A kernel: pci 0000:09:06.0: [1022:43f5] type 01 class 0x060400 PCIe Switch Downstream Port
2026-07-21T10:11:40.708838+02:00 HOST-REDACTED-A kernel: pci 0000:09:06.0: PCI bridge to [bus 0c]
2026-07-21T10:11:40.708874+02:00 HOST-REDACTED-A kernel: pci 0000:09:06.0:   bridge window [io  0xe000-0xefff]
2026-07-21T10:11:40.708909+02:00 HOST-REDACTED-A kernel: pci 0000:09:06.0:   bridge window [mem 0xdd200000-0xdd2fffff]
2026-07-21T10:11:40.708944+02:00 HOST-REDACTED-A kernel: pci 0000:09:06.0: enabling Extended Tags
2026-07-21T10:11:40.708980+02:00 HOST-REDACTED-A kernel: pci 0000:09:06.0: PME# supported from D0 D3hot D3cold
2026-07-21T10:11:40.709016+02:00 HOST-REDACTED-A kernel: pci 0000:09:07.0: [1022:43f5] type 01 class 0x060400 PCIe Switch Downstream Port
2026-07-21T10:11:40.709052+02:00 HOST-REDACTED-A kernel: pci 0000:09:07.0: PCI bridge to [bus 0d]
2026-07-21T10:11:40.709088+02:00 HOST-REDACTED-A kernel: pci 0000:09:07.0: enabling Extended Tags
2026-07-21T10:11:40.709124+02:00 HOST-REDACTED-A kernel: pci 0000:09:07.0: PME# supported from D0 D3hot D3cold
2026-07-21T10:11:40.709159+02:00 HOST-REDACTED-A kernel: pci 0000:09:08.0: [1022:43f5] type 01 class 0x060400 PCIe Switch Downstream Port
2026-07-21T10:11:40.709195+02:00 HOST-REDACTED-A kernel: pci 0000:09:08.0: PCI bridge to [bus 0e]
2026-07-21T10:11:40.709230+02:00 HOST-REDACTED-A kernel: pci 0000:09:08.0:   bridge window [mem 0xdce00000-0xdcffffff]
2026-07-21T10:11:40.709266+02:00 HOST-REDACTED-A kernel: pci 0000:09:08.0:   bridge window [mem 0xfc30000000-0xfc307fffff 64bit pref]
2026-07-21T10:11:40.709301+02:00 HOST-REDACTED-A kernel: pci 0000:09:08.0: enabling Extended Tags
2026-07-21T10:11:40.709336+02:00 HOST-REDACTED-A kernel: pci 0000:09:08.0: PME# supported from D0 D3hot D3cold
2026-07-21T10:11:40.709374+02:00 HOST-REDACTED-A kernel: pci 0000:09:0c.0: [1022:43f5] type 01 class 0x060400 PCIe Switch Downstream Port
2026-07-21T10:11:40.709409+02:00 HOST-REDACTED-A kernel: pci 0000:09:0c.0: PCI bridge to [bus 0f]
2026-07-21T10:11:40.709446+02:00 HOST-REDACTED-A kernel: pci 0000:09:0c.0:   bridge window [mem 0xdd100000-0xdd1fffff]
2026-07-21T10:11:40.709481+02:00 HOST-REDACTED-A kernel: pci 0000:09:0c.0: enabling Extended Tags
2026-07-21T10:11:40.709516+02:00 HOST-REDACTED-A kernel: pci 0000:09:0c.0: PME# supported from D0 D3hot D3cold
2026-07-21T10:11:40.709555+02:00 HOST-REDACTED-A kernel: pci 0000:09:0d.0: [1022:43f5] type 01 class 0x060400 PCIe Switch Downstream Port
2026-07-21T10:11:40.709591+02:00 HOST-REDACTED-A kernel: pci 0000:09:0d.0: PCI bridge to [bus 10]
2026-07-21T10:11:40.709626+02:00 HOST-REDACTED-A kernel: pci 0000:09:0d.0:   bridge window [mem 0xdd000000-0xdd0fffff]
2026-07-21T10:11:40.709662+02:00 HOST-REDACTED-A kernel: pci 0000:09:0d.0: enabling Extended Tags
2026-07-21T10:11:40.709697+02:00 HOST-REDACTED-A kernel: pci 0000:09:0d.0: PME# supported from D0 D3hot D3cold
2026-07-21T10:11:40.709731+02:00 HOST-REDACTED-A kernel: pci 0000:08:00.0: PCI bridge to [bus 09-10]
2026-07-21T10:11:40.709768+02:00 HOST-REDACTED-A kernel: pci 0000:0a:00.0: [144d:a80c] type 00 class 0x010802 PCIe Endpoint
2026-07-21T10:11:40.709804+02:00 HOST-REDACTED-A kernel: pci 0000:0a:00.0: BAR 0 [mem 0xdd300000-0xdd303fff 64bit]
2026-07-21T10:11:40.709841+02:00 HOST-REDACTED-A kernel: pci 0000:09:00.0: PCI bridge to [bus 0a]
2026-07-21T10:11:40.709878+02:00 HOST-REDACTED-A kernel: pci 0000:0b:00.0: [14c3:7927] type 00 class 0x028000 PCIe Endpoint
2026-07-21T10:11:40.709914+02:00 HOST-REDACTED-A kernel: pci 0000:0b:00.0: BAR 0 [mem 0xdca00000-0xdcbfffff 64bit]
2026-07-21T10:11:40.709950+02:00 HOST-REDACTED-A kernel: pci 0000:0b:00.0: BAR 2 [mem 0xdcc00000-0xdcc07fff 64bit]
2026-07-21T10:11:40.709986+02:00 HOST-REDACTED-A kernel: pci 0000:0b:00.0: PME# supported from D0 D3hot D3cold
2026-07-21T10:11:40.710021+02:00 HOST-REDACTED-A kernel: pci 0000:09:04.0: PCI bridge to [bus 0b]
2026-07-21T10:11:40.710058+02:00 HOST-REDACTED-A kernel: pci 0000:0c:00.0: [10ec:8126] type 00 class 0x020000 PCIe Endpoint
2026-07-21T10:11:40.710095+02:00 HOST-REDACTED-A kernel: pci 0000:0c:00.0: BAR 0 [io  0xe000-0xe0ff]
2026-07-21T10:11:40.710131+02:00 HOST-REDACTED-A kernel: pci 0000:0c:00.0: BAR 2 [mem 0xdd200000-0xdd20ffff 64bit]
2026-07-21T10:11:40.710167+02:00 HOST-REDACTED-A kernel: pci 0000:0c:00.0: BAR 4 [mem 0xdd210000-0xdd213fff 64bit]
2026-07-21T10:11:40.710203+02:00 HOST-REDACTED-A kernel: pci 0000:0c:00.0: supports D1 D2
2026-07-21T10:11:40.710239+02:00 HOST-REDACTED-A kernel: pci 0000:0c:00.0: PME# supported from D0 D1 D2 D3hot D3cold
2026-07-21T10:11:40.710274+02:00 HOST-REDACTED-A kernel: pci 0000:09:06.0: PCI bridge to [bus 0c]
2026-07-21T10:11:40.710310+02:00 HOST-REDACTED-A kernel: pci 0000:09:07.0: PCI bridge to [bus 0d]
2026-07-21T10:11:40.710346+02:00 HOST-REDACTED-A kernel: pci 0000:0e:00.0: [15b3:1003] type 00 class 0x020000 PCIe Endpoint
2026-07-21T10:11:40.710383+02:00 HOST-REDACTED-A kernel: pci 0000:0e:00.0: BAR 0 [mem 0xdcf00000-0xdcffffff 64bit]
2026-07-21T10:11:40.710428+02:00 HOST-REDACTED-A kernel: pci 0000:0e:00.0: BAR 2 [mem 0xfc30000000-0xfc307fffff 64bit pref]
2026-07-21T10:11:40.710464+02:00 HOST-REDACTED-A kernel: pci 0000:0e:00.0: ROM [mem 0xdce00000-0xdcefffff pref]
2026-07-21T10:11:40.710502+02:00 HOST-REDACTED-A kernel: pci 0000:09:08.0: PCI bridge to [bus 0e]
2026-07-21T10:11:40.710549+02:00 HOST-REDACTED-A kernel: pci 0000:0f:00.0: [1022:43fd] type 00 class 0x0c0330 PCIe Legacy Endpoint
2026-07-21T10:11:40.710592+02:00 HOST-REDACTED-A kernel: pci 0000:0f:00.0: BAR 0 [mem 0xdd100000-0xdd107fff 64bit]
2026-07-21T10:11:40.710629+02:00 HOST-REDACTED-A kernel: pci 0000:0f:00.0: enabling Extended Tags
2026-07-21T10:11:40.710665+02:00 HOST-REDACTED-A kernel: pci 0000:0f:00.0: PME# supported from D0 D3hot D3cold
2026-07-21T10:11:40.710701+02:00 HOST-REDACTED-A kernel: pci 0000:09:0c.0: PCI bridge to [bus 0f]
2026-07-21T10:11:40.710738+02:00 HOST-REDACTED-A kernel: pci 0000:10:00.0: [1022:43f6] type 00 class 0x010601 PCIe Legacy Endpoint
2026-07-21T10:11:40.710776+02:00 HOST-REDACTED-A kernel: pci 0000:10:00.0: BAR 5 [mem 0xdd080000-0xdd0803ff]
2026-07-21T10:11:40.710814+02:00 HOST-REDACTED-A kernel: pci 0000:10:00.0: ROM [mem 0xdd000000-0xdd07ffff pref]
2026-07-21T10:11:40.710851+02:00 HOST-REDACTED-A kernel: pci 0000:10:00.0: enabling Extended Tags
2026-07-21T10:11:40.710889+02:00 HOST-REDACTED-A kernel: pci 0000:10:00.0: PME# supported from D0 D3hot D3cold
2026-07-21T10:11:40.710925+02:00 HOST-REDACTED-A kernel: pci 0000:09:0d.0: PCI bridge to [bus 10]
2026-07-21T10:11:40.710962+02:00 HOST-REDACTED-A kernel: pci 0000:11:00.0: [1022:43fd] type 00 class 0x0c0330 PCIe Legacy Endpoint
2026-07-21T10:11:40.711000+02:00 HOST-REDACTED-A kernel: pci 0000:11:00.0: BAR 0 [mem 0xdd500000-0xdd507fff 64bit]
2026-07-21T10:11:40.711035+02:00 HOST-REDACTED-A kernel: pci 0000:11:00.0: enabling Extended Tags
2026-07-21T10:11:40.711070+02:00 HOST-REDACTED-A kernel: pci 0000:11:00.0: PME# supported from D0 D3hot D3cold
2026-07-21T10:11:40.711103+02:00 HOST-REDACTED-A kernel: pci 0000:06:0c.0: PCI bridge to [bus 11]
2026-07-21T10:11:40.711138+02:00 HOST-REDACTED-A kernel: pci 0000:12:00.0: [1022:43f6] type 00 class 0x010601 PCIe Legacy Endpoint
2026-07-21T10:11:40.711173+02:00 HOST-REDACTED-A kernel: pci 0000:12:00.0: BAR 5 [mem 0xdd480000-0xdd4803ff]
2026-07-21T10:11:40.711207+02:00 HOST-REDACTED-A kernel: pci 0000:12:00.0: ROM [mem 0xdd400000-0xdd47ffff pref]
2026-07-21T10:11:40.711242+02:00 HOST-REDACTED-A kernel: pci 0000:12:00.0: enabling Extended Tags
2026-07-21T10:11:40.711276+02:00 HOST-REDACTED-A kernel: pci 0000:12:00.0: PME# supported from D0 D3hot D3cold
2026-07-21T10:11:40.711310+02:00 HOST-REDACTED-A kernel: pci 0000:06:0d.0: PCI bridge to [bus 12]
2026-07-21T10:11:40.711343+02:00 HOST-REDACTED-A kernel: pci 0000:13:00.0: [1b21:2421] type 01 class 0x060400 PCIe Switch Upstream Port
2026-07-21T10:11:40.711376+02:00 HOST-REDACTED-A kernel: pci 0000:13:00.0: PCI bridge to [bus 14-7a]
2026-07-21T10:11:40.711409+02:00 HOST-REDACTED-A kernel: pci 0000:13:00.0:   bridge window [io  0x7000-0xcfff]
2026-07-21T10:11:40.711441+02:00 HOST-REDACTED-A kernel: pci 0000:13:00.0:   bridge window [mem 0xac000000-0xdc7fffff]
2026-07-21T10:11:40.711474+02:00 HOST-REDACTED-A kernel: pci 0000:13:00.0:   bridge window [mem 0xb800000000-0xf7ffffffff 64bit pref]
2026-07-21T10:11:40.711507+02:00 HOST-REDACTED-A kernel: pci 0000:13:00.0: PME# supported from D0 D3hot D3cold
2026-07-21T10:11:40.711541+02:00 HOST-REDACTED-A kernel: pci 0000:00:02.2: PCI bridge to [bus 13-7a]
2026-07-21T10:11:40.711589+02:00 HOST-REDACTED-A kernel: pci 0000:14:00.0: [1b21:2423] type 01 class 0x060400 PCIe Switch Downstream Port
2026-07-21T10:11:40.711623+02:00 HOST-REDACTED-A kernel: pci 0000:14:00.0: PCI bridge to [bus 19-48]
2026-07-21T10:11:40.711657+02:00 HOST-REDACTED-A kernel: pci 0000:14:00.0:   bridge window [io  0x7000-0x9fff]
2026-07-21T10:11:40.711691+02:00 HOST-REDACTED-A kernel: pci 0000:14:00.0:   bridge window [mem 0xac000000-0xc3ffffff]
2026-07-21T10:11:40.711725+02:00 HOST-REDACTED-A kernel: pci 0000:14:00.0:   bridge window [mem 0xb800000000-0xd7ffffffff 64bit pref]
2026-07-21T10:11:40.711758+02:00 HOST-REDACTED-A kernel: pci 0000:14:00.0: PME# supported from D0 D3hot D3cold
2026-07-21T10:11:40.711792+02:00 HOST-REDACTED-A kernel: pci 0000:14:01.0: [1b21:2423] type 01 class 0x060400 PCIe Switch Downstream Port
2026-07-21T10:11:40.711825+02:00 HOST-REDACTED-A kernel: pci 0000:14:01.0: PCI bridge to [bus 49-78]
2026-07-21T10:11:40.711859+02:00 HOST-REDACTED-A kernel: pci 0000:14:01.0:   bridge window [io  0xa000-0xcfff]
2026-07-21T10:11:40.711892+02:00 HOST-REDACTED-A kernel: pci 0000:14:01.0:   bridge window [mem 0xc4000000-0xdbffffff]
2026-07-21T10:11:40.711925+02:00 HOST-REDACTED-A kernel: pci 0000:14:01.0:   bridge window [mem 0xd800000000-0xf7ffffffff 64bit pref]
2026-07-21T10:11:40.711958+02:00 HOST-REDACTED-A kernel: pci 0000:14:01.0: PME# supported from D0 D3hot D3cold
2026-07-21T10:11:40.711992+02:00 HOST-REDACTED-A kernel: pci 0000:14:02.0: [1b21:2423] type 01 class 0x060400 PCIe Switch Downstream Port
2026-07-21T10:11:40.712027+02:00 HOST-REDACTED-A kernel: pci 0000:14:02.0: PCI bridge to [bus 79]
2026-07-21T10:11:40.712062+02:00 HOST-REDACTED-A kernel: pci 0000:14:02.0:   bridge window [mem 0xdc000000-0xdc3fffff]
2026-07-21T10:11:40.712095+02:00 HOST-REDACTED-A kernel: pci 0000:14:02.0: PME# supported from D0 D3hot D3cold
2026-07-21T10:11:40.712129+02:00 HOST-REDACTED-A kernel: pci 0000:14:03.0: [1b21:2423] type 01 class 0x060400 PCIe Switch Downstream Port
2026-07-21T10:11:40.712162+02:00 HOST-REDACTED-A kernel: pci 0000:14:03.0: PCI bridge to [bus 7a]
2026-07-21T10:11:40.712195+02:00 HOST-REDACTED-A kernel: pci 0000:14:03.0:   bridge window [mem 0xdc400000-0xdc7fffff]
2026-07-21T10:11:40.712229+02:00 HOST-REDACTED-A kernel: pci 0000:14:03.0: PME# supported from D0 D3hot D3cold
2026-07-21T10:11:40.712262+02:00 HOST-REDACTED-A kernel: pci 0000:13:00.0: PCI bridge to [bus 14-7a]
2026-07-21T10:11:40.712295+02:00 HOST-REDACTED-A kernel: pci 0000:14:00.0: PCI bridge to [bus 19-48]
2026-07-21T10:11:40.712328+02:00 HOST-REDACTED-A kernel: pci 0000:14:01.0: PCI bridge to [bus 49-78]
2026-07-21T10:11:40.712364+02:00 HOST-REDACTED-A kernel: pci 0000:79:00.0: [1b21:2426] type 00 class 0x0c0330 PCIe Legacy Endpoint
2026-07-21T10:11:40.712408+02:00 HOST-REDACTED-A kernel: pci 0000:79:00.0: BAR 0 [mem 0xdc000000-0xdc007fff 64bit]
2026-07-21T10:11:40.712443+02:00 HOST-REDACTED-A kernel: pci 0000:79:00.0: PME# supported from D0 D3hot D3cold
2026-07-21T10:11:40.712482+02:00 HOST-REDACTED-A kernel: pci 0000:14:02.0: PCI bridge to [bus 79]
2026-07-21T10:11:40.712524+02:00 HOST-REDACTED-A kernel: pci 0000:7a:00.0: [1b21:2425] type 00 class 0x0c0340 PCIe Legacy Endpoint
2026-07-21T10:11:40.712579+02:00 HOST-REDACTED-A kernel: pci 0000:7a:00.0: BAR 0 [mem 0xdc400000-0xdc43ffff 64bit]
2026-07-21T10:11:40.712613+02:00 HOST-REDACTED-A kernel: pci 0000:7a:00.0: BAR 2 [mem 0xdc440000-0xdc44ffff 64bit]
2026-07-21T10:11:40.712647+02:00 HOST-REDACTED-A kernel: pci 0000:7a:00.0: PME# supported from D0 D3hot D3cold
2026-07-21T10:11:40.712681+02:00 HOST-REDACTED-A kernel: pci 0000:14:03.0: PCI bridge to [bus 7a]
2026-07-21T10:11:40.712714+02:00 HOST-REDACTED-A kernel: pci 0000:7b:00.0: [1002:13c0] type 00 class 0x030000 PCIe Legacy Endpoint
2026-07-21T10:11:40.712746+02:00 HOST-REDACTED-A kernel: pci 0000:7b:00.0: BAR 0 [mem 0xfc20000000-0xfc2fffffff 64bit pref]
2026-07-21T10:11:40.712779+02:00 HOST-REDACTED-A kernel: pci 0000:7b:00.0: BAR 2 [mem 0xdd800000-0xdd9fffff 64bit pref]
2026-07-21T10:11:40.712811+02:00 HOST-REDACTED-A kernel: pci 0000:7b:00.0: BAR 4 [io  0xd000-0xd0ff]
2026-07-21T10:11:40.712843+02:00 HOST-REDACTED-A kernel: pci 0000:7b:00.0: BAR 5 [mem 0xddd00000-0xddd7ffff]
2026-07-21T10:11:40.712876+02:00 HOST-REDACTED-A kernel: pci 0000:7b:00.0: enabling Extended Tags
2026-07-21T10:11:40.712910+02:00 HOST-REDACTED-A kernel: pci 0000:7b:00.0: PME# supported from D1 D2 D3hot D3cold
2026-07-21T10:11:40.712942+02:00 HOST-REDACTED-A kernel: pci 0000:7b:00.1: [1002:1640] type 00 class 0x040300 PCIe Legacy Endpoint
2026-07-21T10:11:40.712974+02:00 HOST-REDACTED-A kernel: pci 0000:7b:00.1: BAR 0 [mem 0xddd80000-0xddd83fff]
2026-07-21T10:11:40.713006+02:00 HOST-REDACTED-A kernel: pci 0000:7b:00.1: enabling Extended Tags
2026-07-21T10:11:40.713038+02:00 HOST-REDACTED-A kernel: pci 0000:7b:00.1: PME# supported from D1 D2 D3hot D3cold
2026-07-21T10:11:40.713071+02:00 HOST-REDACTED-A kernel: pci 0000:7b:00.2: [1022:1649] type 00 class 0x108000 PCIe Endpoint
2026-07-21T10:11:40.713104+02:00 HOST-REDACTED-A kernel: pci 0000:7b:00.2: BAR 2 [mem 0xddc00000-0xddcfffff]
2026-07-21T10:11:40.713136+02:00 HOST-REDACTED-A kernel: pci 0000:7b:00.2: BAR 5 [mem 0xddd84000-0xddd85fff]
2026-07-21T10:11:40.713168+02:00 HOST-REDACTED-A kernel: pci 0000:7b:00.2: enabling Extended Tags
2026-07-21T10:11:40.713201+02:00 HOST-REDACTED-A kernel: pci 0000:7b:00.3: [1022:15b6] type 00 class 0x0c0330 PCIe Endpoint
2026-07-21T10:11:40.713234+02:00 HOST-REDACTED-A kernel: pci 0000:7b:00.3: BAR 0 [mem 0xddb00000-0xddbfffff 64bit]
2026-07-21T10:11:40.713267+02:00 HOST-REDACTED-A kernel: pci 0000:7b:00.3: enabling Extended Tags
2026-07-21T10:11:40.713300+02:00 HOST-REDACTED-A kernel: pci 0000:7b:00.3: PME# supported from D0 D3hot D3cold
2026-07-21T10:11:40.713333+02:00 HOST-REDACTED-A kernel: pci 0000:7b:00.4: [1022:15b7] type 00 class 0x0c0330 PCIe Endpoint
2026-07-21T10:11:40.713366+02:00 HOST-REDACTED-A kernel: pci 0000:7b:00.4: BAR 0 [mem 0xdda00000-0xddafffff 64bit]
2026-07-21T10:11:40.713398+02:00 HOST-REDACTED-A kernel: pci 0000:7b:00.4: enabling Extended Tags
2026-07-21T10:11:40.713431+02:00 HOST-REDACTED-A kernel: pci 0000:7b:00.4: PME# supported from D0 D3hot D3cold
2026-07-21T10:11:40.713463+02:00 HOST-REDACTED-A kernel: pci 0000:00:08.1: PCI bridge to [bus 7b]
2026-07-21T10:11:40.713496+02:00 HOST-REDACTED-A kernel: pci 0000:7c:00.0: [1022:15b8] type 00 class 0x0c0330 PCIe Endpoint
2026-07-21T10:11:40.713529+02:00 HOST-REDACTED-A kernel: pci 0000:7c:00.0: BAR 0 [mem 0xde000000-0xde0fffff 64bit]
2026-07-21T10:11:40.713565+02:00 HOST-REDACTED-A kernel: pci 0000:7c:00.0: enabling Extended Tags
2026-07-21T10:11:40.713599+02:00 HOST-REDACTED-A kernel: pci 0000:7c:00.0: PME# supported from D0 D3hot D3cold
2026-07-21T10:11:40.713631+02:00 HOST-REDACTED-A kernel: pci 0000:00:08.3: PCI bridge to [bus 7c]
2026-07-21T10:11:40.713635+02:00 HOST-REDACTED-A kernel: ACPI: PCI: Interrupt link LNKA configured for IRQ 0
2026-07-21T10:11:40.713638+02:00 HOST-REDACTED-A kernel: ACPI: PCI: Interrupt link LNKB configured for IRQ 0
2026-07-21T10:11:40.713641+02:00 HOST-REDACTED-A kernel: ACPI: PCI: Interrupt link LNKC configured for IRQ 0
2026-07-21T10:11:40.713644+02:00 HOST-REDACTED-A kernel: ACPI: PCI: Interrupt link LNKD configured for IRQ 0
2026-07-21T10:11:40.713647+02:00 HOST-REDACTED-A kernel: ACPI: PCI: Interrupt link LNKE configured for IRQ 0
2026-07-21T10:11:40.713650+02:00 HOST-REDACTED-A kernel: ACPI: PCI: Interrupt link LNKF configured for IRQ 0
2026-07-21T10:11:40.713653+02:00 HOST-REDACTED-A kernel: ACPI: PCI: Interrupt link LNKG configured for IRQ 0
2026-07-21T10:11:40.713656+02:00 HOST-REDACTED-A kernel: ACPI: PCI: Interrupt link LNKH configured for IRQ 0
2026-07-21T10:11:40.713659+02:00 HOST-REDACTED-A kernel: ACPI: EC: interrupt unblocked
2026-07-21T10:11:40.713662+02:00 HOST-REDACTED-A kernel: ACPI: EC: event unblocked
2026-07-21T10:11:40.713665+02:00 HOST-REDACTED-A kernel: ACPI: EC: EC_CMD/EC_SC=0x66, EC_DATA=0x62
2026-07-21T10:11:40.713668+02:00 HOST-REDACTED-A kernel: ACPI: EC: GPE=0x4
2026-07-21T10:11:40.713671+02:00 HOST-REDACTED-A kernel: ACPI: \_SB_.PCI0.SBRG.EC0_: Boot DSDT EC initialization complete
2026-07-21T10:11:40.713674+02:00 HOST-REDACTED-A kernel: ACPI: \_SB_.PCI0.SBRG.EC0_: EC: Used to handle transactions and events
2026-07-21T10:11:40.713677+02:00 HOST-REDACTED-A kernel: iommu: Default domain type: Translated
2026-07-21T10:11:40.713680+02:00 HOST-REDACTED-A kernel: iommu: DMA domain TLB invalidation policy: lazy mode
2026-07-21T10:11:40.713683+02:00 HOST-REDACTED-A kernel: SCSI subsystem initialized
2026-07-21T10:11:40.713686+02:00 HOST-REDACTED-A kernel: libata version 3.00 loaded.
2026-07-21T10:11:40.713689+02:00 HOST-REDACTED-A kernel: ACPI: bus type USB registered
2026-07-21T10:11:40.713692+02:00 HOST-REDACTED-A kernel: usbcore: registered new interface driver usbfs
2026-07-21T10:11:40.713695+02:00 HOST-REDACTED-A kernel: usbcore: registered new interface driver hub
2026-07-21T10:11:40.713697+02:00 HOST-REDACTED-A kernel: usbcore: registered new device driver usb
2026-07-21T10:11:40.713700+02:00 HOST-REDACTED-A kernel: EDAC MC: Ver: 3.0.0
2026-07-21T10:11:40.713703+02:00 HOST-REDACTED-A kernel: efivars: Registered efivars operations
2026-07-21T10:11:40.713706+02:00 HOST-REDACTED-A kernel: NetLabel: Initializing
2026-07-21T10:11:40.713709+02:00 HOST-REDACTED-A kernel: NetLabel:  domain hash size = 128
2026-07-21T10:11:40.713712+02:00 HOST-REDACTED-A kernel: NetLabel:  protocols = UNLABELED CIPSOv4 CALIPSO
2026-07-21T10:11:40.713714+02:00 HOST-REDACTED-A kernel: NetLabel:  unlabeled traffic allowed by default
2026-07-21T10:11:40.713717+02:00 HOST-REDACTED-A kernel: mctp: management component transport protocol core
2026-07-21T10:11:40.713720+02:00 HOST-REDACTED-A kernel: NET: Registered PF_MCTP protocol family
2026-07-21T10:11:40.713723+02:00 HOST-REDACTED-A kernel: PCI: Using ACPI for IRQ routing
2026-07-21T10:11:40.713726+02:00 HOST-REDACTED-A kernel: PCI: pci_cache_line_size set to 64 bytes
2026-07-21T10:11:40.713758+02:00 HOST-REDACTED-A kernel: pci 0000:00:02.1: bridge window [mem 0xdca00000-0xdd6fffff]: can't claim; address conflict with AMDIF031:00 [mem 0xdd000000-0xdd000fff]
2026-07-21T10:11:40.713792+02:00 HOST-REDACTED-A kernel: pci 0000:05:00.0: bridge window [mem 0xdca00000-0xdd6fffff]: can't claim; no compatible bridge window
2026-07-21T10:11:40.713826+02:00 HOST-REDACTED-A kernel: pci 0000:06:00.0: bridge window [mem 0xdd600000-0xdd6fffff]: can't claim; no compatible bridge window
2026-07-21T10:11:40.713859+02:00 HOST-REDACTED-A kernel: pci 0000:06:08.0: bridge window [mem 0xdca00000-0xdd3fffff]: can't claim; no compatible bridge window
2026-07-21T10:11:40.713894+02:00 HOST-REDACTED-A kernel: pci 0000:08:00.0: bridge window [mem 0xdca00000-0xdd3fffff]: can't claim; no compatible bridge window
2026-07-21T10:11:40.713929+02:00 HOST-REDACTED-A kernel: pci 0000:09:00.0: bridge window [mem 0xdd300000-0xdd3fffff]: can't claim; no compatible bridge window
2026-07-21T10:11:40.713965+02:00 HOST-REDACTED-A kernel: pci 0000:09:04.0: bridge window [mem 0xdca00000-0xdccfffff]: can't claim; no compatible bridge window
2026-07-21T10:11:40.714001+02:00 HOST-REDACTED-A kernel: pci 0000:09:06.0: bridge window [mem 0xdd200000-0xdd2fffff]: can't claim; no compatible bridge window
2026-07-21T10:11:40.714037+02:00 HOST-REDACTED-A kernel: pci 0000:09:08.0: bridge window [mem 0xdce00000-0xdcffffff]: can't claim; no compatible bridge window
2026-07-21T10:11:40.714081+02:00 HOST-REDACTED-A kernel: pci 0000:09:0c.0: bridge window [mem 0xdd100000-0xdd1fffff]: can't claim; no compatible bridge window
2026-07-21T10:11:40.714129+02:00 HOST-REDACTED-A kernel: pci 0000:09:0d.0: bridge window [mem 0xdd000000-0xdd0fffff]: can't claim; no compatible bridge window
2026-07-21T10:11:40.714164+02:00 HOST-REDACTED-A kernel: pci 0000:06:0c.0: bridge window [mem 0xdd500000-0xdd5fffff]: can't claim; no compatible bridge window
2026-07-21T10:11:40.714198+02:00 HOST-REDACTED-A kernel: pci 0000:06:0d.0: bridge window [mem 0xdd400000-0xdd4fffff]: can't claim; no compatible bridge window
2026-07-21T10:11:40.714233+02:00 HOST-REDACTED-A kernel: pci 0000:07:00.0: BAR 0 [mem 0xdd600000-0xdd603fff 64bit]: can't claim; no compatible bridge window
2026-07-21T10:11:40.714270+02:00 HOST-REDACTED-A kernel: pci 0000:0a:00.0: BAR 0 [mem 0xdd300000-0xdd303fff 64bit]: can't claim; no compatible bridge window
2026-07-21T10:11:40.714306+02:00 HOST-REDACTED-A kernel: pci 0000:0c:00.0: BAR 2 [mem 0xdd200000-0xdd20ffff 64bit]: can't claim; no compatible bridge window
2026-07-21T10:11:40.714343+02:00 HOST-REDACTED-A kernel: pci 0000:0c:00.0: BAR 4 [mem 0xdd210000-0xdd213fff 64bit]: can't claim; no compatible bridge window
2026-07-21T10:11:40.714379+02:00 HOST-REDACTED-A kernel: pci 0000:0f:00.0: BAR 0 [mem 0xdd100000-0xdd107fff 64bit]: can't claim; no compatible bridge window
2026-07-21T10:11:40.714414+02:00 HOST-REDACTED-A kernel: pci 0000:11:00.0: BAR 0 [mem 0xdd500000-0xdd507fff 64bit]: can't claim; no compatible bridge window
2026-07-21T10:11:40.714450+02:00 HOST-REDACTED-A kernel: pci 0000:0b:00.0: BAR 0 [mem 0xdca00000-0xdcbfffff 64bit]: can't claim; no compatible bridge window
2026-07-21T10:11:40.714486+02:00 HOST-REDACTED-A kernel: pci 0000:0b:00.0: BAR 2 [mem 0xdcc00000-0xdcc07fff 64bit]: can't claim; no compatible bridge window
2026-07-21T10:11:40.714523+02:00 HOST-REDACTED-A kernel: pci 0000:0e:00.0: BAR 0 [mem 0xdcf00000-0xdcffffff 64bit]: can't claim; no compatible bridge window
2026-07-21T10:11:40.714579+02:00 HOST-REDACTED-A kernel: pci 0000:10:00.0: BAR 5 [mem 0xdd080000-0xdd0803ff]: can't claim; no compatible bridge window
2026-07-21T10:11:40.714615+02:00 HOST-REDACTED-A kernel: pci 0000:12:00.0: BAR 5 [mem 0xdd480000-0xdd4803ff]: can't claim; no compatible bridge window
2026-07-21T10:11:40.714619+02:00 HOST-REDACTED-A kernel: e820: reserve RAM buffer [mem 0x099ff000-0x0bffffff]
2026-07-21T10:11:40.714622+02:00 HOST-REDACTED-A kernel: e820: reserve RAM buffer [mem 0x0a200000-0x0bffffff]
2026-07-21T10:11:40.714625+02:00 HOST-REDACTED-A kernel: e820: reserve RAM buffer [mem 0x0b000000-0x0bffffff]
2026-07-21T10:11:40.714628+02:00 HOST-REDACTED-A kernel: e820: reserve RAM buffer [mem 0x634ac000-0x63ffffff]
2026-07-21T10:11:40.714631+02:00 HOST-REDACTED-A kernel: e820: reserve RAM buffer [mem 0x66077000-0x67ffffff]
2026-07-21T10:11:40.714634+02:00 HOST-REDACTED-A kernel: e820: reserve RAM buffer [mem 0x6998d000-0x6bffffff]
2026-07-21T10:11:40.714637+02:00 HOST-REDACTED-A kernel: e820: reserve RAM buffer [mem 0x79ff7000-0x7bffffff]
2026-07-21T10:11:40.714640+02:00 HOST-REDACTED-A kernel: e820: reserve RAM buffer [mem 0x7a000000-0x7bffffff]
2026-07-21T10:11:40.714642+02:00 HOST-REDACTED-A kernel: e820: reserve RAM buffer [mem 0xffde80000-0xfffffffff]
2026-07-21T10:11:40.714677+02:00 HOST-REDACTED-A kernel: pci 0000:03:00.0: vgaarb: setting as boot VGA device
2026-07-21T10:11:40.714711+02:00 HOST-REDACTED-A kernel: pci 0000:03:00.0: vgaarb: bridge control possible
2026-07-21T10:11:40.714746+02:00 HOST-REDACTED-A kernel: pci 0000:03:00.0: vgaarb: VGA device added: decodes=io+mem,owns=none,locks=none
2026-07-21T10:11:40.714778+02:00 HOST-REDACTED-A kernel: pci 0000:7b:00.0: vgaarb: bridge control possible
2026-07-21T10:11:40.714810+02:00 HOST-REDACTED-A kernel: pci 0000:7b:00.0: vgaarb: VGA device added: decodes=io+mem,owns=none,locks=none
2026-07-21T10:11:40.714813+02:00 HOST-REDACTED-A kernel: vgaarb: loaded
2026-07-21T10:11:40.714816+02:00 HOST-REDACTED-A kernel: hpet0: at MMIO 0xfed00000, IRQs 2, 8, 0
2026-07-21T10:11:40.714819+02:00 HOST-REDACTED-A kernel: hpet0: 3 comparators, 32-bit 14.318180 MHz counter
2026-07-21T10:11:40.714822+02:00 HOST-REDACTED-A kernel: clocksource: Switched to clocksource tsc-early
2026-07-21T10:11:40.714825+02:00 HOST-REDACTED-A kernel: VFS: Disk quotas dquot_6.6.0
2026-07-21T10:11:40.714829+02:00 HOST-REDACTED-A kernel: VFS: Dquot-cache hash table entries: 512 (order 0, 4096 bytes)
2026-07-21T10:11:40.714832+02:00 HOST-REDACTED-A kernel: pnp: PnP ACPI init
2026-07-21T10:11:40.714864+02:00 HOST-REDACTED-A kernel: system 00:00: [mem 0xe0000000-0xefffffff] has been reserved
2026-07-21T10:11:40.714895+02:00 HOST-REDACTED-A kernel: system 00:01: [mem 0x1000000000-0x107fffffff window] has been reserved
2026-07-21T10:11:40.714925+02:00 HOST-REDACTED-A kernel: system 00:03: [io  0x0290-0x029f] has been reserved
2026-07-21T10:11:40.714955+02:00 HOST-REDACTED-A kernel: system 00:03: [io  0x0200-0x023f] has been reserved
2026-07-21T10:11:40.714985+02:00 HOST-REDACTED-A kernel: system 00:04: [io  0x04d0-0x04d1] has been reserved
2026-07-21T10:11:40.715014+02:00 HOST-REDACTED-A kernel: system 00:04: [io  0x040b] has been reserved
2026-07-21T10:11:40.715044+02:00 HOST-REDACTED-A kernel: system 00:04: [io  0x04d6] has been reserved
2026-07-21T10:11:40.715073+02:00 HOST-REDACTED-A kernel: system 00:04: [io  0x0c00-0x0c01] has been reserved
2026-07-21T10:11:40.715102+02:00 HOST-REDACTED-A kernel: system 00:04: [io  0x0c14] has been reserved
2026-07-21T10:11:40.715131+02:00 HOST-REDACTED-A kernel: system 00:04: [io  0x0c50-0x0c51] has been reserved
2026-07-21T10:11:40.715161+02:00 HOST-REDACTED-A kernel: system 00:04: [io  0x0c52] has been reserved
2026-07-21T10:11:40.715190+02:00 HOST-REDACTED-A kernel: system 00:04: [io  0x0c6c] has been reserved
2026-07-21T10:11:40.715219+02:00 HOST-REDACTED-A kernel: system 00:04: [io  0x0c6f] has been reserved
2026-07-21T10:11:40.715248+02:00 HOST-REDACTED-A kernel: system 00:04: [io  0x0cd8-0x0cdf] has been reserved
2026-07-21T10:11:40.715277+02:00 HOST-REDACTED-A kernel: system 00:04: [io  0x0800-0x089f] has been reserved
2026-07-21T10:11:40.715306+02:00 HOST-REDACTED-A kernel: system 00:04: [io  0x0b00-0x0b0f] has been reserved
2026-07-21T10:11:40.715335+02:00 HOST-REDACTED-A kernel: system 00:04: [io  0x0b20-0x0b3f] has been reserved
2026-07-21T10:11:40.715364+02:00 HOST-REDACTED-A kernel: system 00:04: [io  0x0900-0x090f] has been reserved
2026-07-21T10:11:40.715393+02:00 HOST-REDACTED-A kernel: system 00:04: [io  0x0910-0x091f] has been reserved
2026-07-21T10:11:40.715422+02:00 HOST-REDACTED-A kernel: system 00:04: [mem 0xfedc0000-0xfedc0fff] has been reserved
2026-07-21T10:11:40.715452+02:00 HOST-REDACTED-A kernel: system 00:04: [mem 0xfee00000-0xfee00fff] has been reserved
2026-07-21T10:11:40.715482+02:00 HOST-REDACTED-A kernel: system 00:04: [mem 0xfec10000-0xfec10fff] has been reserved
2026-07-21T10:11:40.715510+02:00 HOST-REDACTED-A kernel: system 00:04: [mem 0xfeb00000-0xfeb00fff] has been reserved
2026-07-21T10:11:40.715540+02:00 HOST-REDACTED-A kernel: system 00:04: [mem 0xff000000-0xffffffff] has been reserved
2026-07-21T10:11:40.715544+02:00 HOST-REDACTED-A kernel: pnp: PnP ACPI: found 5 devices
2026-07-21T10:11:40.715548+02:00 HOST-REDACTED-A kernel: clocksource: acpi_pm: mask: 0xffffff max_cycles: 0xffffff, max_idle_ns: 2085701024 ns
2026-07-21T10:11:40.715551+02:00 HOST-REDACTED-A kernel: NET: Registered PF_INET protocol family
2026-07-21T10:11:40.715554+02:00 HOST-REDACTED-A kernel: IP idents hash table entries: 262144 (order: 9, 2097152 bytes, linear)
2026-07-21T10:11:40.715557+02:00 HOST-REDACTED-A kernel: tcp_listen_portaddr_hash hash table entries: 32768 (order: 7, 524288 bytes, linear)
2026-07-21T10:11:40.715560+02:00 HOST-REDACTED-A kernel: Table-perturb hash table entries: 65536 (order: 6, 262144 bytes, linear)
2026-07-21T10:11:40.715563+02:00 HOST-REDACTED-A kernel: TCP established hash table entries: 524288 (order: 10, 4194304 bytes, linear)
2026-07-21T10:11:40.715566+02:00 HOST-REDACTED-A kernel: TCP bind hash table entries: 65536 (order: 9, 2097152 bytes, linear)
2026-07-21T10:11:40.715569+02:00 HOST-REDACTED-A kernel: TCP: Hash tables configured (established 524288 bind 65536)
2026-07-21T10:11:40.715572+02:00 HOST-REDACTED-A kernel: MPTCP token hash table entries: 65536 (order: 8, 1572864 bytes, linear)
2026-07-21T10:11:40.715575+02:00 HOST-REDACTED-A kernel: UDP hash table entries: 32768 (order: 9, 2097152 bytes, linear)
2026-07-21T10:11:40.715578+02:00 HOST-REDACTED-A kernel: UDP-Lite hash table entries: 32768 (order: 9, 2097152 bytes, linear)
2026-07-21T10:11:40.715581+02:00 HOST-REDACTED-A kernel: NET: Registered PF_UNIX/PF_LOCAL protocol family
2026-07-21T10:11:40.715584+02:00 HOST-REDACTED-A kernel: NET: Registered PF_XDP protocol family
2026-07-21T10:11:40.715620+02:00 HOST-REDACTED-A kernel: pci 0000:0e:00.0: ROM [mem 0xdce00000-0xdcefffff pref]: can't claim; no compatible bridge window
2026-07-21T10:11:40.715658+02:00 HOST-REDACTED-A kernel: pci 0000:10:00.0: ROM [mem 0xdd000000-0xdd07ffff pref]: can't claim; no compatible bridge window
2026-07-21T10:11:40.715693+02:00 HOST-REDACTED-A kernel: pci 0000:12:00.0: ROM [mem 0xdd400000-0xdd47ffff pref]: can't claim; no compatible bridge window
2026-07-21T10:11:40.715729+02:00 HOST-REDACTED-A kernel: pci 0000:09:08.0: bridge window [mem 0x00100000-0x001fffff] to [bus 0e] add_size 100000 add_align 100000
2026-07-21T10:11:40.715763+02:00 HOST-REDACTED-A kernel: pci 0000:08:00.0: bridge window [mem 0x00100000-0x008fffff] to [bus 09-10] add_size 100000 add_align 100000
2026-07-21T10:11:40.715797+02:00 HOST-REDACTED-A kernel: pci 0000:06:08.0: bridge window [mem 0x00100000-0x008fffff] to [bus 08-10] add_size 100000 add_align 100000
2026-07-21T10:11:40.715830+02:00 HOST-REDACTED-A kernel: pci 0000:05:00.0: bridge window [mem 0x00100000-0x00bfffff] to [bus 06-12] add_size 100000 add_align 100000
2026-07-21T10:11:40.715862+02:00 HOST-REDACTED-A kernel: pci 0000:00:02.1: bridge window [mem 0x00100000-0x00bfffff] to [bus 05-12] add_size 100000 add_align 100000
2026-07-21T10:11:40.715893+02:00 HOST-REDACTED-A kernel: pci 0000:00:02.1: bridge window [mem 0xf2000000-0xf2bfffff]: assigned
2026-07-21T10:11:40.715928+02:00 HOST-REDACTED-A kernel: pci 0000:02:00.0: PCI bridge to [bus 03]
2026-07-21T10:11:40.715962+02:00 HOST-REDACTED-A kernel: pci 0000:02:00.0:   bridge window [io  0xf000-0xffff]
2026-07-21T10:11:40.715996+02:00 HOST-REDACTED-A kernel: pci 0000:02:00.0:   bridge window [mem 0xdde00000-0xddefffff]
2026-07-21T10:11:40.716030+02:00 HOST-REDACTED-A kernel: pci 0000:02:00.0:   bridge window [mem 0xf800000000-0xfc0fffffff 64bit pref]
2026-07-21T10:11:40.716064+02:00 HOST-REDACTED-A kernel: pci 0000:01:00.0: PCI bridge to [bus 02-03]
2026-07-21T10:11:40.716099+02:00 HOST-REDACTED-A kernel: pci 0000:01:00.0:   bridge window [io  0xf000-0xffff]
2026-07-21T10:11:40.716132+02:00 HOST-REDACTED-A kernel: pci 0000:01:00.0:   bridge window [mem 0xdde00000-0xddefffff]
2026-07-21T10:11:40.716164+02:00 HOST-REDACTED-A kernel: pci 0000:01:00.0:   bridge window [mem 0xf800000000-0xfc0fffffff 64bit pref]
2026-07-21T10:11:40.716196+02:00 HOST-REDACTED-A kernel: pci 0000:00:01.1: PCI bridge to [bus 01-03]
2026-07-21T10:11:40.716227+02:00 HOST-REDACTED-A kernel: pci 0000:00:01.1:   bridge window [io  0xf000-0xffff]
2026-07-21T10:11:40.716259+02:00 HOST-REDACTED-A kernel: pci 0000:00:01.1:   bridge window [mem 0xdde00000-0xddffffff]
2026-07-21T10:11:40.716291+02:00 HOST-REDACTED-A kernel: pci 0000:00:01.1:   bridge window [mem 0xf800000000-0xfc0fffffff 64bit pref]
2026-07-21T10:11:40.716322+02:00 HOST-REDACTED-A kernel: pci 0000:00:01.2: PCI bridge to [bus 04]
2026-07-21T10:11:40.716354+02:00 HOST-REDACTED-A kernel: pci 0000:00:01.2:   bridge window [mem 0xde100000-0xde1fffff]
2026-07-21T10:11:40.716386+02:00 HOST-REDACTED-A kernel: pci 0000:05:00.0: bridge window [mem 0xf2000000-0xf2bfffff]: assigned
2026-07-21T10:11:40.716420+02:00 HOST-REDACTED-A kernel: pci 0000:06:00.0: bridge window [mem 0xf2000000-0xf20fffff]: assigned
2026-07-21T10:11:40.716454+02:00 HOST-REDACTED-A kernel: pci 0000:06:08.0: bridge window [mem 0xf2100000-0xf29fffff]: assigned
2026-07-21T10:11:40.716487+02:00 HOST-REDACTED-A kernel: pci 0000:06:0c.0: bridge window [mem 0xf2a00000-0xf2afffff]: assigned
2026-07-21T10:11:40.716521+02:00 HOST-REDACTED-A kernel: pci 0000:06:0d.0: bridge window [mem 0xf2b00000-0xf2bfffff]: assigned
2026-07-21T10:11:40.716557+02:00 HOST-REDACTED-A kernel: pci 0000:07:00.0: BAR 0 [mem 0xf2000000-0xf2003fff 64bit]: assigned
2026-07-21T10:11:40.716590+02:00 HOST-REDACTED-A kernel: pci 0000:06:00.0: PCI bridge to [bus 07]
2026-07-21T10:11:40.716624+02:00 HOST-REDACTED-A kernel: pci 0000:06:00.0:   bridge window [mem 0xf2000000-0xf20fffff]
2026-07-21T10:11:40.716659+02:00 HOST-REDACTED-A kernel: pci 0000:08:00.0: bridge window [mem 0xf2100000-0xf29fffff]: assigned
2026-07-21T10:11:40.716694+02:00 HOST-REDACTED-A kernel: pci 0000:09:00.0: bridge window [mem 0xf2100000-0xf21fffff]: assigned
2026-07-21T10:11:40.716729+02:00 HOST-REDACTED-A kernel: pci 0000:09:04.0: bridge window [mem 0xf2200000-0xf24fffff]: assigned
2026-07-21T10:11:40.716765+02:00 HOST-REDACTED-A kernel: pci 0000:09:06.0: bridge window [mem 0xf2500000-0xf25fffff]: assigned
2026-07-21T10:11:40.716800+02:00 HOST-REDACTED-A kernel: pci 0000:09:08.0: bridge window [mem 0xf2600000-0xf27fffff]: assigned
2026-07-21T10:11:40.716835+02:00 HOST-REDACTED-A kernel: pci 0000:09:0c.0: bridge window [mem 0xf2800000-0xf28fffff]: assigned
2026-07-21T10:11:40.716871+02:00 HOST-REDACTED-A kernel: pci 0000:09:0d.0: bridge window [mem 0xf2900000-0xf29fffff]: assigned
2026-07-21T10:11:40.716907+02:00 HOST-REDACTED-A kernel: pci 0000:0a:00.0: BAR 0 [mem 0xf2100000-0xf2103fff 64bit]: assigned
2026-07-21T10:11:40.716944+02:00 HOST-REDACTED-A kernel: pci 0000:09:00.0: PCI bridge to [bus 0a]
2026-07-21T10:11:40.716980+02:00 HOST-REDACTED-A kernel: pci 0000:09:00.0:   bridge window [mem 0xf2100000-0xf21fffff]
2026-07-21T10:11:40.717017+02:00 HOST-REDACTED-A kernel: pci 0000:0b:00.0: BAR 0 [mem 0xf2200000-0xf23fffff 64bit]: assigned
2026-07-21T10:11:40.717053+02:00 HOST-REDACTED-A kernel: pci 0000:0b:00.0: BAR 2 [mem 0xf2400000-0xf2407fff 64bit]: assigned
2026-07-21T10:11:40.717089+02:00 HOST-REDACTED-A kernel: pci 0000:09:04.0: PCI bridge to [bus 0b]
2026-07-21T10:11:40.717124+02:00 HOST-REDACTED-A kernel: pci 0000:09:04.0:   bridge window [mem 0xf2200000-0xf24fffff]
2026-07-21T10:11:40.717160+02:00 HOST-REDACTED-A kernel: pci 0000:0c:00.0: BAR 2 [mem 0xf2500000-0xf250ffff 64bit]: assigned
2026-07-21T10:11:40.717196+02:00 HOST-REDACTED-A kernel: pci 0000:0c:00.0: BAR 4 [mem 0xf2510000-0xf2513fff 64bit]: assigned
2026-07-21T10:11:40.717232+02:00 HOST-REDACTED-A kernel: pci 0000:09:06.0: PCI bridge to [bus 0c]
2026-07-21T10:11:40.717267+02:00 HOST-REDACTED-A kernel: pci 0000:09:06.0:   bridge window [io  0xe000-0xefff]
2026-07-21T10:11:40.717304+02:00 HOST-REDACTED-A kernel: pci 0000:09:06.0:   bridge window [mem 0xf2500000-0xf25fffff]
2026-07-21T10:11:40.717340+02:00 HOST-REDACTED-A kernel: pci 0000:09:07.0: PCI bridge to [bus 0d]
2026-07-21T10:11:40.717376+02:00 HOST-REDACTED-A kernel: pci 0000:0e:00.0: BAR 0 [mem 0xf2600000-0xf26fffff 64bit]: assigned
2026-07-21T10:11:40.717412+02:00 HOST-REDACTED-A kernel: pci 0000:0e:00.0: ROM [mem 0xf2700000-0xf27fffff pref]: assigned
2026-07-21T10:11:40.717447+02:00 HOST-REDACTED-A kernel: pci 0000:09:08.0: PCI bridge to [bus 0e]
2026-07-21T10:11:40.717482+02:00 HOST-REDACTED-A kernel: pci 0000:09:08.0:   bridge window [mem 0xf2600000-0xf27fffff]
2026-07-21T10:11:40.717518+02:00 HOST-REDACTED-A kernel: pci 0000:09:08.0:   bridge window [mem 0xfc30000000-0xfc307fffff 64bit pref]
2026-07-21T10:11:40.717564+02:00 HOST-REDACTED-A kernel: pci 0000:0f:00.0: BAR 0 [mem 0xf2800000-0xf2807fff 64bit]: assigned
2026-07-21T10:11:40.717602+02:00 HOST-REDACTED-A kernel: pci 0000:09:0c.0: PCI bridge to [bus 0f]
2026-07-21T10:11:40.717637+02:00 HOST-REDACTED-A kernel: pci 0000:09:0c.0:   bridge window [mem 0xf2800000-0xf28fffff]
2026-07-21T10:11:40.717673+02:00 HOST-REDACTED-A kernel: pci 0000:10:00.0: ROM [mem 0xf2900000-0xf297ffff pref]: assigned
2026-07-21T10:11:40.717710+02:00 HOST-REDACTED-A kernel: pci 0000:10:00.0: BAR 5 [mem 0xf2980000-0xf29803ff]: assigned
2026-07-21T10:11:40.717746+02:00 HOST-REDACTED-A kernel: pci 0000:09:0d.0: PCI bridge to [bus 10]
2026-07-21T10:11:40.717781+02:00 HOST-REDACTED-A kernel: pci 0000:09:0d.0:   bridge window [mem 0xf2900000-0xf29fffff]
2026-07-21T10:11:40.717816+02:00 HOST-REDACTED-A kernel: pci 0000:08:00.0: PCI bridge to [bus 09-10]
2026-07-21T10:11:40.717851+02:00 HOST-REDACTED-A kernel: pci 0000:08:00.0:   bridge window [io  0xe000-0xefff]
2026-07-21T10:11:40.717886+02:00 HOST-REDACTED-A kernel: pci 0000:08:00.0:   bridge window [mem 0xf2100000-0xf29fffff]
2026-07-21T10:11:40.717921+02:00 HOST-REDACTED-A kernel: pci 0000:08:00.0:   bridge window [mem 0xfc30000000-0xfc307fffff 64bit pref]
2026-07-21T10:11:40.717957+02:00 HOST-REDACTED-A kernel: pci 0000:06:08.0: PCI bridge to [bus 08-10]
2026-07-21T10:11:40.717991+02:00 HOST-REDACTED-A kernel: pci 0000:06:08.0:   bridge window [io  0xe000-0xefff]
2026-07-21T10:11:40.718025+02:00 HOST-REDACTED-A kernel: pci 0000:06:08.0:   bridge window [mem 0xf2100000-0xf29fffff]
2026-07-21T10:11:40.718059+02:00 HOST-REDACTED-A kernel: pci 0000:06:08.0:   bridge window [mem 0xfc30000000-0xfc307fffff 64bit pref]
2026-07-21T10:11:40.718093+02:00 HOST-REDACTED-A kernel: pci 0000:11:00.0: BAR 0 [mem 0xf2a00000-0xf2a07fff 64bit]: assigned
2026-07-21T10:11:40.718127+02:00 HOST-REDACTED-A kernel: pci 0000:06:0c.0: PCI bridge to [bus 11]
2026-07-21T10:11:40.718161+02:00 HOST-REDACTED-A kernel: pci 0000:06:0c.0:   bridge window [mem 0xf2a00000-0xf2afffff]
2026-07-21T10:11:40.718196+02:00 HOST-REDACTED-A kernel: pci 0000:12:00.0: ROM [mem 0xf2b00000-0xf2b7ffff pref]: assigned
2026-07-21T10:11:40.718231+02:00 HOST-REDACTED-A kernel: pci 0000:12:00.0: BAR 5 [mem 0xf2b80000-0xf2b803ff]: assigned
2026-07-21T10:11:40.718264+02:00 HOST-REDACTED-A kernel: pci 0000:06:0d.0: PCI bridge to [bus 12]
2026-07-21T10:11:40.718297+02:00 HOST-REDACTED-A kernel: pci 0000:06:0d.0:   bridge window [mem 0xf2b00000-0xf2bfffff]
2026-07-21T10:11:40.718329+02:00 HOST-REDACTED-A kernel: pci 0000:05:00.0: PCI bridge to [bus 06-12]
2026-07-21T10:11:40.718364+02:00 HOST-REDACTED-A kernel: pci 0000:05:00.0:   bridge window [io  0xe000-0xefff]
2026-07-21T10:11:40.718397+02:00 HOST-REDACTED-A kernel: pci 0000:05:00.0:   bridge window [mem 0xf2000000-0xf2bfffff]
2026-07-21T10:11:40.718430+02:00 HOST-REDACTED-A kernel: pci 0000:05:00.0:   bridge window [mem 0xfc30000000-0xfc307fffff 64bit pref]
2026-07-21T10:11:40.718461+02:00 HOST-REDACTED-A kernel: pci 0000:00:02.1: PCI bridge to [bus 05-12]
2026-07-21T10:11:40.718492+02:00 HOST-REDACTED-A kernel: pci 0000:00:02.1:   bridge window [io  0xe000-0xefff]
2026-07-21T10:11:40.718523+02:00 HOST-REDACTED-A kernel: pci 0000:00:02.1:   bridge window [mem 0xf2000000-0xf2bfffff]
2026-07-21T10:11:40.718557+02:00 HOST-REDACTED-A kernel: pci 0000:00:02.1:   bridge window [mem 0xfc30000000-0xfc307fffff 64bit pref]
2026-07-21T10:11:40.718591+02:00 HOST-REDACTED-A kernel: pci 0000:14:00.0: PCI bridge to [bus 19-48]
2026-07-21T10:11:40.718624+02:00 HOST-REDACTED-A kernel: pci 0000:14:00.0:   bridge window [io  0x7000-0x9fff]
2026-07-21T10:11:40.718657+02:00 HOST-REDACTED-A kernel: pci 0000:14:00.0:   bridge window [mem 0xac000000-0xc3ffffff]
2026-07-21T10:11:40.718691+02:00 HOST-REDACTED-A kernel: pci 0000:14:00.0:   bridge window [mem 0xb800000000-0xd7ffffffff 64bit pref]
2026-07-21T10:11:40.718725+02:00 HOST-REDACTED-A kernel: pci 0000:14:01.0: PCI bridge to [bus 49-78]
2026-07-21T10:11:40.718758+02:00 HOST-REDACTED-A kernel: pci 0000:14:01.0:   bridge window [io  0xa000-0xcfff]
2026-07-21T10:11:40.718792+02:00 HOST-REDACTED-A kernel: pci 0000:14:01.0:   bridge window [mem 0xc4000000-0xdbffffff]
2026-07-21T10:11:40.718825+02:00 HOST-REDACTED-A kernel: pci 0000:14:01.0:   bridge window [mem 0xd800000000-0xf7ffffffff 64bit pref]
2026-07-21T10:11:40.718858+02:00 HOST-REDACTED-A kernel: pci 0000:14:02.0: PCI bridge to [bus 79]
2026-07-21T10:11:40.718892+02:00 HOST-REDACTED-A kernel: pci 0000:14:02.0:   bridge window [mem 0xdc000000-0xdc3fffff]
2026-07-21T10:11:40.718925+02:00 HOST-REDACTED-A kernel: pci 0000:14:03.0: PCI bridge to [bus 7a]
2026-07-21T10:11:40.718959+02:00 HOST-REDACTED-A kernel: pci 0000:14:03.0:   bridge window [mem 0xdc400000-0xdc7fffff]
2026-07-21T10:11:40.718992+02:00 HOST-REDACTED-A kernel: pci 0000:13:00.0: PCI bridge to [bus 14-7a]
2026-07-21T10:11:40.719024+02:00 HOST-REDACTED-A kernel: pci 0000:13:00.0:   bridge window [io  0x7000-0xcfff]
2026-07-21T10:11:40.719057+02:00 HOST-REDACTED-A kernel: pci 0000:13:00.0:   bridge window [mem 0xac000000-0xdc7fffff]
2026-07-21T10:11:40.719089+02:00 HOST-REDACTED-A kernel: pci 0000:13:00.0:   bridge window [mem 0xb800000000-0xf7ffffffff 64bit pref]
2026-07-21T10:11:40.719121+02:00 HOST-REDACTED-A kernel: pci 0000:00:02.2: PCI bridge to [bus 13-7a]
2026-07-21T10:11:40.719153+02:00 HOST-REDACTED-A kernel: pci 0000:00:02.2:   bridge window [io  0x7000-0xcfff]
2026-07-21T10:11:40.719184+02:00 HOST-REDACTED-A kernel: pci 0000:00:02.2:   bridge window [mem 0xac000000-0xdc7fffff]
2026-07-21T10:11:40.719216+02:00 HOST-REDACTED-A kernel: pci 0000:00:02.2:   bridge window [mem 0xb800000000-0xf7ffffffff 64bit pref]
2026-07-21T10:11:40.719247+02:00 HOST-REDACTED-A kernel: pci 0000:00:08.1: PCI bridge to [bus 7b]
2026-07-21T10:11:40.719279+02:00 HOST-REDACTED-A kernel: pci 0000:00:08.1:   bridge window [io  0xd000-0xdfff]
2026-07-21T10:11:40.719310+02:00 HOST-REDACTED-A kernel: pci 0000:00:08.1:   bridge window [mem 0xdd800000-0xdddfffff]
2026-07-21T10:11:40.719342+02:00 HOST-REDACTED-A kernel: pci 0000:00:08.1:   bridge window [mem 0xfc20000000-0xfc2fffffff 64bit pref]
2026-07-21T10:11:40.719373+02:00 HOST-REDACTED-A kernel: pci 0000:00:08.3: PCI bridge to [bus 7c]
2026-07-21T10:11:40.719405+02:00 HOST-REDACTED-A kernel: pci 0000:00:08.3:   bridge window [mem 0xde000000-0xde0fffff]
2026-07-21T10:11:40.719435+02:00 HOST-REDACTED-A kernel: pci_bus 0000:00: resource 4 [io  0x0000-0x03af window]
2026-07-21T10:11:40.719463+02:00 HOST-REDACTED-A kernel: pci_bus 0000:00: resource 5 [io  0x03e0-0x0cf7 window]
2026-07-21T10:11:40.719491+02:00 HOST-REDACTED-A kernel: pci_bus 0000:00: resource 6 [io  0x03b0-0x03df window]
2026-07-21T10:11:40.719519+02:00 HOST-REDACTED-A kernel: pci_bus 0000:00: resource 7 [io  0x0d00-0xffff window]
2026-07-21T10:11:40.719550+02:00 HOST-REDACTED-A kernel: pci_bus 0000:00: resource 8 [mem 0x000a0000-0x000dffff window]
2026-07-21T10:11:40.719578+02:00 HOST-REDACTED-A kernel: pci_bus 0000:00: resource 9 [mem 0xf2000000-0xf6ffffff window]
2026-07-21T10:11:40.719606+02:00 HOST-REDACTED-A kernel: pci_bus 0000:00: resource 10 [mem 0xf0000000-0xf1ffffff window]
2026-07-21T10:11:40.719634+02:00 HOST-REDACTED-A kernel: pci_bus 0000:00: resource 11 [mem 0x80000000-0xdfffffff window]
2026-07-21T10:11:40.719662+02:00 HOST-REDACTED-A kernel: pci_bus 0000:00: resource 12 [mem 0x1080000000-0xfcffffffff window]
2026-07-21T10:11:40.719695+02:00 HOST-REDACTED-A kernel: pci_bus 0000:01: resource 0 [io  0xf000-0xffff]
2026-07-21T10:11:40.719726+02:00 HOST-REDACTED-A kernel: pci_bus 0000:01: resource 1 [mem 0xdde00000-0xddffffff]
2026-07-21T10:11:40.719755+02:00 HOST-REDACTED-A kernel: pci_bus 0000:01: resource 2 [mem 0xf800000000-0xfc0fffffff 64bit pref]
2026-07-21T10:11:40.719788+02:00 HOST-REDACTED-A kernel: pci_bus 0000:02: resource 0 [io  0xf000-0xffff]
2026-07-21T10:11:40.719819+02:00 HOST-REDACTED-A kernel: pci_bus 0000:02: resource 1 [mem 0xdde00000-0xddefffff]
2026-07-21T10:11:40.719850+02:00 HOST-REDACTED-A kernel: pci_bus 0000:02: resource 2 [mem 0xf800000000-0xfc0fffffff 64bit pref]
2026-07-21T10:11:40.719884+02:00 HOST-REDACTED-A kernel: pci_bus 0000:03: resource 0 [io  0xf000-0xffff]
2026-07-21T10:11:40.719915+02:00 HOST-REDACTED-A kernel: pci_bus 0000:03: resource 1 [mem 0xdde00000-0xddefffff]
2026-07-21T10:11:40.719947+02:00 HOST-REDACTED-A kernel: pci_bus 0000:03: resource 2 [mem 0xf800000000-0xfc0fffffff 64bit pref]
2026-07-21T10:11:40.719978+02:00 HOST-REDACTED-A kernel: pci_bus 0000:04: resource 1 [mem 0xde100000-0xde1fffff]
2026-07-21T10:11:40.720012+02:00 HOST-REDACTED-A kernel: pci_bus 0000:05: resource 0 [io  0xe000-0xefff]
2026-07-21T10:11:40.720042+02:00 HOST-REDACTED-A kernel: pci_bus 0000:05: resource 1 [mem 0xf2000000-0xf2bfffff]
2026-07-21T10:11:40.720071+02:00 HOST-REDACTED-A kernel: pci_bus 0000:05: resource 2 [mem 0xfc30000000-0xfc307fffff 64bit pref]
2026-07-21T10:11:40.720103+02:00 HOST-REDACTED-A kernel: pci_bus 0000:06: resource 0 [io  0xe000-0xefff]
2026-07-21T10:11:40.720134+02:00 HOST-REDACTED-A kernel: pci_bus 0000:06: resource 1 [mem 0xf2000000-0xf2bfffff]
2026-07-21T10:11:40.720165+02:00 HOST-REDACTED-A kernel: pci_bus 0000:06: resource 2 [mem 0xfc30000000-0xfc307fffff 64bit pref]
2026-07-21T10:11:40.720198+02:00 HOST-REDACTED-A kernel: pci_bus 0000:07: resource 1 [mem 0xf2000000-0xf20fffff]
2026-07-21T10:11:40.720232+02:00 HOST-REDACTED-A kernel: pci_bus 0000:08: resource 0 [io  0xe000-0xefff]
2026-07-21T10:11:40.720263+02:00 HOST-REDACTED-A kernel: pci_bus 0000:08: resource 1 [mem 0xf2100000-0xf29fffff]
2026-07-21T10:11:40.720294+02:00 HOST-REDACTED-A kernel: pci_bus 0000:08: resource 2 [mem 0xfc30000000-0xfc307fffff 64bit pref]
2026-07-21T10:11:40.720329+02:00 HOST-REDACTED-A kernel: pci_bus 0000:09: resource 0 [io  0xe000-0xefff]
2026-07-21T10:11:40.720362+02:00 HOST-REDACTED-A kernel: pci_bus 0000:09: resource 1 [mem 0xf2100000-0xf29fffff]
2026-07-21T10:11:40.720394+02:00 HOST-REDACTED-A kernel: pci_bus 0000:09: resource 2 [mem 0xfc30000000-0xfc307fffff 64bit pref]
2026-07-21T10:11:40.720430+02:00 HOST-REDACTED-A kernel: pci_bus 0000:0a: resource 1 [mem 0xf2100000-0xf21fffff]
2026-07-21T10:11:40.720465+02:00 HOST-REDACTED-A kernel: pci_bus 0000:0b: resource 1 [mem 0xf2200000-0xf24fffff]
2026-07-21T10:11:40.720500+02:00 HOST-REDACTED-A kernel: pci_bus 0000:0c: resource 0 [io  0xe000-0xefff]
2026-07-21T10:11:40.720535+02:00 HOST-REDACTED-A kernel: pci_bus 0000:0c: resource 1 [mem 0xf2500000-0xf25fffff]
2026-07-21T10:11:40.720571+02:00 HOST-REDACTED-A kernel: pci_bus 0000:0e: resource 1 [mem 0xf2600000-0xf27fffff]
2026-07-21T10:11:40.720605+02:00 HOST-REDACTED-A kernel: pci_bus 0000:0e: resource 2 [mem 0xfc30000000-0xfc307fffff 64bit pref]
2026-07-21T10:11:40.720640+02:00 HOST-REDACTED-A kernel: pci_bus 0000:0f: resource 1 [mem 0xf2800000-0xf28fffff]
2026-07-21T10:11:40.720675+02:00 HOST-REDACTED-A kernel: pci_bus 0000:10: resource 1 [mem 0xf2900000-0xf29fffff]
2026-07-21T10:11:40.720710+02:00 HOST-REDACTED-A kernel: pci_bus 0000:11: resource 1 [mem 0xf2a00000-0xf2afffff]
2026-07-21T10:11:40.720744+02:00 HOST-REDACTED-A kernel: pci_bus 0000:12: resource 1 [mem 0xf2b00000-0xf2bfffff]
2026-07-21T10:11:40.720775+02:00 HOST-REDACTED-A kernel: pci_bus 0000:13: resource 0 [io  0x7000-0xcfff]
2026-07-21T10:11:40.720806+02:00 HOST-REDACTED-A kernel: pci_bus 0000:13: resource 1 [mem 0xac000000-0xdc7fffff]
2026-07-21T10:11:40.720836+02:00 HOST-REDACTED-A kernel: pci_bus 0000:13: resource 2 [mem 0xb800000000-0xf7ffffffff 64bit pref]
2026-07-21T10:11:40.720870+02:00 HOST-REDACTED-A kernel: pci_bus 0000:14: resource 0 [io  0x7000-0xcfff]
2026-07-21T10:11:40.720901+02:00 HOST-REDACTED-A kernel: pci_bus 0000:14: resource 1 [mem 0xac000000-0xdc7fffff]
2026-07-21T10:11:40.720931+02:00 HOST-REDACTED-A kernel: pci_bus 0000:14: resource 2 [mem 0xb800000000-0xf7ffffffff 64bit pref]
2026-07-21T10:11:40.720968+02:00 HOST-REDACTED-A kernel: pci_bus 0000:19: resource 0 [io  0x7000-0x9fff]
2026-07-21T10:11:40.721000+02:00 HOST-REDACTED-A kernel: pci_bus 0000:19: resource 1 [mem 0xac000000-0xc3ffffff]
2026-07-21T10:11:40.721033+02:00 HOST-REDACTED-A kernel: pci_bus 0000:19: resource 2 [mem 0xb800000000-0xd7ffffffff 64bit pref]
2026-07-21T10:11:40.721069+02:00 HOST-REDACTED-A kernel: pci_bus 0000:49: resource 0 [io  0xa000-0xcfff]
2026-07-21T10:11:40.721100+02:00 HOST-REDACTED-A kernel: pci_bus 0000:49: resource 1 [mem 0xc4000000-0xdbffffff]
2026-07-21T10:11:40.721131+02:00 HOST-REDACTED-A kernel: pci_bus 0000:49: resource 2 [mem 0xd800000000-0xf7ffffffff 64bit pref]
2026-07-21T10:11:40.721165+02:00 HOST-REDACTED-A kernel: pci_bus 0000:79: resource 1 [mem 0xdc000000-0xdc3fffff]
2026-07-21T10:11:40.721200+02:00 HOST-REDACTED-A kernel: pci_bus 0000:7a: resource 1 [mem 0xdc400000-0xdc7fffff]
2026-07-21T10:11:40.721232+02:00 HOST-REDACTED-A kernel: pci_bus 0000:7b: resource 0 [io  0xd000-0xdfff]
2026-07-21T10:11:40.721262+02:00 HOST-REDACTED-A kernel: pci_bus 0000:7b: resource 1 [mem 0xdd800000-0xdddfffff]
2026-07-21T10:11:40.721291+02:00 HOST-REDACTED-A kernel: pci_bus 0000:7b: resource 2 [mem 0xfc20000000-0xfc2fffffff 64bit pref]
2026-07-21T10:11:40.721323+02:00 HOST-REDACTED-A kernel: pci_bus 0000:7c: resource 1 [mem 0xde000000-0xde0fffff]
2026-07-21T10:11:40.721359+02:00 HOST-REDACTED-A kernel: pci 0000:03:00.1: D0 power state depends on 0000:03:00.0
2026-07-21T10:11:40.721393+02:00 HOST-REDACTED-A kernel: pci 0000:7b:00.1: D0 power state depends on 0000:7b:00.0
2026-07-21T10:11:40.721396+02:00 HOST-REDACTED-A kernel: PCI: CLS 64 bytes, default 64
2026-07-21T10:11:40.721400+02:00 HOST-REDACTED-A kernel: PCI-DMA: Using software bounce buffering for IO (SWIOTLB)
2026-07-21T10:11:40.721403+02:00 HOST-REDACTED-A kernel: software IO TLB: mapped [mem 0x000000005f4ac000-0x00000000634ac000] (64MB)
2026-07-21T10:11:40.721406+02:00 HOST-REDACTED-A kernel: Trying to unpack rootfs image as initramfs...
2026-07-21T10:11:40.721409+02:00 HOST-REDACTED-A kernel: LVT offset 0 assigned for vector 0x400
2026-07-21T10:11:40.721412+02:00 HOST-REDACTED-A kernel: perf: AMD IBS detected (0x00081bff)
2026-07-21T10:11:40.721415+02:00 HOST-REDACTED-A kernel: Initialise system trusted keyrings
2026-07-21T10:11:40.721418+02:00 HOST-REDACTED-A kernel: Key type blacklist registered
2026-07-21T10:11:40.721421+02:00 HOST-REDACTED-A kernel: workingset: timestamp_bits=36 max_order=24 bucket_order=0
2026-07-21T10:11:40.721424+02:00 HOST-REDACTED-A kernel: fuse: init (API version 7.44)
2026-07-21T10:11:40.721427+02:00 HOST-REDACTED-A kernel: integrity: Platform Keyring initialized
2026-07-21T10:11:40.721431+02:00 HOST-REDACTED-A kernel: integrity: Machine keyring initialized
2026-07-21T10:11:40.721434+02:00 HOST-REDACTED-A kernel: xor: automatically using best checksumming function   avx       
2026-07-21T10:11:40.721437+02:00 HOST-REDACTED-A kernel: Key type asymmetric registered
2026-07-21T10:11:40.721440+02:00 HOST-REDACTED-A kernel: Asymmetric key parser 'x509' registered
2026-07-21T10:11:40.721442+02:00 HOST-REDACTED-A kernel: Block layer SCSI generic (bsg) driver version 0.4 loaded (major 247)
2026-07-21T10:11:40.721445+02:00 HOST-REDACTED-A kernel: io scheduler mq-deadline registered
2026-07-21T10:11:40.721448+02:00 HOST-REDACTED-A kernel: io scheduler kyber registered
2026-07-21T10:11:40.721451+02:00 HOST-REDACTED-A kernel: io scheduler bfq registered
2026-07-21T10:11:40.721454+02:00 HOST-REDACTED-A kernel: ledtrig-cpu: registered to indicate activity on CPUs
2026-07-21T10:11:40.721486+02:00 HOST-REDACTED-A kernel: pcieport 0000:00:01.1: PME: Signaling with IRQ 27
2026-07-21T10:11:40.721520+02:00 HOST-REDACTED-A kernel: pcieport 0000:00:01.2: PME: Signaling with IRQ 28
2026-07-21T10:11:40.721554+02:00 HOST-REDACTED-A kernel: pcieport 0000:00:02.1: PME: Signaling with IRQ 29
2026-07-21T10:11:40.721587+02:00 HOST-REDACTED-A kernel: pcieport 0000:00:02.2: PME: Signaling with IRQ 30
2026-07-21T10:11:40.721618+02:00 HOST-REDACTED-A kernel: pcieport 0000:00:08.1: PME: Signaling with IRQ 31
2026-07-21T10:11:40.721650+02:00 HOST-REDACTED-A kernel: pcieport 0000:00:08.3: PME: Signaling with IRQ 32
2026-07-21T10:11:40.721684+02:00 HOST-REDACTED-A kernel: pcieport 0000:14:00.0: pciehp: Slot #0 AttnBtn- PwrCtrl- MRL- AttnInd- PwrInd- HotPlug+ Surprise+ Interlock- NoCompl+ IbPresDis- LLActRep+
2026-07-21T10:11:40.721718+02:00 HOST-REDACTED-A kernel: pcieport 0000:14:01.0: pciehp: Slot #0 AttnBtn- PwrCtrl- MRL- AttnInd- PwrInd- HotPlug+ Surprise+ Interlock- NoCompl+ IbPresDis- LLActRep+
2026-07-21T10:11:40.721722+02:00 HOST-REDACTED-A kernel: input: Power Button as /devices/LNXSYSTM:00/LNXSYBUS:00/PNP0C0C:00/input/input0
2026-07-21T10:11:40.721725+02:00 HOST-REDACTED-A kernel: ACPI: button: Power Button [PWRB]
2026-07-21T10:11:40.721728+02:00 HOST-REDACTED-A kernel: input: Power Button as /devices/LNXSYSTM:00/LNXPWRBN:00/input/input1
2026-07-21T10:11:40.721731+02:00 HOST-REDACTED-A kernel: ACPI: button: Power Button [PWRF]
2026-07-21T10:11:40.721734+02:00 HOST-REDACTED-A kernel: Monitor-Mwait will be used to enter C-1 state
2026-07-21T10:11:40.721737+02:00 HOST-REDACTED-A kernel: Estimated ratio of average max frequency by base frequency (times 1024): 1086
2026-07-21T10:11:40.721740+02:00 HOST-REDACTED-A kernel: Serial: 8250/16550 driver, 32 ports, IRQ sharing enabled
2026-07-21T10:11:40.721744+02:00 HOST-REDACTED-A kernel: serial8250: ttyS0 at I/O 0x3f8 (irq = 4, base_baud = 115200) is a 16550A
2026-07-21T10:11:40.721747+02:00 HOST-REDACTED-A kernel: Non-volatile memory driver v1.3
2026-07-21T10:11:40.721749+02:00 HOST-REDACTED-A kernel: Linux agpgart interface v0.103
2026-07-21T10:11:40.721753+02:00 HOST-REDACTED-A kernel: ACPI: bus type drm_connector registered
2026-07-21T10:11:40.721789+02:00 HOST-REDACTED-A kernel: ahci 0000:10:00.0: enabling device (0000 -> 0002)
2026-07-21T10:11:40.721825+02:00 HOST-REDACTED-A kernel: ahci 0000:10:00.0: SSS flag set, parallel bus scan disabled
2026-07-21T10:11:40.721862+02:00 HOST-REDACTED-A kernel: ahci 0000:10:00.0: AHCI vers 0001.0301, 32 command slots, 6 Gbps, SATA mode
2026-07-21T10:11:40.721900+02:00 HOST-REDACTED-A kernel: ahci 0000:10:00.0: 4/6 ports implemented (port mask 0xf)
2026-07-21T10:11:40.721937+02:00 HOST-REDACTED-A kernel: ahci 0000:10:00.0: flags: 64bit ncq sntf stag pm led clo only pmp pio slum part sxs deso sadm sds apst 
2026-07-21T10:11:40.721977+02:00 HOST-REDACTED-A kernel: scsi host0: ahci
2026-07-21T10:11:40.722015+02:00 HOST-REDACTED-A kernel: scsi host1: ahci
2026-07-21T10:11:40.722052+02:00 HOST-REDACTED-A kernel: scsi host2: ahci
2026-07-21T10:11:40.722090+02:00 HOST-REDACTED-A kernel: scsi host3: ahci
2026-07-21T10:11:40.722127+02:00 HOST-REDACTED-A kernel: scsi host4: ahci
2026-07-21T10:11:40.722164+02:00 HOST-REDACTED-A kernel: scsi host5: ahci
2026-07-21T10:11:40.722168+02:00 HOST-REDACTED-A kernel: ata1: SATA max UDMA/133 abar m1024@0xf2980000 port 0xf2980100 irq 46 lpm-pol 3
2026-07-21T10:11:40.722171+02:00 HOST-REDACTED-A kernel: ata2: SATA max UDMA/133 abar m1024@0xf2980000 port 0xf2980180 irq 46 lpm-pol 3
2026-07-21T10:11:40.722175+02:00 HOST-REDACTED-A kernel: ata3: SATA max UDMA/133 abar m1024@0xf2980000 port 0xf2980200 irq 46 lpm-pol 3
2026-07-21T10:11:40.722178+02:00 HOST-REDACTED-A kernel: ata4: SATA max UDMA/133 abar m1024@0xf2980000 port 0xf2980280 irq 46 lpm-pol 3
2026-07-21T10:11:40.722180+02:00 HOST-REDACTED-A kernel: ata5: DUMMY
2026-07-21T10:11:40.722183+02:00 HOST-REDACTED-A kernel: ata6: DUMMY
2026-07-21T10:11:40.722219+02:00 HOST-REDACTED-A kernel: ahci 0000:12:00.0: enabling device (0000 -> 0002)
2026-07-21T10:11:40.722254+02:00 HOST-REDACTED-A kernel: ahci 0000:12:00.0: SSS flag set, parallel bus scan disabled
2026-07-21T10:11:40.722289+02:00 HOST-REDACTED-A kernel: ahci 0000:12:00.0: AHCI vers 0001.0301, 32 command slots, 6 Gbps, SATA mode
2026-07-21T10:11:40.722324+02:00 HOST-REDACTED-A kernel: ahci 0000:12:00.0: 4/6 ports implemented (port mask 0xf)
2026-07-21T10:11:40.722359+02:00 HOST-REDACTED-A kernel: ahci 0000:12:00.0: flags: 64bit ncq sntf stag pm led clo only pmp pio slum part sxs deso sadm sds apst 
2026-07-21T10:11:40.722394+02:00 HOST-REDACTED-A kernel: scsi host6: ahci
2026-07-21T10:11:40.722429+02:00 HOST-REDACTED-A kernel: scsi host7: ahci
2026-07-21T10:11:40.722465+02:00 HOST-REDACTED-A kernel: scsi host8: ahci
2026-07-21T10:11:40.722500+02:00 HOST-REDACTED-A kernel: scsi host9: ahci
2026-07-21T10:11:40.722537+02:00 HOST-REDACTED-A kernel: scsi host10: ahci
2026-07-21T10:11:40.722574+02:00 HOST-REDACTED-A kernel: scsi host11: ahci
2026-07-21T10:11:40.722579+02:00 HOST-REDACTED-A kernel: ata7: SATA max UDMA/133 abar m1024@0xf2b80000 port 0xf2b80100 irq 47 lpm-pol 3
2026-07-21T10:11:40.722582+02:00 HOST-REDACTED-A kernel: ata8: SATA max UDMA/133 abar m1024@0xf2b80000 port 0xf2b80180 irq 47 lpm-pol 3
2026-07-21T10:11:40.722585+02:00 HOST-REDACTED-A kernel: ata9: SATA max UDMA/133 abar m1024@0xf2b80000 port 0xf2b80200 irq 47 lpm-pol 3
2026-07-21T10:11:40.722588+02:00 HOST-REDACTED-A kernel: ata10: SATA max UDMA/133 abar m1024@0xf2b80000 port 0xf2b80280 irq 47 lpm-pol 3
2026-07-21T10:11:40.722591+02:00 HOST-REDACTED-A kernel: ata11: DUMMY
2026-07-21T10:11:40.722594+02:00 HOST-REDACTED-A kernel: ata12: DUMMY
2026-07-21T10:11:40.722631+02:00 HOST-REDACTED-A kernel: xhci_hcd 0000:0f:00.0: xHCI Host Controller
2026-07-21T10:11:40.722668+02:00 HOST-REDACTED-A kernel: xhci_hcd 0000:0f:00.0: new USB bus registered, assigned bus number 1
2026-07-21T10:11:40.722672+02:00 HOST-REDACTED-A kernel: Freeing initrd memory: 19868K
2026-07-21T10:11:40.722709+02:00 HOST-REDACTED-A kernel: xhci_hcd 0000:0f:00.0: hcc params 0x0200ef81 hci version 0x110 quirks 0x0000000000000010
2026-07-21T10:11:40.722745+02:00 HOST-REDACTED-A kernel: xhci_hcd 0000:0f:00.0: xHCI Host Controller
2026-07-21T10:11:40.722783+02:00 HOST-REDACTED-A kernel: xhci_hcd 0000:0f:00.0: new USB bus registered, assigned bus number 2
2026-07-21T10:11:40.722820+02:00 HOST-REDACTED-A kernel: xhci_hcd 0000:0f:00.0: Host supports USB 3.2 Enhanced SuperSpeed
2026-07-21T10:11:40.722857+02:00 HOST-REDACTED-A kernel: usb usb1: New USB device found, idVendor=1d6b, idProduct=0002, bcdDevice= 6.16
2026-07-21T10:11:40.722888+02:00 HOST-REDACTED-A kernel: usb usb1: New USB device strings: Mfr=3, Product=2, SerialNumber=1
2026-07-21T10:11:40.722919+02:00 HOST-REDACTED-A kernel: usb usb1: Product: xHCI Host Controller
2026-07-21T10:11:40.722949+02:00 HOST-REDACTED-A kernel: usb usb1: Manufacturer: Linux 6.16.12-drmexec7-valve24.3-1-neptune-616-drm-exec-g8d2e43681431 xhci-hcd
2026-07-21T10:11:40.722979+02:00 HOST-REDACTED-A kernel: usb usb1: device_identifier: SERIAL-REDACTED-USB
2026-07-21T10:11:40.723021+02:00 HOST-REDACTED-A kernel: hub 1-0:1.0: USB hub found
2026-07-21T10:11:40.723060+02:00 HOST-REDACTED-A kernel: hub 1-0:1.0: 12 ports detected
2026-07-21T10:11:40.723100+02:00 HOST-REDACTED-A kernel: usb usb2: We don't know the algorithms for LPM for this host, disabling LPM.
2026-07-21T10:11:40.723131+02:00 HOST-REDACTED-A kernel: usb usb2: New USB device found, idVendor=1d6b, idProduct=0003, bcdDevice= 6.16
2026-07-21T10:11:40.723160+02:00 HOST-REDACTED-A kernel: usb usb2: New USB device strings: Mfr=3, Product=2, SerialNumber=1
2026-07-21T10:11:40.723189+02:00 HOST-REDACTED-A kernel: usb usb2: Product: xHCI Host Controller
2026-07-21T10:11:40.723218+02:00 HOST-REDACTED-A kernel: usb usb2: Manufacturer: Linux 6.16.12-drmexec7-valve24.3-1-neptune-616-drm-exec-g8d2e43681431 xhci-hcd
2026-07-21T10:11:40.723247+02:00 HOST-REDACTED-A kernel: usb usb2: device_identifier: SERIAL-REDACTED-USB
2026-07-21T10:11:40.723287+02:00 HOST-REDACTED-A kernel: hub 2-0:1.0: USB hub found
2026-07-21T10:11:40.723327+02:00 HOST-REDACTED-A kernel: hub 2-0:1.0: 5 ports detected
2026-07-21T10:11:40.723362+02:00 HOST-REDACTED-A kernel: xhci_hcd 0000:11:00.0: xHCI Host Controller
2026-07-21T10:11:40.723398+02:00 HOST-REDACTED-A kernel: xhci_hcd 0000:11:00.0: new USB bus registered, assigned bus number 3
2026-07-21T10:11:40.723434+02:00 HOST-REDACTED-A kernel: xhci_hcd 0000:11:00.0: hcc params 0x0200ef81 hci version 0x110 quirks 0x0000000000000010
2026-07-21T10:11:40.723469+02:00 HOST-REDACTED-A kernel: xhci_hcd 0000:11:00.0: xHCI Host Controller
2026-07-21T10:11:40.723504+02:00 HOST-REDACTED-A kernel: xhci_hcd 0000:11:00.0: new USB bus registered, assigned bus number 4
2026-07-21T10:11:40.723539+02:00 HOST-REDACTED-A kernel: xhci_hcd 0000:11:00.0: Host supports USB 3.2 Enhanced SuperSpeed
2026-07-21T10:11:40.723592+02:00 HOST-REDACTED-A kernel: usb usb3: New USB device found, idVendor=1d6b, idProduct=0002, bcdDevice= 6.16
2026-07-21T10:11:40.723619+02:00 HOST-REDACTED-A kernel: usb usb3: New USB device strings: Mfr=3, Product=2, SerialNumber=1
2026-07-21T10:11:40.723646+02:00 HOST-REDACTED-A kernel: usb usb3: Product: xHCI Host Controller
2026-07-21T10:11:40.723673+02:00 HOST-REDACTED-A kernel: usb usb3: Manufacturer: Linux 6.16.12-drmexec7-valve24.3-1-neptune-616-drm-exec-g8d2e43681431 xhci-hcd
2026-07-21T10:11:40.723701+02:00 HOST-REDACTED-A kernel: usb usb3: device_identifier: SERIAL-REDACTED-USB
2026-07-21T10:11:40.723739+02:00 HOST-REDACTED-A kernel: hub 3-0:1.0: USB hub found
2026-07-21T10:11:40.723776+02:00 HOST-REDACTED-A kernel: hub 3-0:1.0: 12 ports detected
2026-07-21T10:11:40.723814+02:00 HOST-REDACTED-A kernel: usb usb4: We don't know the algorithms for LPM for this host, disabling LPM.
2026-07-21T10:11:40.723843+02:00 HOST-REDACTED-A kernel: usb usb4: New USB device found, idVendor=1d6b, idProduct=0003, bcdDevice= 6.16
2026-07-21T10:11:40.723870+02:00 HOST-REDACTED-A kernel: usb usb4: New USB device strings: Mfr=3, Product=2, SerialNumber=1
2026-07-21T10:11:40.723897+02:00 HOST-REDACTED-A kernel: usb usb4: Product: xHCI Host Controller
2026-07-21T10:11:40.723924+02:00 HOST-REDACTED-A kernel: usb usb4: Manufacturer: Linux 6.16.12-drmexec7-valve24.3-1-neptune-616-drm-exec-g8d2e43681431 xhci-hcd
2026-07-21T10:11:40.723951+02:00 HOST-REDACTED-A kernel: usb usb4: device_identifier: SERIAL-REDACTED-USB
2026-07-21T10:11:40.723989+02:00 HOST-REDACTED-A kernel: hub 4-0:1.0: USB hub found
2026-07-21T10:11:40.724026+02:00 HOST-REDACTED-A kernel: hub 4-0:1.0: 5 ports detected
2026-07-21T10:11:40.724061+02:00 HOST-REDACTED-A kernel: xhci_hcd 0000:79:00.0: xHCI Host Controller
2026-07-21T10:11:40.724097+02:00 HOST-REDACTED-A kernel: xhci_hcd 0000:79:00.0: new USB bus registered, assigned bus number 5
2026-07-21T10:11:40.724132+02:00 HOST-REDACTED-A kernel: xhci_hcd 0000:79:00.0: hcc params 0x0200ef81 hci version 0x120 quirks 0x0000000200000010
2026-07-21T10:11:40.724168+02:00 HOST-REDACTED-A kernel: xhci_hcd 0000:79:00.0: xHCI Host Controller
2026-07-21T10:11:40.724203+02:00 HOST-REDACTED-A kernel: xhci_hcd 0000:79:00.0: new USB bus registered, assigned bus number 6
2026-07-21T10:11:40.724237+02:00 HOST-REDACTED-A kernel: xhci_hcd 0000:79:00.0: Host supports USB 3.2 Enhanced SuperSpeed
2026-07-21T10:11:40.724265+02:00 HOST-REDACTED-A kernel: usb usb5: New USB device found, idVendor=1d6b, idProduct=0002, bcdDevice= 6.16
2026-07-21T10:11:40.724294+02:00 HOST-REDACTED-A kernel: usb usb5: New USB device strings: Mfr=3, Product=2, SerialNumber=1
2026-07-21T10:11:40.724321+02:00 HOST-REDACTED-A kernel: usb usb5: Product: xHCI Host Controller
2026-07-21T10:11:40.724347+02:00 HOST-REDACTED-A kernel: usb usb5: Manufacturer: Linux 6.16.12-drmexec7-valve24.3-1-neptune-616-drm-exec-g8d2e43681431 xhci-hcd
2026-07-21T10:11:40.724374+02:00 HOST-REDACTED-A kernel: usb usb5: device_identifier: SERIAL-REDACTED-USB
2026-07-21T10:11:40.724412+02:00 HOST-REDACTED-A kernel: hub 5-0:1.0: USB hub found
2026-07-21T10:11:40.724450+02:00 HOST-REDACTED-A kernel: hub 5-0:1.0: 2 ports detected
2026-07-21T10:11:40.724488+02:00 HOST-REDACTED-A kernel: usb usb6: We don't know the algorithms for LPM for this host, disabling LPM.
2026-07-21T10:11:40.724516+02:00 HOST-REDACTED-A kernel: usb usb6: New USB device found, idVendor=1d6b, idProduct=0003, bcdDevice= 6.16
2026-07-21T10:11:40.724547+02:00 HOST-REDACTED-A kernel: usb usb6: New USB device strings: Mfr=3, Product=2, SerialNumber=1
2026-07-21T10:11:40.724581+02:00 HOST-REDACTED-A kernel: usb usb6: Product: xHCI Host Controller
2026-07-21T10:11:40.724607+02:00 HOST-REDACTED-A kernel: usb usb6: Manufacturer: Linux 6.16.12-drmexec7-valve24.3-1-neptune-616-drm-exec-g8d2e43681431 xhci-hcd
2026-07-21T10:11:40.724633+02:00 HOST-REDACTED-A kernel: usb usb6: device_identifier: SERIAL-REDACTED-USB
2026-07-21T10:11:40.724672+02:00 HOST-REDACTED-A kernel: hub 6-0:1.0: USB hub found
2026-07-21T10:11:40.724709+02:00 HOST-REDACTED-A kernel: hub 6-0:1.0: 2 ports detected
2026-07-21T10:11:40.724743+02:00 HOST-REDACTED-A kernel: xhci_hcd 0000:7b:00.3: xHCI Host Controller
2026-07-21T10:11:40.724776+02:00 HOST-REDACTED-A kernel: xhci_hcd 0000:7b:00.3: new USB bus registered, assigned bus number 7
2026-07-21T10:11:40.724809+02:00 HOST-REDACTED-A kernel: xhci_hcd 0000:7b:00.3: hcc params 0x0120ffc5 hci version 0x120 quirks 0x0000000200000010
2026-07-21T10:11:40.724842+02:00 HOST-REDACTED-A kernel: xhci_hcd 0000:7b:00.3: xHCI Host Controller
2026-07-21T10:11:40.724878+02:00 HOST-REDACTED-A kernel: xhci_hcd 0000:7b:00.3: new USB bus registered, assigned bus number 8
2026-07-21T10:11:40.724910+02:00 HOST-REDACTED-A kernel: xhci_hcd 0000:7b:00.3: Host supports USB 3.1 Enhanced SuperSpeed
2026-07-21T10:11:40.724937+02:00 HOST-REDACTED-A kernel: usb usb7: New USB device found, idVendor=1d6b, idProduct=0002, bcdDevice= 6.16
2026-07-21T10:11:40.724963+02:00 HOST-REDACTED-A kernel: usb usb7: New USB device strings: Mfr=3, Product=2, SerialNumber=1
2026-07-21T10:11:40.724988+02:00 HOST-REDACTED-A kernel: usb usb7: Product: xHCI Host Controller
2026-07-21T10:11:40.725012+02:00 HOST-REDACTED-A kernel: usb usb7: Manufacturer: Linux 6.16.12-drmexec7-valve24.3-1-neptune-616-drm-exec-g8d2e43681431 xhci-hcd
2026-07-21T10:11:40.725038+02:00 HOST-REDACTED-A kernel: usb usb7: device_identifier: SERIAL-REDACTED-USB
2026-07-21T10:11:40.725073+02:00 HOST-REDACTED-A kernel: hub 7-0:1.0: USB hub found
2026-07-21T10:11:40.725109+02:00 HOST-REDACTED-A kernel: hub 7-0:1.0: 2 ports detected
2026-07-21T10:11:40.725145+02:00 HOST-REDACTED-A kernel: usb usb8: We don't know the algorithms for LPM for this host, disabling LPM.
2026-07-21T10:11:40.725173+02:00 HOST-REDACTED-A kernel: usb usb8: New USB device found, idVendor=1d6b, idProduct=0003, bcdDevice= 6.16
2026-07-21T10:11:40.725198+02:00 HOST-REDACTED-A kernel: usb usb8: New USB device strings: Mfr=3, Product=2, SerialNumber=1
2026-07-21T10:11:40.725224+02:00 HOST-REDACTED-A kernel: usb usb8: Product: xHCI Host Controller
2026-07-21T10:11:40.725249+02:00 HOST-REDACTED-A kernel: usb usb8: Manufacturer: Linux 6.16.12-drmexec7-valve24.3-1-neptune-616-drm-exec-g8d2e43681431 xhci-hcd
2026-07-21T10:11:40.725274+02:00 HOST-REDACTED-A kernel: usb usb8: device_identifier: SERIAL-REDACTED-USB
2026-07-21T10:11:40.725310+02:00 HOST-REDACTED-A kernel: hub 8-0:1.0: USB hub found
2026-07-21T10:11:40.725345+02:00 HOST-REDACTED-A kernel: hub 8-0:1.0: 2 ports detected
2026-07-21T10:11:40.725378+02:00 HOST-REDACTED-A kernel: xhci_hcd 0000:7b:00.4: xHCI Host Controller
2026-07-21T10:11:40.725411+02:00 HOST-REDACTED-A kernel: xhci_hcd 0000:7b:00.4: new USB bus registered, assigned bus number 9
2026-07-21T10:11:40.725445+02:00 HOST-REDACTED-A kernel: xhci_hcd 0000:7b:00.4: hcc params 0x0120ffc5 hci version 0x120 quirks 0x0000000200000010
2026-07-21T10:11:40.725478+02:00 HOST-REDACTED-A kernel: xhci_hcd 0000:7b:00.4: xHCI Host Controller
2026-07-21T10:11:40.725510+02:00 HOST-REDACTED-A kernel: xhci_hcd 0000:7b:00.4: new USB bus registered, assigned bus number 10
2026-07-21T10:11:40.725545+02:00 HOST-REDACTED-A kernel: xhci_hcd 0000:7b:00.4: Host supports USB 3.1 Enhanced SuperSpeed
2026-07-21T10:11:40.725583+02:00 HOST-REDACTED-A kernel: usb usb9: New USB device found, idVendor=1d6b, idProduct=0002, bcdDevice= 6.16
2026-07-21T10:11:40.725611+02:00 HOST-REDACTED-A kernel: usb usb9: New USB device strings: Mfr=3, Product=2, SerialNumber=1
2026-07-21T10:11:40.725638+02:00 HOST-REDACTED-A kernel: usb usb9: Product: xHCI Host Controller
2026-07-21T10:11:40.725663+02:00 HOST-REDACTED-A kernel: usb usb9: Manufacturer: Linux 6.16.12-drmexec7-valve24.3-1-neptune-616-drm-exec-g8d2e43681431 xhci-hcd
2026-07-21T10:11:40.725688+02:00 HOST-REDACTED-A kernel: usb usb9: device_identifier: SERIAL-REDACTED-USB
2026-07-21T10:11:40.725724+02:00 HOST-REDACTED-A kernel: hub 9-0:1.0: USB hub found
2026-07-21T10:11:40.725760+02:00 HOST-REDACTED-A kernel: hub 9-0:1.0: 2 ports detected
2026-07-21T10:11:40.725797+02:00 HOST-REDACTED-A kernel: usb usb10: We don't know the algorithms for LPM for this host, disabling LPM.
2026-07-21T10:11:40.725823+02:00 HOST-REDACTED-A kernel: usb usb10: New USB device found, idVendor=1d6b, idProduct=0003, bcdDevice= 6.16
2026-07-21T10:11:40.725849+02:00 HOST-REDACTED-A kernel: usb usb10: New USB device strings: Mfr=3, Product=2, SerialNumber=1
2026-07-21T10:11:40.725874+02:00 HOST-REDACTED-A kernel: usb usb10: Product: xHCI Host Controller
2026-07-21T10:11:40.725899+02:00 HOST-REDACTED-A kernel: usb usb10: Manufacturer: Linux 6.16.12-drmexec7-valve24.3-1-neptune-616-drm-exec-g8d2e43681431 xhci-hcd
2026-07-21T10:11:40.725924+02:00 HOST-REDACTED-A kernel: usb usb10: device_identifier: SERIAL-REDACTED-USB
2026-07-21T10:11:40.725961+02:00 HOST-REDACTED-A kernel: hub 10-0:1.0: USB hub found
2026-07-21T10:11:40.725997+02:00 HOST-REDACTED-A kernel: hub 10-0:1.0: 2 ports detected
2026-07-21T10:11:40.726030+02:00 HOST-REDACTED-A kernel: xhci_hcd 0000:7c:00.0: xHCI Host Controller
2026-07-21T10:11:40.726063+02:00 HOST-REDACTED-A kernel: xhci_hcd 0000:7c:00.0: new USB bus registered, assigned bus number 11
2026-07-21T10:11:40.726096+02:00 HOST-REDACTED-A kernel: xhci_hcd 0000:7c:00.0: USB3 root hub has no ports
2026-07-21T10:11:40.726129+02:00 HOST-REDACTED-A kernel: xhci_hcd 0000:7c:00.0: hcc params 0x0110ffc5 hci version 0x120 quirks 0x0000000200000010
2026-07-21T10:11:40.726161+02:00 HOST-REDACTED-A kernel: xhci_hcd 0000:7c:00.0: xHCI Host Controller
2026-07-21T10:11:40.726194+02:00 HOST-REDACTED-A kernel: xhci_hcd 0000:7c:00.0: new USB bus registered, assigned bus number 12
2026-07-21T10:11:40.726227+02:00 HOST-REDACTED-A kernel: xhci_hcd 0000:7c:00.0: Host supports USB 3.0 SuperSpeed
2026-07-21T10:11:40.726254+02:00 HOST-REDACTED-A kernel: usb usb11: New USB device found, idVendor=1d6b, idProduct=0002, bcdDevice= 6.16
2026-07-21T10:11:40.726280+02:00 HOST-REDACTED-A kernel: usb usb11: New USB device strings: Mfr=3, Product=2, SerialNumber=1
2026-07-21T10:11:40.726304+02:00 HOST-REDACTED-A kernel: usb usb11: Product: xHCI Host Controller
2026-07-21T10:11:40.726329+02:00 HOST-REDACTED-A kernel: usb usb11: Manufacturer: Linux 6.16.12-drmexec7-valve24.3-1-neptune-616-drm-exec-g8d2e43681431 xhci-hcd
2026-07-21T10:11:40.726354+02:00 HOST-REDACTED-A kernel: usb usb11: device_identifier: SERIAL-REDACTED-USB
2026-07-21T10:11:40.726389+02:00 HOST-REDACTED-A kernel: hub 11-0:1.0: USB hub found
2026-07-21T10:11:40.726425+02:00 HOST-REDACTED-A kernel: hub 11-0:1.0: 1 port detected
2026-07-21T10:11:40.726463+02:00 HOST-REDACTED-A kernel: usb usb12: We don't know the algorithms for LPM for this host, disabling LPM.
2026-07-21T10:11:40.726489+02:00 HOST-REDACTED-A kernel: usb usb12: New USB device found, idVendor=1d6b, idProduct=0003, bcdDevice= 6.16
2026-07-21T10:11:40.726515+02:00 HOST-REDACTED-A kernel: usb usb12: New USB device strings: Mfr=3, Product=2, SerialNumber=1
2026-07-21T10:11:40.726541+02:00 HOST-REDACTED-A kernel: usb usb12: Product: xHCI Host Controller
2026-07-21T10:11:40.726574+02:00 HOST-REDACTED-A kernel: usb usb12: Manufacturer: Linux 6.16.12-drmexec7-valve24.3-1-neptune-616-drm-exec-g8d2e43681431 xhci-hcd
2026-07-21T10:11:40.726599+02:00 HOST-REDACTED-A kernel: usb usb12: device_identifier: SERIAL-REDACTED-USB
2026-07-21T10:11:40.726634+02:00 HOST-REDACTED-A kernel: hub 12-0:1.0: USB hub found
2026-07-21T10:11:40.726670+02:00 HOST-REDACTED-A kernel: hub 12-0:1.0: config failed, hub doesn't have any ports! (err -19)
2026-07-21T10:11:40.726674+02:00 HOST-REDACTED-A kernel: usbcore: registered new interface driver usbserial_generic
2026-07-21T10:11:40.726677+02:00 HOST-REDACTED-A kernel: usbserial: USB Serial support registered for generic
2026-07-21T10:11:40.726680+02:00 HOST-REDACTED-A kernel: i8042: PNP: No PS/2 controller found.
2026-07-21T10:11:40.726711+02:00 HOST-REDACTED-A kernel: rtc_cmos 00:02: RTC can wake from S4
2026-07-21T10:11:40.726742+02:00 HOST-REDACTED-A kernel: rtc_cmos 00:02: registered as rtc0
2026-07-21T10:11:40.726772+02:00 HOST-REDACTED-A kernel: rtc_cmos 00:02: setting system clock to 2026-07-21T08:11:36 UTC (1784621496)
2026-07-21T10:11:40.726802+02:00 HOST-REDACTED-A kernel: rtc_cmos 00:02: alarms up to one month, y3k, 114 bytes nvram
2026-07-21T10:11:40.726805+02:00 HOST-REDACTED-A kernel: efifb: probing for efifb
2026-07-21T10:11:40.726809+02:00 HOST-REDACTED-A kernel: efifb: showing boot graphics
2026-07-21T10:11:40.726812+02:00 HOST-REDACTED-A kernel: efifb: framebuffer at 0xf800000000, using 3072k, total 3072k
2026-07-21T10:11:40.726815+02:00 HOST-REDACTED-A kernel: efifb: mode is 1024x768x32, linelength=4096, pages=1
2026-07-21T10:11:40.726818+02:00 HOST-REDACTED-A kernel: efifb: scrolling: redraw
2026-07-21T10:11:40.726821+02:00 HOST-REDACTED-A kernel: efifb: Truecolor: size=8:8:8:8, shift=24:16:8:0
2026-07-21T10:11:40.726823+02:00 HOST-REDACTED-A kernel: fbcon: Deferring console take-over
2026-07-21T10:11:40.726827+02:00 HOST-REDACTED-A kernel: fb0: EFI VGA frame buffer device
2026-07-21T10:11:40.726830+02:00 HOST-REDACTED-A kernel: hid: raw HID events driver (C) Jiri Kosina
2026-07-21T10:11:40.726833+02:00 HOST-REDACTED-A kernel: usbcore: registered new interface driver usbhid
2026-07-21T10:11:40.726836+02:00 HOST-REDACTED-A kernel: usbhid: USB HID core driver
2026-07-21T10:11:40.726839+02:00 HOST-REDACTED-A kernel: drop_monitor: Initializing network drop monitor service
2026-07-21T10:11:40.726842+02:00 HOST-REDACTED-A kernel: NET: Registered PF_INET6 protocol family
2026-07-21T10:11:40.726845+02:00 HOST-REDACTED-A kernel: Segment Routing with IPv6
2026-07-21T10:11:40.726848+02:00 HOST-REDACTED-A kernel: RPL Segment Routing with IPv6
2026-07-21T10:11:40.726851+02:00 HOST-REDACTED-A kernel: In-situ OAM (IOAM) with IPv6
2026-07-21T10:11:40.726854+02:00 HOST-REDACTED-A kernel: NET: Registered PF_PACKET protocol family
2026-07-21T10:11:40.726857+02:00 HOST-REDACTED-A kernel: x86/amd: Previous system reset reason [0x00080800]: software wrote 0x6 to reset control register 0xCF9
2026-07-21T10:11:40.726860+02:00 HOST-REDACTED-A kernel: microcode: Current revision: 0x0b404035
2026-07-21T10:11:40.726863+02:00 HOST-REDACTED-A kernel: resctrl: L3 allocation detected
2026-07-21T10:11:40.726866+02:00 HOST-REDACTED-A kernel: resctrl: MB allocation detected
2026-07-21T10:11:40.726869+02:00 HOST-REDACTED-A kernel: resctrl: SMBA allocation detected
2026-07-21T10:11:40.726872+02:00 HOST-REDACTED-A kernel: resctrl: L3 monitoring detected
2026-07-21T10:11:40.726875+02:00 HOST-REDACTED-A kernel: IPI shorthand broadcast: enabled
2026-07-21T10:11:40.726878+02:00 HOST-REDACTED-A kernel: sched_clock: Marking stable (585009797, 307872)->(591427834, -6110165)
2026-07-21T10:11:40.726881+02:00 HOST-REDACTED-A kernel: registered taskstats version 1
2026-07-21T10:11:40.726884+02:00 HOST-REDACTED-A kernel: Loading compiled-in X.509 certificates
2026-07-21T10:11:40.726887+02:00 HOST-REDACTED-A kernel: Loaded X.509 cert 'Build time autogenerated kernel key: 5033efa4bf25799fa5b5ccfb059383b0c0d02552'
2026-07-21T10:11:40.726890+02:00 HOST-REDACTED-A kernel: zswap: loaded using pool zstd/zsmalloc
2026-07-21T10:11:40.726893+02:00 HOST-REDACTED-A kernel: Demotion targets for Node 0: null
2026-07-21T10:11:40.726896+02:00 HOST-REDACTED-A kernel: Key type .fscrypt registered
2026-07-21T10:11:40.726899+02:00 HOST-REDACTED-A kernel: Key type fscrypt-provisioning registered
2026-07-21T10:11:40.726902+02:00 HOST-REDACTED-A kernel: Btrfs loaded, zoned=yes, fsverity=yes
2026-07-21T10:11:40.726905+02:00 HOST-REDACTED-A kernel: Key type big_key registered
2026-07-21T10:11:40.726908+02:00 HOST-REDACTED-A kernel: integrity: Loading X.509 certificate: UEFI:db
2026-07-21T10:11:40.726911+02:00 HOST-REDACTED-A kernel: integrity: Loaded X.509 cert 'ASUSTeK MotherBoard SW Key Certificate: CERTIFICATE-FINGERPRINT-REDACTED'
2026-07-21T10:11:40.726914+02:00 HOST-REDACTED-A kernel: integrity: Loading X.509 certificate: UEFI:db
2026-07-21T10:11:40.726917+02:00 HOST-REDACTED-A kernel: integrity: Loaded X.509 cert 'ASUSTeK Notebook SW Key Certificate: CERTIFICATE-FINGERPRINT-REDACTED'
2026-07-21T10:11:40.726920+02:00 HOST-REDACTED-A kernel: integrity: Loading X.509 certificate: UEFI:db
2026-07-21T10:11:40.726923+02:00 HOST-REDACTED-A kernel: integrity: Loaded X.509 cert 'Microsoft Corporation UEFI CA 2011: 13adbf4309bd82709c8cd54f316ed522988a1bd4'
2026-07-21T10:11:40.726926+02:00 HOST-REDACTED-A kernel: integrity: Loading X.509 certificate: UEFI:db
2026-07-21T10:11:40.726929+02:00 HOST-REDACTED-A kernel: integrity: Loaded X.509 cert 'Microsoft Windows Production PCA 2011: a92902398e16c49778cd90f99e4f9ae17c55af53'
2026-07-21T10:11:40.726932+02:00 HOST-REDACTED-A kernel: integrity: Loading X.509 certificate: UEFI:db
2026-07-21T10:11:40.726935+02:00 HOST-REDACTED-A kernel: integrity: Loaded X.509 cert 'Microsoft UEFI CA 2023: 81aa6b3244c935bce0d6628af39827421e32497d'
2026-07-21T10:11:40.726938+02:00 HOST-REDACTED-A kernel: integrity: Loading X.509 certificate: UEFI:db
2026-07-21T10:11:40.726941+02:00 HOST-REDACTED-A kernel: integrity: Loaded X.509 cert 'Microsoft Corporation: Windows UEFI CA 2023: aefc5fbbbe055d8f8daa585473499417ab5a5272'
2026-07-21T10:11:40.726944+02:00 HOST-REDACTED-A kernel: PM:   Magic number: 2:49:170
2026-07-21T10:11:40.726977+02:00 HOST-REDACTED-A kernel: acpi device:33: hash matches
2026-07-21T10:11:40.726981+02:00 HOST-REDACTED-A kernel: RAS: Correctable Errors collector initialized.
2026-07-21T10:11:40.726984+02:00 HOST-REDACTED-A kernel: clk: Disabling unused clocks
2026-07-21T10:11:40.726987+02:00 HOST-REDACTED-A kernel: PM: genpd: Disabling unused power domains
2026-07-21T10:11:40.726990+02:00 HOST-REDACTED-A kernel: ata7: SATA link down (SStatus 0 SControl 300)
2026-07-21T10:11:40.726993+02:00 HOST-REDACTED-A kernel: ata1: SATA link down (SStatus 0 SControl 300)
2026-07-21T10:11:40.727035+02:00 HOST-REDACTED-A kernel: usb 1-2: new high-speed USB device number 2 using xhci_hcd
2026-07-21T10:11:40.727074+02:00 HOST-REDACTED-A kernel: usb 9-2: new full-speed USB device number 2 using xhci_hcd
2026-07-21T10:11:40.727118+02:00 HOST-REDACTED-A kernel: usb 3-4: new high-speed USB device number 2 using xhci_hcd
2026-07-21T10:11:40.727145+02:00 HOST-REDACTED-A kernel: usb 9-2: New USB device found, idVendor=0451, idProduct=2036, bcdDevice= 1.01
2026-07-21T10:11:40.727171+02:00 HOST-REDACTED-A kernel: usb 9-2: New USB device strings: Mfr=0, Product=1, SerialNumber=0
2026-07-21T10:11:40.727197+02:00 HOST-REDACTED-A kernel: usb 9-2: Product: General Purpose USB Hub
2026-07-21T10:11:40.727234+02:00 HOST-REDACTED-A kernel: hub 9-2:1.0: USB hub found
2026-07-21T10:11:40.727271+02:00 HOST-REDACTED-A kernel: hub 9-2:1.0: 3 ports detected
2026-07-21T10:11:40.727302+02:00 HOST-REDACTED-A kernel: usb 1-2: New USB device found, idVendor=19f5, idProduct=6130, bcdDevice= 1.03
2026-07-21T10:11:40.727331+02:00 HOST-REDACTED-A kernel: usb 1-2: New USB device strings: Mfr=1, Product=2, SerialNumber=3
2026-07-21T10:11:40.727361+02:00 HOST-REDACTED-A kernel: usb 1-2: Product: NuPhy BH65
2026-07-21T10:11:40.727390+02:00 HOST-REDACTED-A kernel: usb 1-2: Manufacturer: NuPhy
2026-07-21T10:11:40.727420+02:00 HOST-REDACTED-A kernel: usb 1-2: device_identifier: SERIAL-REDACTED-USB
2026-07-21T10:11:40.727424+02:00 HOST-REDACTED-A kernel: input: NuPhy NuPhy BH65 as /devices/pci0000:00/0000:00:02.1/0000:05:00.0/0000:06:08.0/0000:08:00.0/0000:09:0c.0/0000:0f:00.0/usb1/1-2/1-2:1.0/0003:19F5:6130.0001/input/input2
2026-07-21T10:11:40.727427+02:00 HOST-REDACTED-A kernel: ata2: SATA link down (SStatus 0 SControl 300)
2026-07-21T10:11:40.727457+02:00 HOST-REDACTED-A kernel: usb 3-4: New USB device found, idVendor=174c, idProduct=2074, bcdDevice= 0.01
2026-07-21T10:11:40.727487+02:00 HOST-REDACTED-A kernel: usb 3-4: New USB device strings: Mfr=2, Product=3, SerialNumber=0
2026-07-21T10:11:40.727515+02:00 HOST-REDACTED-A kernel: usb 3-4: Product: ASM107x
2026-07-21T10:11:40.727558+02:00 HOST-REDACTED-A kernel: usb 3-4: Manufacturer: ASUS TEK.
2026-07-21T10:11:40.727603+02:00 HOST-REDACTED-A kernel: hid-generic 0003:19F5:6130.0001: input,hidraw0: USB HID v1.11 Keyboard [NuPhy NuPhy BH65] on usb-0000:0f:00.0-2/input0
2026-07-21T10:11:40.727643+02:00 HOST-REDACTED-A kernel: hub 3-4:1.0: USB hub found
2026-07-21T10:11:40.727647+02:00 HOST-REDACTED-A kernel: input: NuPhy NuPhy BH65 as /devices/pci0000:00/0000:00:02.1/0000:05:00.0/0000:06:08.0/0000:08:00.0/0000:09:0c.0/0000:0f:00.0/usb1/1-2/1-2:1.1/0003:19F5:6130.0002/input/input3
2026-07-21T10:11:40.727689+02:00 HOST-REDACTED-A kernel: hid-generic 0003:19F5:6130.0002: input,hidraw1: USB HID v1.10 Device [NuPhy NuPhy BH65] on usb-0000:0f:00.0-2/input1
2026-07-21T10:11:40.727727+02:00 HOST-REDACTED-A kernel: hub 3-4:1.0: 4 ports detected
2026-07-21T10:11:40.727731+02:00 HOST-REDACTED-A kernel: input: NuPhy NuPhy BH65 Keyboard as /devices/pci0000:00/0000:00:02.1/0000:05:00.0/0000:06:08.0/0000:08:00.0/0000:09:0c.0/0000:0f:00.0/usb1/1-2/1-2:1.2/0003:19F5:6130.0003/input/input4
2026-07-21T10:11:40.727734+02:00 HOST-REDACTED-A kernel: input: NuPhy NuPhy BH65 Mouse as /devices/pci0000:00/0000:00:02.1/0000:05:00.0/0000:06:08.0/0000:08:00.0/0000:09:0c.0/0000:0f:00.0/usb1/1-2/1-2:1.2/0003:19F5:6130.0003/input/input5
2026-07-21T10:11:40.727738+02:00 HOST-REDACTED-A kernel: input: NuPhy NuPhy BH65 Wireless Radio Control as /devices/pci0000:00/0000:00:02.1/0000:05:00.0/0000:06:08.0/0000:08:00.0/0000:09:0c.0/0000:0f:00.0/usb1/1-2/1-2:1.2/0003:19F5:6130.0003/input/input6
2026-07-21T10:11:40.727779+02:00 HOST-REDACTED-A kernel: hid-generic 0003:19F5:6130.0003: input,hidraw2: USB HID v1.10 Keyboard [NuPhy NuPhy BH65] on usb-0000:0f:00.0-2/input2
2026-07-21T10:11:40.727819+02:00 HOST-REDACTED-A kernel: usb 4-4: new SuperSpeed USB device number 2 using xhci_hcd
2026-07-21T10:11:40.727849+02:00 HOST-REDACTED-A kernel: usb 4-4: New USB device found, idVendor=174c, idProduct=3074, bcdDevice= 0.01
2026-07-21T10:11:40.727878+02:00 HOST-REDACTED-A kernel: usb 4-4: New USB device strings: Mfr=2, Product=3, SerialNumber=0
2026-07-21T10:11:40.727906+02:00 HOST-REDACTED-A kernel: usb 4-4: Product: ASM107x
2026-07-21T10:11:40.727936+02:00 HOST-REDACTED-A kernel: usb 4-4: Manufacturer: ASUS TEK.
2026-07-21T10:11:40.727976+02:00 HOST-REDACTED-A kernel: hub 4-4:1.0: USB hub found
2026-07-21T10:11:40.728015+02:00 HOST-REDACTED-A kernel: hub 4-4:1.0: 4 ports detected
2026-07-21T10:11:40.728054+02:00 HOST-REDACTED-A kernel: usb 9-2.2: new full-speed USB device number 3 using xhci_hcd
2026-07-21T10:11:40.728097+02:00 HOST-REDACTED-A kernel: usb 1-9: new high-speed USB device number 3 using xhci_hcd
2026-07-21T10:11:40.728101+02:00 HOST-REDACTED-A kernel: ata3: SATA link down (SStatus 0 SControl 300)
2026-07-21T10:11:40.728141+02:00 HOST-REDACTED-A kernel: usb 3-5: new high-speed USB device number 3 using xhci_hcd
2026-07-21T10:11:40.728171+02:00 HOST-REDACTED-A kernel: usb 9-2.2: New USB device found, idVendor=1038, idProduct=1290, bcdDevice= 6.00
2026-07-21T10:11:40.728199+02:00 HOST-REDACTED-A kernel: usb 9-2.2: New USB device strings: Mfr=1, Product=2, SerialNumber=0
2026-07-21T10:11:40.728226+02:00 HOST-REDACTED-A kernel: usb 9-2.2: Product: Arctis Pro Wireless
2026-07-21T10:11:40.728253+02:00 HOST-REDACTED-A kernel: usb 9-2.2: Manufacturer: SteelSeries
2026-07-21T10:11:40.728293+02:00 HOST-REDACTED-A kernel: hid-generic 0003:1038:1290.0004: hiddev96,hidraw3: USB HID v1.11 Device [SteelSeries Arctis Pro Wireless] on usb-0000:7b:00.4-2.2/input0
2026-07-21T10:11:40.728297+02:00 HOST-REDACTED-A kernel: tsc: Refined TSC clocksource calibration: 4700.003 MHz
2026-07-21T10:11:40.728300+02:00 HOST-REDACTED-A kernel: clocksource: tsc: mask: 0xffffffffffffffff max_cycles: 0x43bf7082ece, max_idle_ns: 440795447121 ns
2026-07-21T10:11:40.728303+02:00 HOST-REDACTED-A kernel: clocksource: Switched to clocksource tsc
2026-07-21T10:11:40.728343+02:00 HOST-REDACTED-A kernel: hid-generic 0003:1038:1290.0005: hiddev97,hidraw4: USB HID v1.11 Device [SteelSeries Arctis Pro Wireless] on usb-0000:7b:00.4-2.2/input1
2026-07-21T10:11:40.728374+02:00 HOST-REDACTED-A kernel: usb 1-9: New USB device found, idVendor=0489, idProduct=e13a, bcdDevice= 1.00
2026-07-21T10:11:40.728405+02:00 HOST-REDACTED-A kernel: usb 1-9: New USB device strings: Mfr=5, Product=6, SerialNumber=7
2026-07-21T10:11:40.728434+02:00 HOST-REDACTED-A kernel: usb 1-9: Product: Wireless_Device
2026-07-21T10:11:40.728463+02:00 HOST-REDACTED-A kernel: usb 1-9: Manufacturer: MediaTek Inc.
2026-07-21T10:11:40.728493+02:00 HOST-REDACTED-A kernel: usb 1-9: device_identifier: SERIAL-REDACTED-USB
2026-07-21T10:11:40.728532+02:00 HOST-REDACTED-A kernel: usb 9-2.3: new full-speed USB device number 4 using xhci_hcd
2026-07-21T10:11:40.728566+02:00 HOST-REDACTED-A kernel: usb 3-5: New USB device found, idVendor=174c, idProduct=2174, bcdDevice= 0.01
2026-07-21T10:11:40.728594+02:00 HOST-REDACTED-A kernel: usb 3-5: New USB device strings: Mfr=2, Product=3, SerialNumber=0
2026-07-21T10:11:40.728621+02:00 HOST-REDACTED-A kernel: usb 3-5: Product: ASMT2307
2026-07-21T10:11:40.728649+02:00 HOST-REDACTED-A kernel: usb 3-5: Manufacturer: ASMT
2026-07-21T10:11:40.728687+02:00 HOST-REDACTED-A kernel: hub 3-5:1.0: USB hub found
2026-07-21T10:11:40.728725+02:00 HOST-REDACTED-A kernel: hub 3-5:1.0: 4 ports detected
2026-07-21T10:11:40.728753+02:00 HOST-REDACTED-A kernel: usb 9-2.3: New USB device found, idVendor=1038, idProduct=1294, bcdDevice= 1.12
2026-07-21T10:11:40.728780+02:00 HOST-REDACTED-A kernel: usb 9-2.3: New USB device strings: Mfr=4, Product=5, SerialNumber=0
2026-07-21T10:11:40.728810+02:00 HOST-REDACTED-A kernel: usb 9-2.3: Product: Arctis Pro Wireless
2026-07-21T10:11:40.728837+02:00 HOST-REDACTED-A kernel: usb 9-2.3: Manufacturer: SteelSeries 
2026-07-21T10:11:40.728841+02:00 HOST-REDACTED-A kernel: ata4: SATA link down (SStatus 0 SControl 300)
2026-07-21T10:11:40.728879+02:00 HOST-REDACTED-A kernel: usb 4-5: new SuperSpeed Plus Gen 2x1 USB device number 3 using xhci_hcd
2026-07-21T10:11:40.728884+02:00 HOST-REDACTED-A kernel: input: SteelSeries  Arctis Pro Wireless Consumer Control as /devices/pci0000:00/0000:00:08.1/0000:7b:00.4/usb9/9-2/9-2.3/9-2.3:1.5/0003:1038:1294.0006/input/input7
2026-07-21T10:11:40.728912+02:00 HOST-REDACTED-A kernel: usb 4-5: New USB device found, idVendor=174c, idProduct=3174, bcdDevice= 0.01
2026-07-21T10:11:40.728940+02:00 HOST-REDACTED-A kernel: usb 4-5: New USB device strings: Mfr=2, Product=3, SerialNumber=0
2026-07-21T10:11:40.728968+02:00 HOST-REDACTED-A kernel: usb 4-5: Product: ASMT2307
2026-07-21T10:11:40.728996+02:00 HOST-REDACTED-A kernel: usb 4-5: Manufacturer: ASMT
2026-07-21T10:11:40.729034+02:00 HOST-REDACTED-A kernel: hub 4-5:1.0: USB hub found
2026-07-21T10:11:40.729071+02:00 HOST-REDACTED-A kernel: hub 4-5:1.0: 4 ports detected
2026-07-21T10:11:40.729075+02:00 HOST-REDACTED-A kernel: input: SteelSeries  Arctis Pro Wireless as /devices/pci0000:00/0000:00:08.1/0000:7b:00.4/usb9/9-2/9-2.3/9-2.3:1.5/0003:1038:1294.0006/input/input8
2026-07-21T10:11:40.729114+02:00 HOST-REDACTED-A kernel: hid-generic 0003:1038:1294.0006: input,hiddev98,hidraw5: USB HID v1.11 Device [SteelSeries  Arctis Pro Wireless] on usb-0000:7b:00.4-2.3/input5
2026-07-21T10:11:40.729155+02:00 HOST-REDACTED-A kernel: usb 3-6: new high-speed USB device number 4 using xhci_hcd
2026-07-21T10:11:40.729160+02:00 HOST-REDACTED-A kernel: ata8: SATA link down (SStatus 0 SControl 300)
2026-07-21T10:11:40.729200+02:00 HOST-REDACTED-A kernel: usb 3-5.1: new full-speed USB device number 5 using xhci_hcd
2026-07-21T10:11:40.729204+02:00 HOST-REDACTED-A kernel: ata9: SATA link down (SStatus 0 SControl 300)
2026-07-21T10:11:40.729234+02:00 HOST-REDACTED-A kernel: usb 3-5.1: New USB device found, idVendor=046d, idProduct=c539, bcdDevice=39.06
2026-07-21T10:11:40.729264+02:00 HOST-REDACTED-A kernel: usb 3-5.1: New USB device strings: Mfr=1, Product=2, SerialNumber=0
2026-07-21T10:11:40.729292+02:00 HOST-REDACTED-A kernel: usb 3-5.1: Product: USB Receiver
2026-07-21T10:11:40.729321+02:00 HOST-REDACTED-A kernel: usb 3-5.1: Manufacturer: Logitech
2026-07-21T10:11:40.729325+02:00 HOST-REDACTED-A kernel: input: Logitech USB Receiver as /devices/pci0000:00/0000:00:02.1/0000:05:00.0/0000:06:0c.0/0000:11:00.0/usb3/3-5/3-5.1/3-5.1:1.0/0003:046D:C539.0007/input/input9
2026-07-21T10:11:40.729366+02:00 HOST-REDACTED-A kernel: hid-generic 0003:046D:C539.0007: input,hidraw6: USB HID v1.11 Keyboard [Logitech USB Receiver] on usb-0000:11:00.0-5.1/input0
2026-07-21T10:11:40.729370+02:00 HOST-REDACTED-A kernel: ata10: SATA link down (SStatus 0 SControl 300)
2026-07-21T10:11:40.729373+02:00 HOST-REDACTED-A kernel: Freeing unused decrypted memory: 2044K
2026-07-21T10:11:40.729376+02:00 HOST-REDACTED-A kernel: Freeing unused kernel image (initmem) memory: 4272K
2026-07-21T10:11:40.729379+02:00 HOST-REDACTED-A kernel: Write protecting the kernel read-only data: 36864k
2026-07-21T10:11:40.729382+02:00 HOST-REDACTED-A kernel: Freeing unused kernel image (text/rodata gap) memory: 1080K
2026-07-21T10:11:40.729385+02:00 HOST-REDACTED-A kernel: Freeing unused kernel image (rodata/data gap) memory: 880K
2026-07-21T10:11:40.729389+02:00 HOST-REDACTED-A kernel: input: Logitech USB Receiver Mouse as /devices/pci0000:00/0000:00:02.1/0000:05:00.0/0000:06:0c.0/0000:11:00.0/usb3/3-5/3-5.1/3-5.1:1.1/0003:046D:C539.0008/input/input10
2026-07-21T10:11:40.729392+02:00 HOST-REDACTED-A kernel: input: Logitech USB Receiver Consumer Control as /devices/pci0000:00/0000:00:02.1/0000:05:00.0/0000:06:0c.0/0000:11:00.0/usb3/3-5/3-5.1/3-5.1:1.1/0003:046D:C539.0008/input/input11
2026-07-21T10:11:40.729395+02:00 HOST-REDACTED-A kernel: x86/mm: Checked W+X mappings: passed, no W+X pages found.
2026-07-21T10:11:40.729398+02:00 HOST-REDACTED-A kernel: rodata_test: all tests were successful
2026-07-21T10:11:40.729401+02:00 HOST-REDACTED-A kernel: Run /init as init process
2026-07-21T10:11:40.729404+02:00 HOST-REDACTED-A kernel:   with arguments:
2026-07-21T10:11:40.729407+02:00 HOST-REDACTED-A kernel:     /init
2026-07-21T10:11:40.729410+02:00 HOST-REDACTED-A kernel:     splash
2026-07-21T10:11:40.729413+02:00 HOST-REDACTED-A kernel:   with environment:
2026-07-21T10:11:40.729416+02:00 HOST-REDACTED-A kernel:     HOME=/
2026-07-21T10:11:40.729419+02:00 HOST-REDACTED-A kernel:     TERM=linux
2026-07-21T10:11:40.729422+02:00 HOST-REDACTED-A kernel:     BOOT_IMAGE=/boot/vmlinuz-linux-neptune-616-drm-exec
2026-07-21T10:11:40.729424+02:00 HOST-REDACTED-A kernel: fbcon: Taking over console
2026-07-21T10:11:40.729427+02:00 HOST-REDACTED-A kernel: Console: switching consoles 4-6 to frame buffer device
2026-07-21T10:11:40.729431+02:00 HOST-REDACTED-A kernel: input: Logitech USB Receiver System Control as /devices/pci0000:00/0000:00:02.1/0000:05:00.0/0000:06:0c.0/0000:11:00.0/usb3/3-5/3-5.1/3-5.1:1.1/0003:046D:C539.0008/input/input12
2026-07-21T10:11:40.729471+02:00 HOST-REDACTED-A kernel: hid-generic 0003:046D:C539.0008: input,hiddev99,hidraw7: USB HID v1.11 Mouse [Logitech USB Receiver] on usb-0000:11:00.0-5.1/input1
2026-07-21T10:11:40.729512+02:00 HOST-REDACTED-A kernel: hid-generic 0003:046D:C539.0009: hiddev100,hidraw8: USB HID v1.11 Device [Logitech USB Receiver] on usb-0000:11:00.0-5.1/input2
2026-07-21T10:11:40.729516+02:00 HOST-REDACTED-A kernel: Key type psk registered
2026-07-21T10:11:40.729547+02:00 HOST-REDACTED-A kernel: nvme nvme1: pci function 0000:07:00.0
2026-07-21T10:11:40.729576+02:00 HOST-REDACTED-A kernel: nvme nvme2: pci function 0000:0a:00.0
2026-07-21T10:11:40.729602+02:00 HOST-REDACTED-A kernel: nvme nvme0: pci function 0000:04:00.0
2026-07-21T10:11:40.729627+02:00 HOST-REDACTED-A kernel: nvme nvme0: D3 entry latency set to 10 seconds
2026-07-21T10:11:40.729655+02:00 HOST-REDACTED-A kernel: nvme nvme2: D3 entry latency set to 10 seconds
2026-07-21T10:11:40.729678+02:00 HOST-REDACTED-A kernel: nvme nvme0: 15/0/0 default/read/poll queues
2026-07-21T10:11:40.729705+02:00 HOST-REDACTED-A kernel: nvme nvme2: 16/0/0 default/read/poll queues
2026-07-21T10:11:40.729709+02:00 HOST-REDACTED-A kernel:  nvme0n1: p1 p2 p3
2026-07-21T10:11:40.729712+02:00 HOST-REDACTED-A kernel:  nvme2n1: p1 p2 p3 p4 p5 p6 p7 p8
2026-07-21T10:11:40.729736+02:00 HOST-REDACTED-A kernel: nvme nvme1: D3 entry latency set to 10 seconds
2026-07-21T10:11:40.729761+02:00 HOST-REDACTED-A kernel: nvme nvme1: 16/0/0 default/read/poll queues
2026-07-21T10:11:40.729765+02:00 HOST-REDACTED-A kernel:  nvme1n1: p1 p2 p3 p4 p5 p6
2026-07-21T10:11:40.729793+02:00 HOST-REDACTED-A kernel: usb 3-6: New USB device found, idVendor=0b05, idProduct=1b9b, bcdDevice= 0.13
2026-07-21T10:11:40.729822+02:00 HOST-REDACTED-A kernel: usb 3-6: New USB device strings: Mfr=3, Product=1, SerialNumber=0
2026-07-21T10:11:40.729850+02:00 HOST-REDACTED-A kernel: usb 3-6: Product: USB Audio
2026-07-21T10:11:40.729878+02:00 HOST-REDACTED-A kernel: usb 3-6: Manufacturer: Generic
2026-07-21T10:11:40.729918+02:00 HOST-REDACTED-A kernel: hid-generic 0003:0B05:1B9B.000A: hiddev101,hidraw9: USB HID v1.11 Device [Generic USB Audio] on usb-0000:11:00.0-6/input7
2026-07-21T10:11:40.729956+02:00 HOST-REDACTED-A kernel: usb 3-7: new full-speed USB device number 6 using xhci_hcd
2026-07-21T10:11:40.729997+02:00 HOST-REDACTED-A kernel: usb 3-7: config 1 has an invalid interface number: 2 but max is 1
2026-07-21T10:11:40.730036+02:00 HOST-REDACTED-A kernel: usb 3-7: config 1 has no interface number 1
2026-07-21T10:11:40.730065+02:00 HOST-REDACTED-A kernel: usb 3-7: New USB device found, idVendor=0b05, idProduct=1aa6, bcdDevice= 1.00
2026-07-21T10:11:40.730093+02:00 HOST-REDACTED-A kernel: usb 3-7: New USB device strings: Mfr=1, Product=2, SerialNumber=3
2026-07-21T10:11:40.730121+02:00 HOST-REDACTED-A kernel: usb 3-7: Product: AURA LED Controller
2026-07-21T10:11:40.730148+02:00 HOST-REDACTED-A kernel: usb 3-7: Manufacturer: AsusTek Computer Inc.
2026-07-21T10:11:40.730176+02:00 HOST-REDACTED-A kernel: usb 3-7: device_identifier: SERIAL-REDACTED-USB
2026-07-21T10:11:40.730216+02:00 HOST-REDACTED-A kernel: hid-generic 0003:0B05:1AA6.000B: hiddev102,hidraw10: USB HID v1.11 Device [AsusTek Computer Inc. AURA LED Controller] on usb-0000:11:00.0-7/input2
2026-07-21T10:11:40.730220+02:00 HOST-REDACTED-A kernel: BTRFS: device label rootfs devid 1 transid 99 /dev/nvme2n1p4 (259:8) scanned by mount (494)
2026-07-21T10:11:40.730223+02:00 HOST-REDACTED-A kernel: BTRFS info (device nvme2n1p4): first mount of filesystem UUID-REDACTED
2026-07-21T10:11:40.730226+02:00 HOST-REDACTED-A kernel: BTRFS info (device nvme2n1p4): using crc32c (crc32c-x86) checksum algorithm
2026-07-21T10:11:40.730230+02:00 HOST-REDACTED-A kernel: BTRFS info (device nvme2n1p4): enabling ssd optimizations
2026-07-21T10:11:40.730233+02:00 HOST-REDACTED-A kernel: BTRFS info (device nvme2n1p4): turning on async discard
2026-07-21T10:11:40.730236+02:00 HOST-REDACTED-A kernel: BTRFS info (device nvme2n1p4): enabling free space tree
2026-07-21T10:11:40.730239+02:00 HOST-REDACTED-A kernel: EXT4-fs (nvme2n1p6): mounted filesystem UUID-REDACTED r/w with ordered data mode. Quota mode: none.
2026-07-21T10:11:40.730242+02:00 HOST-REDACTED-A kernel: overlayfs: "xino" feature enabled using 2 upper inode bits.
2026-07-21T10:11:40.730246+02:00 HOST-REDACTED-A systemd[1]: systemd 257.7-2.5-arch running in system mode (+PAM +AUDIT -SELINUX -APPARMOR -IMA +IPE +SMACK +SECCOMP +GCRYPT +GNUTLS +OPENSSL +ACL +BLKID +CURL +ELFUTILS +FIDO2 +IDN2 -IDN +IPTC +KMOD +LIBCRYPTSETUP +LIBCRYPTSETUP_PLUGINS +LIBFDISK +PCRE2 +PWQUALITY +P11KIT +QRENCODE +TPM2 +BZIP2 +LZ4 +XZ +ZLIB +ZSTD +BPF_FRAMEWORK +BTF +XKBCOMMON +UTMP -SYSVINIT +LIBARCHIVE)
2026-07-21T10:11:40.730251+02:00 HOST-REDACTED-A systemd[1]: Detected architecture x86-64.
2026-07-21T10:11:40.730254+02:00 HOST-REDACTED-A systemd[1]: Hostname set to <HOST-REDACTED-A>.
2026-07-21T10:11:40.730258+02:00 HOST-REDACTED-A systemd[1]: bpf-restrict-fs: LSM BPF program attached
2026-07-21T10:11:40.730261+02:00 HOST-REDACTED-A kernel: zram: Added device: zram0
2026-07-21T10:11:40.730264+02:00 HOST-REDACTED-A systemd[1]: Condition check resulted in System Slice being skipped.
2026-07-21T10:11:40.730267+02:00 HOST-REDACTED-A systemd[1]: Queued start job for default target Graphical Interface.
2026-07-21T10:11:40.730271+02:00 HOST-REDACTED-A systemd[1]: Created slice Slice /system/dirmngr.
2026-07-21T10:11:40.730274+02:00 HOST-REDACTED-A systemd[1]: Created slice Slice /system/getty.
2026-07-21T10:11:40.730278+02:00 HOST-REDACTED-A systemd[1]: Created slice Slice /system/gpg-agent.
2026-07-21T10:11:40.730281+02:00 HOST-REDACTED-A systemd[1]: Created slice Slice /system/gpg-agent-browser.
2026-07-21T10:11:40.730284+02:00 HOST-REDACTED-A systemd[1]: Created slice Slice /system/gpg-agent-extra.
2026-07-21T10:11:40.730287+02:00 HOST-REDACTED-A systemd[1]: Created slice Slice /system/gpg-agent-ssh.
2026-07-21T10:11:40.730291+02:00 HOST-REDACTED-A systemd[1]: Created slice Slice /system/keyboxd.
2026-07-21T10:11:40.730294+02:00 HOST-REDACTED-A systemd[1]: Created slice Slice /system/modprobe.
2026-07-21T10:11:40.730298+02:00 HOST-REDACTED-A systemd[1]: Created slice Slice /system/systemd-fsck.
2026-07-21T10:11:40.730301+02:00 HOST-REDACTED-A systemd[1]: Created slice Slice /system/systemd-growfs.
2026-07-21T10:11:40.730304+02:00 HOST-REDACTED-A systemd[1]: Created slice Slice /system/systemd-zram-setup.
2026-07-21T10:11:40.730308+02:00 HOST-REDACTED-A systemd[1]: Created slice User and Session Slice.
2026-07-21T10:11:40.730311+02:00 HOST-REDACTED-A systemd[1]: Dispatch Password Requests to Console Directory Watch was skipped because of an unmet condition check (ConditionPathExists=!/run/plymouth/pid).
2026-07-21T10:11:40.730314+02:00 HOST-REDACTED-A systemd[1]: Started Forward Password Requests to Wall Directory Watch.
2026-07-21T10:11:40.730317+02:00 HOST-REDACTED-A systemd[1]: Set up automount Arbitrary Executable File Formats File System Automount Point.
2026-07-21T10:11:40.730321+02:00 HOST-REDACTED-A systemd[1]: Expecting device /dev/disk/by-partsets/self/efi...
2026-07-21T10:11:40.730324+02:00 HOST-REDACTED-A systemd[1]: Expecting device /dev/disk/by-partsets/shared/esp...
2026-07-21T10:11:40.730327+02:00 HOST-REDACTED-A systemd[1]: Expecting device /dev/disk/by-partsets/shared/home...
2026-07-21T10:11:40.730331+02:00 HOST-REDACTED-A systemd[1]: Expecting device /dev/disk/by-uuid/UUID-REDACTED...
2026-07-21T10:11:40.730334+02:00 HOST-REDACTED-A systemd[1]: Expecting device /dev/tpmrm0...
2026-07-21T10:11:40.730337+02:00 HOST-REDACTED-A systemd[1]: Expecting device /dev/zram0...
2026-07-21T10:11:40.730340+02:00 HOST-REDACTED-A systemd[1]: Reached target Local Encrypted Volumes.
2026-07-21T10:11:40.730344+02:00 HOST-REDACTED-A systemd[1]: Reached target Login Prompts.
2026-07-21T10:11:40.730347+02:00 HOST-REDACTED-A systemd[1]: Reached target Local Integrity Protected Volumes.
2026-07-21T10:11:40.730350+02:00 HOST-REDACTED-A systemd[1]: Reached target Path Units.
2026-07-21T10:11:40.730353+02:00 HOST-REDACTED-A systemd[1]: Reached target Remote File Systems.
2026-07-21T10:11:40.730356+02:00 HOST-REDACTED-A systemd[1]: Reached target Slice Units.
2026-07-21T10:11:40.730360+02:00 HOST-REDACTED-A systemd[1]: Reached target Local Verity Protected Volumes.
2026-07-21T10:11:40.730363+02:00 HOST-REDACTED-A systemd[1]: Listening on Device-mapper event daemon FIFOs.
2026-07-21T10:11:40.730366+02:00 HOST-REDACTED-A systemd[1]: Listening on LVM2 poll daemon socket.
2026-07-21T10:11:40.730369+02:00 HOST-REDACTED-A systemd[1]: Listening on Process Core Dump Socket.
2026-07-21T10:11:40.730372+02:00 HOST-REDACTED-A systemd[1]: Listening on Credential Encryption/Decryption.
2026-07-21T10:11:40.730375+02:00 HOST-REDACTED-A systemd[1]: Listening on Journal Socket (/dev/log).
2026-07-21T10:11:40.730379+02:00 HOST-REDACTED-A systemd[1]: Listening on Journal Sockets.
2026-07-21T10:11:40.730382+02:00 HOST-REDACTED-A systemd[1]: Listening on udev Control Socket.
2026-07-21T10:11:40.730385+02:00 HOST-REDACTED-A systemd[1]: Listening on udev Kernel Socket.
2026-07-21T10:11:40.730389+02:00 HOST-REDACTED-A systemd[1]: Listening on User Database Manager Socket.
2026-07-21T10:11:40.730392+02:00 HOST-REDACTED-A systemd[1]: Mounting Huge Pages File System...
2026-07-21T10:11:40.730395+02:00 HOST-REDACTED-A systemd[1]: Mounting POSIX Message Queue File System...
2026-07-21T10:11:40.730398+02:00 HOST-REDACTED-A systemd[1]: Mounting Kernel Debug File System...
2026-07-21T10:11:40.730401+02:00 HOST-REDACTED-A systemd[1]: Mounting Kernel Trace File System...
2026-07-21T10:11:40.730404+02:00 HOST-REDACTED-A systemd[1]: Starting Create List of Static Device Nodes...
2026-07-21T10:11:40.730408+02:00 HOST-REDACTED-A systemd[1]: Starting Monitoring of LVM2 mirrors, snapshots etc. using dmeventd or progress polling...
2026-07-21T10:11:40.730411+02:00 HOST-REDACTED-A systemd[1]: Starting Load Kernel Module configfs...
2026-07-21T10:11:40.730414+02:00 HOST-REDACTED-A systemd[1]: Starting Load Kernel Module dm_mod...
2026-07-21T10:11:40.730417+02:00 HOST-REDACTED-A systemd[1]: Starting Load Kernel Module drm...
2026-07-21T10:11:40.730420+02:00 HOST-REDACTED-A systemd[1]: Starting Load Kernel Module fuse...
2026-07-21T10:11:40.730424+02:00 HOST-REDACTED-A systemd[1]: Starting Load Kernel Module loop...
2026-07-21T10:11:40.730427+02:00 HOST-REDACTED-A systemd[1]: Starting File System Check on Root Device...
2026-07-21T10:11:40.730430+02:00 HOST-REDACTED-A systemd[1]: Clear Stale Hibernate Storage Info was skipped because of an unmet condition check (ConditionPathExists=/sys/firmware/efi/efivars/HibernateLocation-UUID-REDACTED).
2026-07-21T10:11:40.730433+02:00 HOST-REDACTED-A systemd[1]: Starting Journal Service...
2026-07-21T10:11:40.730437+02:00 HOST-REDACTED-A systemd[1]: Starting Load Kernel Modules...
2026-07-21T10:11:40.730440+02:00 HOST-REDACTED-A systemd[1]: Starting Load udev Rules from Credentials...
2026-07-21T10:11:40.730443+02:00 HOST-REDACTED-A systemd[1]: Starting Coldplug All udev Devices...
2026-07-21T10:11:40.730446+02:00 HOST-REDACTED-A systemd[1]: Mounted Huge Pages File System.
2026-07-21T10:11:40.730449+02:00 HOST-REDACTED-A systemd[1]: Mounted POSIX Message Queue File System.
2026-07-21T10:11:40.730452+02:00 HOST-REDACTED-A systemd[1]: Mounted Kernel Debug File System.
2026-07-21T10:11:40.730455+02:00 HOST-REDACTED-A systemd[1]: Mounted Kernel Trace File System.
2026-07-21T10:11:40.730459+02:00 HOST-REDACTED-A systemd[1]: Finished Create List of Static Device Nodes.
2026-07-21T10:11:40.730462+02:00 HOST-REDACTED-A kernel: loop: module loaded
2026-07-21T10:11:40.730465+02:00 HOST-REDACTED-A systemd[1]: modprobe@configfs.service: Deactivated successfully.
2026-07-21T10:11:40.730468+02:00 HOST-REDACTED-A systemd[1]: Finished Load Kernel Module configfs.
2026-07-21T10:11:40.730471+02:00 HOST-REDACTED-A systemd[1]: modprobe@drm.service: Deactivated successfully.
2026-07-21T10:11:40.730474+02:00 HOST-REDACTED-A systemd[1]: Finished Load Kernel Module drm.
2026-07-21T10:11:40.730478+02:00 HOST-REDACTED-A systemd[1]: modprobe@fuse.service: Deactivated successfully.
2026-07-21T10:11:40.730481+02:00 HOST-REDACTED-A systemd[1]: Finished Load Kernel Module fuse.
2026-07-21T10:11:40.730484+02:00 HOST-REDACTED-A systemd[1]: modprobe@loop.service: Deactivated successfully.
2026-07-21T10:11:40.730487+02:00 HOST-REDACTED-A systemd[1]: Finished Load Kernel Module loop.
2026-07-21T10:11:40.730490+02:00 HOST-REDACTED-A systemd[1]: Finished File System Check on Root Device.
2026-07-21T10:11:40.730493+02:00 HOST-REDACTED-A systemd[1]: Mounting FUSE Control File System...
2026-07-21T10:11:40.730497+02:00 HOST-REDACTED-A systemd[1]: Mounting Kernel Configuration File System...
2026-07-21T10:11:40.730500+02:00 HOST-REDACTED-A systemd[1]: Starting Remount Root and Kernel File Systems...
2026-07-21T10:11:40.730503+02:00 HOST-REDACTED-A kernel: device-mapper: uevent: version 1.0.3
2026-07-21T10:11:40.730506+02:00 HOST-REDACTED-A systemd[1]: Starting Create Static Device Nodes in /dev gracefully...
2026-07-21T10:11:40.730509+02:00 HOST-REDACTED-A kernel: device-mapper: ioctl: 4.50.0-ioctl (2025-04-28) initialised: dm-devel@lists.linux.dev
2026-07-21T10:11:40.730512+02:00 HOST-REDACTED-A systemd[1]: Finished Load udev Rules from Credentials.
2026-07-21T10:11:40.730515+02:00 HOST-REDACTED-A systemd[1]: modprobe@dm_mod.service: Deactivated successfully.
2026-07-21T10:11:40.730518+02:00 HOST-REDACTED-A systemd[1]: Finished Load Kernel Module dm_mod.
2026-07-21T10:11:40.730522+02:00 HOST-REDACTED-A systemd[1]: Mounted FUSE Control File System.
2026-07-21T10:11:40.730525+02:00 HOST-REDACTED-A systemd[1]: Mounted Kernel Configuration File System.
2026-07-21T10:11:40.730536+02:00 HOST-REDACTED-A systemd-journald[634]: Collecting audit messages is disabled.
2026-07-21T10:11:40.730553+02:00 HOST-REDACTED-A kernel: i2c_dev: i2c /dev entries driver
2026-07-21T10:11:40.730568+02:00 HOST-REDACTED-A systemd[1]: Finished Remount Root and Kernel File Systems.
2026-07-21T10:11:40.730573+02:00 HOST-REDACTED-A systemd[1]: Rebuild Hardware Database was skipped because of an unmet condition check (ConditionNeedsUpdate=/etc).
2026-07-21T10:11:40.730577+02:00 HOST-REDACTED-A systemd[1]: Starting Load/Save OS Random Seed...
2026-07-21T10:11:40.730580+02:00 HOST-REDACTED-A systemd[1]: Starting User Database Manager...
2026-07-21T10:11:40.730586+02:00 HOST-REDACTED-A systemd[1]: Started User Database Manager.
2026-07-21T10:11:40.730590+02:00 HOST-REDACTED-A kernel: Asymmetric key parser 'pkcs8' registered
2026-07-21T10:11:40.730593+02:00 HOST-REDACTED-A systemd[1]: Finished Load Kernel Modules.
2026-07-21T10:11:40.730596+02:00 HOST-REDACTED-A systemd[1]: Starting Apply Kernel Variables...
2026-07-21T10:11:40.730599+02:00 HOST-REDACTED-A systemd[1]: Finished Load/Save OS Random Seed.
2026-07-21T10:11:40.730603+02:00 HOST-REDACTED-A systemd[1]: Finished Apply Kernel Variables.
2026-07-21T10:11:40.730607+02:00 HOST-REDACTED-A systemd[1]: Finished Create Static Device Nodes in /dev gracefully.
2026-07-21T10:11:40.730610+02:00 HOST-REDACTED-A systemd[1]: Create System Users was skipped because no trigger condition checks were met.
2026-07-21T10:11:40.730613+02:00 HOST-REDACTED-A systemd[1]: Starting Network Name Resolution...
2026-07-21T10:11:40.730616+02:00 HOST-REDACTED-A systemd[1]: Starting Network Time Synchronization...
2026-07-21T10:11:40.730620+02:00 HOST-REDACTED-A systemd[1]: Starting Create Static Device Nodes in /dev...
2026-07-21T10:11:40.730623+02:00 HOST-REDACTED-A systemd[1]: Finished Create Static Device Nodes in /dev.
2026-07-21T10:11:40.730626+02:00 HOST-REDACTED-A systemd[1]: Starting Rule-based Manager for Device Events and Files...
2026-07-21T10:11:40.731548+02:00 HOST-REDACTED-A systemd[1]: Started Journal Service.
2026-07-21T10:11:40.778550+02:00 HOST-REDACTED-A kernel: zram0: detected capacity change from 0 to 63382528
2026-07-21T10:11:40.800537+02:00 HOST-REDACTED-A kernel: ACPI: bus type thunderbolt registered
2026-07-21T10:11:40.801536+02:00 HOST-REDACTED-A kernel: thunderbolt 0000:7a:00.0: enabling device (0000 -> 0002)
2026-07-21T10:11:40.807546+02:00 HOST-REDACTED-A kernel: ACPI: video: Video Device [VGA] (multi-head: yes  rom: no  post: no)
2026-07-21T10:11:40.812535+02:00 HOST-REDACTED-A kernel: input: Video Bus as /devices/LNXSYSTM:00/LNXSYBUS:00/PNP0A08:00/device:20/LNXVIDEO:00/input/input14
2026-07-21T10:11:40.832537+02:00 HOST-REDACTED-A kernel: mlx4_core: Mellanox ConnectX core driver v4.0-0
2026-07-21T10:11:40.832558+02:00 HOST-REDACTED-A kernel: ccp 0000:7b:00.2: enabling device (0000 -> 0002)
2026-07-21T10:11:40.835243+02:00 HOST-REDACTED-A kernel: mlx4_core: Initializing 0000:0e:00.0
2026-07-21T10:11:40.835250+02:00 HOST-REDACTED-A kernel: mlx4_core 0000:0e:00.0: enabling device (0000 -> 0002)
2026-07-21T10:11:40.842138+02:00 HOST-REDACTED-A kernel: piix4_smbus 0000:00:14.0: SMBus Host Controller at 0xb00, revision 0
2026-07-21T10:11:40.844484+02:00 HOST-REDACTED-A kernel: piix4_smbus 0000:00:14.0: Using register 0x02 for SMBus port selection
2026-07-21T10:11:40.844566+02:00 HOST-REDACTED-A kernel: ccp 0000:7b:00.2: tee enabled
2026-07-21T10:11:40.844632+02:00 HOST-REDACTED-A kernel: ccp 0000:7b:00.2: psp enabled
2026-07-21T10:11:40.844692+02:00 HOST-REDACTED-A kernel: i2c i2c-1: Successfully instantiated SPD at 0x51
2026-07-21T10:11:40.846537+02:00 HOST-REDACTED-A kernel: i2c i2c-1: Successfully instantiated SPD at 0x53
2026-07-21T10:11:40.849535+02:00 HOST-REDACTED-A kernel: piix4_smbus 0000:00:14.0: Auxiliary SMBus Host Controller at 0xb20
2026-07-21T10:11:40.856536+02:00 HOST-REDACTED-A kernel: tpm_crb MSFT0101:00: Disabling hwrng
2026-07-21T10:11:40.861546+02:00 HOST-REDACTED-A kernel: sp5100_tco: SP5100/SB800 TCO WatchDog Timer Driver
2026-07-21T10:11:40.861567+02:00 HOST-REDACTED-A kernel: sp5100-tco sp5100-tco: Using 0xfeb00000 for watchdog MMIO address
2026-07-21T10:11:40.862673+02:00 HOST-REDACTED-A kernel: sp5100-tco sp5100-tco: initialized. heartbeat=60 sec (nowayout=0)
2026-07-21T10:11:40.867537+02:00 HOST-REDACTED-A kernel: input: PC Speaker as /devices/platform/pcspkr/input/input15
2026-07-21T10:11:40.869536+02:00 HOST-REDACTED-A kernel: RAPL PMU: API unit is 2^-32 Joules, 2 fixed counters, 163840 ms ovfl timer
2026-07-21T10:11:40.869550+02:00 HOST-REDACTED-A kernel: RAPL PMU: hw unit of domain package 2^-16 Joules
2026-07-21T10:11:40.869554+02:00 HOST-REDACTED-A kernel: RAPL PMU: hw unit of domain core 2^-16 Joules
2026-07-21T10:11:40.872545+02:00 HOST-REDACTED-A kernel: r8169 0000:0c:00.0 eth0: RTL8126A, MAC-REDACTED, XID 64a, IRQ 168
2026-07-21T10:11:40.872627+02:00 HOST-REDACTED-A kernel: r8169 0000:0c:00.0 eth0: jumbo features [frames: 16362 bytes, tx checksumming: ko]
2026-07-21T10:11:40.883536+02:00 HOST-REDACTED-A kernel: snd_hda_intel 0000:03:00.1: enabling device (0000 -> 0002)
2026-07-21T10:11:40.883627+02:00 HOST-REDACTED-A kernel: snd_hda_intel 0000:03:00.1: Handle vga_switcheroo audio client
2026-07-21T10:11:40.883693+02:00 HOST-REDACTED-A kernel: snd_hda_intel 0000:03:00.1: Force to non-snoop mode
2026-07-21T10:11:40.885536+02:00 HOST-REDACTED-A kernel: snd_hda_intel 0000:7b:00.1: enabling device (0000 -> 0002)
2026-07-21T10:11:40.885635+02:00 HOST-REDACTED-A kernel: snd_hda_intel 0000:7b:00.1: Handle vga_switcheroo audio client
2026-07-21T10:11:40.907548+02:00 HOST-REDACTED-A kernel: input: HD-Audio Generic HDMI/DP,pcm=3 as /devices/pci0000:00/0000:00:08.1/0000:7b:00.1/sound/card1/input16
2026-07-21T10:11:40.907606+02:00 HOST-REDACTED-A kernel: input: HD-Audio Generic HDMI/DP,pcm=7 as /devices/pci0000:00/0000:00:08.1/0000:7b:00.1/sound/card1/input17
2026-07-21T10:11:40.907615+02:00 HOST-REDACTED-A kernel: input: HD-Audio Generic HDMI/DP,pcm=8 as /devices/pci0000:00/0000:00:08.1/0000:7b:00.1/sound/card1/input18
2026-07-21T10:11:40.908576+02:00 HOST-REDACTED-A kernel: input: HDA ATI HDMI HDMI/DP,pcm=3 as /devices/pci0000:00/0000:00:01.1/0000:01:00.0/0000:02:00.0/0000:03:00.1/sound/card0/input19
2026-07-21T10:11:40.908593+02:00 HOST-REDACTED-A kernel: input: HDA ATI HDMI HDMI/DP,pcm=7 as /devices/pci0000:00/0000:00:01.1/0000:01:00.0/0000:02:00.0/0000:03:00.1/sound/card0/input20
2026-07-21T10:11:40.908599+02:00 HOST-REDACTED-A kernel: input: HDA ATI HDMI HDMI/DP,pcm=8 as /devices/pci0000:00/0000:00:01.1/0000:01:00.0/0000:02:00.0/0000:03:00.1/sound/card0/input21
2026-07-21T10:11:40.908605+02:00 HOST-REDACTED-A kernel: input: HDA ATI HDMI HDMI/DP,pcm=9 as /devices/pci0000:00/0000:00:01.1/0000:01:00.0/0000:02:00.0/0000:03:00.1/sound/card0/input22
2026-07-21T10:11:40.922643+02:00 HOST-REDACTED-A kernel: r8169 0000:0c:00.0 enp12s0: renamed from eth0
2026-07-21T10:11:40.948613+02:00 HOST-REDACTED-A kernel: spd5118 1-0051: DDR5 temperature sensor: vendor 0x06:0x32 revision 1.6
2026-07-21T10:11:40.949535+02:00 HOST-REDACTED-A kernel: kvm_amd: TSC scaling supported
2026-07-21T10:11:40.949541+02:00 HOST-REDACTED-A kernel: kvm_amd: Nested Virtualization enabled
2026-07-21T10:11:40.949545+02:00 HOST-REDACTED-A kernel: kvm_amd: Nested Paging enabled
2026-07-21T10:11:40.949548+02:00 HOST-REDACTED-A kernel: kvm_amd: LBR virtualization supported
2026-07-21T10:11:40.949552+02:00 HOST-REDACTED-A kernel: kvm_amd: Virtual VMLOAD VMSAVE supported
2026-07-21T10:11:40.949556+02:00 HOST-REDACTED-A kernel: kvm_amd: Virtual GIF supported
2026-07-21T10:11:40.949559+02:00 HOST-REDACTED-A kernel: kvm_amd: Virtual NMI enabled
2026-07-21T10:11:40.955536+02:00 HOST-REDACTED-A kernel: spd5118 1-0053: DDR5 temperature sensor: vendor 0x06:0x32 revision 1.6
2026-07-21T10:11:41.040537+02:00 HOST-REDACTED-A kernel: Adding 31691260k swap on /dev/zram0.  Priority:100 extents:1 across:31691260k SSDsc
2026-07-21T10:11:41.690537+02:00 HOST-REDACTED-A kernel: asus_wmi: ASUS WMI generic driver loaded
2026-07-21T10:11:41.694548+02:00 HOST-REDACTED-A kernel: [drm] amdgpu kernel modesetting enabled.
2026-07-21T10:11:41.694556+02:00 HOST-REDACTED-A kernel: amdgpu: vga_switcheroo: detected switching method \_SB_.PCI0.GP17.VGA_.ATPX handle
2026-07-21T10:11:41.694561+02:00 HOST-REDACTED-A kernel: amdgpu: ATPX version 1, functions 0x00000000
2026-07-21T10:11:41.695548+02:00 HOST-REDACTED-A kernel: asus_wmi: failed to register LPS0 sleep handler in asus-wmi
2026-07-21T10:11:41.696535+02:00 HOST-REDACTED-A kernel: asus_wmi: Initialization: 0x0
2026-07-21T10:11:41.696548+02:00 HOST-REDACTED-A kernel: asus_wmi: BIOS WMI version: 0.0
2026-07-21T10:11:41.696553+02:00 HOST-REDACTED-A kernel: asus_wmi: SFUN value: 0x0
2026-07-21T10:11:41.696559+02:00 HOST-REDACTED-A kernel: eeepc-wmi eeepc-wmi: Detected AsusMbSwInterface, not ASUSWMI, use DSTS
2026-07-21T10:11:41.699548+02:00 HOST-REDACTED-A kernel: input: Eee PC WMI hotkeys as /devices/platform/eeepc-wmi/input/input23
2026-07-21T10:11:41.703536+02:00 HOST-REDACTED-A kernel: amdgpu: Virtual CRAT table created for CPU
2026-07-21T10:11:41.703545+02:00 HOST-REDACTED-A kernel: amdgpu: Topology: Add CPU node
2026-07-21T10:11:41.703551+02:00 HOST-REDACTED-A kernel: amdgpu 0000:03:00.0: enabling device (0006 -> 0007)
2026-07-21T10:11:41.703648+02:00 HOST-REDACTED-A kernel: [drm] initializing kernel modesetting (IP DISCOVERY 0x1002:0x7550 0x1DA2:0xE489 0xC0).
2026-07-21T10:11:41.703654+02:00 HOST-REDACTED-A kernel: [drm] register mmio base: 0xDDE00000
2026-07-21T10:11:41.703659+02:00 HOST-REDACTED-A kernel: [drm] register mmio size: 524288
2026-07-21T10:11:41.707554+02:00 HOST-REDACTED-A kernel: amdgpu 0000:03:00.0: amdgpu: detected ip block number 0 <soc24_common>
2026-07-21T10:11:41.707663+02:00 HOST-REDACTED-A kernel: amdgpu 0000:03:00.0: amdgpu: detected ip block number 1 <gmc_v12_0>
2026-07-21T10:11:41.707737+02:00 HOST-REDACTED-A kernel: amdgpu 0000:03:00.0: amdgpu: detected ip block number 2 <ih_v7_0>
2026-07-21T10:11:41.707806+02:00 HOST-REDACTED-A kernel: amdgpu 0000:03:00.0: amdgpu: detected ip block number 3 <psp>
2026-07-21T10:11:41.707865+02:00 HOST-REDACTED-A kernel: amdgpu 0000:03:00.0: amdgpu: detected ip block number 4 <smu>
2026-07-21T10:11:41.707932+02:00 HOST-REDACTED-A kernel: amdgpu 0000:03:00.0: amdgpu: detected ip block number 5 <dm>
2026-07-21T10:11:41.707999+02:00 HOST-REDACTED-A kernel: amdgpu 0000:03:00.0: amdgpu: detected ip block number 6 <gfx_v12_0>
2026-07-21T10:11:41.708065+02:00 HOST-REDACTED-A kernel: amdgpu 0000:03:00.0: amdgpu: detected ip block number 7 <sdma_v7_0>
2026-07-21T10:11:41.708131+02:00 HOST-REDACTED-A kernel: amdgpu 0000:03:00.0: amdgpu: detected ip block number 8 <vcn_v5_0_0>
2026-07-21T10:11:41.708196+02:00 HOST-REDACTED-A kernel: amdgpu 0000:03:00.0: amdgpu: detected ip block number 9 <jpeg_v5_0_0>
2026-07-21T10:11:41.708260+02:00 HOST-REDACTED-A kernel: amdgpu 0000:03:00.0: amdgpu: detected ip block number 10 <mes_v12_0>
2026-07-21T10:11:41.708324+02:00 HOST-REDACTED-A kernel: amdgpu 0000:03:00.0: amdgpu: Fetched VBIOS from VFCT
2026-07-21T10:11:41.708388+02:00 HOST-REDACTED-A kernel: amdgpu: ATOM BIOS: 113-1E4893U-N8F
2026-07-21T10:11:41.708395+02:00 HOST-REDACTED-A kernel: EXT4-fs (nvme2n1p8): Using encoding defined by superblock: utf8-12.1.0 with flags 0x0
2026-07-21T10:11:41.710547+02:00 HOST-REDACTED-A kernel: mousedev: PS/2 mouse device common for all mice
2026-07-21T10:11:41.715537+02:00 HOST-REDACTED-A kernel: amd_atl: AMD Address Translation Library initialized
2026-07-21T10:11:41.715549+02:00 HOST-REDACTED-A kernel: intel_rapl_common: Found RAPL domain package
2026-07-21T10:11:41.715553+02:00 HOST-REDACTED-A kernel: intel_rapl_common: Found RAPL domain core
2026-07-21T10:11:41.715557+02:00 HOST-REDACTED-A kernel: Console: switching consoles 4-6 to dummy device
2026-07-21T10:11:41.715561+02:00 HOST-REDACTED-A kernel: amdgpu 0000:03:00.0: vgaarb: deactivate vga console
2026-07-21T10:11:41.715637+02:00 HOST-REDACTED-A kernel: amdgpu 0000:03:00.0: amdgpu: Trusted Memory Zone (TMZ) feature not supported
2026-07-21T10:11:41.715689+02:00 HOST-REDACTED-A kernel: amdgpu 0000:03:00.0: amdgpu: MEM ECC is not presented.
2026-07-21T10:11:41.715740+02:00 HOST-REDACTED-A kernel: amdgpu 0000:03:00.0: amdgpu: SRAM ECC is not presented.
2026-07-21T10:11:41.715785+02:00 HOST-REDACTED-A kernel: [drm] vm size is 262144 GB, 4 levels, block size is 9-bit, fragment size is 9-bit
2026-07-21T10:11:41.715788+02:00 HOST-REDACTED-A kernel: amdgpu 0000:03:00.0: amdgpu: VRAM: 16304M 0x0000008000000000 - 0x00000083FAFFFFFF (16304M used)
2026-07-21T10:11:41.715832+02:00 HOST-REDACTED-A kernel: amdgpu 0000:03:00.0: amdgpu: GART: 512M 0x0000000000000000 - 0x000000001FFFFFFF
2026-07-21T10:11:41.715876+02:00 HOST-REDACTED-A kernel: [drm] Detected VRAM RAM=16304M, BAR=16384M
2026-07-21T10:11:41.715880+02:00 HOST-REDACTED-A kernel: [drm] RAM width 256bits GDDR6
2026-07-21T10:11:41.715883+02:00 HOST-REDACTED-A kernel: [drm] amdgpu: 16304M of VRAM memory ready
2026-07-21T10:11:41.715887+02:00 HOST-REDACTED-A kernel: [drm] amdgpu: 30948M of GTT memory ready.
2026-07-21T10:11:41.715891+02:00 HOST-REDACTED-A kernel: [drm] GART: num cpu pages 131072, num gpu pages 131072
2026-07-21T10:11:41.715895+02:00 HOST-REDACTED-A kernel: amdgpu 0000:03:00.0: amdgpu: PCIE GART of 512M enabled (table at 0x00000083DAB00000).
2026-07-21T10:11:41.715939+02:00 HOST-REDACTED-A kernel: amdgpu 0000:03:00.0: amdgpu: [drm] Loading DMUB firmware via PSP: version=0x0A000601
2026-07-21T10:11:41.716552+02:00 HOST-REDACTED-A kernel: amdgpu 0000:03:00.0: amdgpu: Found VCN firmware Version ENC: 1.11 DEC: 9 VEP: 0 Revision: 1
2026-07-21T10:11:41.717537+02:00 HOST-REDACTED-A kernel: EXT4-fs (nvme2n1p8): mounted filesystem UUID-REDACTED r/w with ordered data mode. Quota mode: none.
2026-07-21T10:11:41.721536+02:00 HOST-REDACTED-A kernel: EXT4-fs (nvme2n1p8): resizing filesystem from 241339569 to 241339569 blocks
2026-07-21T10:11:41.728535+02:00 HOST-REDACTED-A kernel: EXT4-fs (nvme0n1p3): mounted filesystem UUID-REDACTED r/w with ordered data mode. Quota mode: none.
2026-07-21T10:11:41.736545+02:00 HOST-REDACTED-A kernel: mc: Linux media interface: v0.10
2026-07-21T10:11:41.781537+02:00 HOST-REDACTED-A kernel: Bluetooth: Core ver 2.22
2026-07-21T10:11:41.796538+02:00 HOST-REDACTED-A kernel: NET: Registered PF_BLUETOOTH protocol family
2026-07-21T10:11:41.796551+02:00 HOST-REDACTED-A kernel: Bluetooth: HCI device and connection manager initialized
2026-07-21T10:11:41.796557+02:00 HOST-REDACTED-A kernel: Bluetooth: HCI socket layer initialized
2026-07-21T10:11:41.796562+02:00 HOST-REDACTED-A kernel: Bluetooth: L2CAP socket layer initialized
2026-07-21T10:11:41.796570+02:00 HOST-REDACTED-A kernel: Bluetooth: SCO socket layer initialized
2026-07-21T10:11:41.805535+02:00 HOST-REDACTED-A kernel: usbcore: registered new interface driver btusb
2026-07-21T10:11:41.818535+02:00 HOST-REDACTED-A kernel: logitech-djreceiver 0003:046D:C539.0007: hidraw6: USB HID v1.11 Keyboard [Logitech USB Receiver] on usb-0000:11:00.0-5.1/input0
2026-07-21T10:11:41.949539+02:00 HOST-REDACTED-A kernel: logitech-djreceiver 0003:046D:C539.0008: hiddev99,hidraw7: USB HID v1.11 Mouse [Logitech USB Receiver] on usb-0000:11:00.0-5.1/input1
2026-07-21T10:11:41.949638+02:00 HOST-REDACTED-A kernel: amdgpu 0000:03:00.0: amdgpu: RAP: optional rap ta ucode is not available
2026-07-21T10:11:41.949698+02:00 HOST-REDACTED-A kernel: amdgpu 0000:03:00.0: amdgpu: SECUREDISPLAY: optional securedisplay ta ucode is not available
2026-07-21T10:11:41.949746+02:00 HOST-REDACTED-A kernel: amdgpu 0000:03:00.0: amdgpu: smu driver if version = 0x0000002e, smu fw if version = 0x00000032, smu fw program = 0, smu fw version = 0x00684b00 (104.75.0)
2026-07-21T10:11:41.949793+02:00 HOST-REDACTED-A kernel: amdgpu 0000:03:00.0: amdgpu: SMU driver if version not matched
2026-07-21T10:11:41.978540+02:00 HOST-REDACTED-A kernel: amdgpu 0000:03:00.0: amdgpu: SMU is initialized successfully!
2026-07-21T10:11:41.978645+02:00 HOST-REDACTED-A kernel: amdgpu 0000:03:00.0: amdgpu: [drm] Display Core v3.2.334 initialized on DCN 4.0.1
2026-07-21T10:11:41.978730+02:00 HOST-REDACTED-A kernel: amdgpu 0000:03:00.0: amdgpu: [drm] DP-HDMI FRL PCON supported
2026-07-21T10:11:41.983537+02:00 HOST-REDACTED-A kernel: amdgpu 0000:03:00.0: amdgpu: [drm] DMUB hardware initialized: version=0x0A000601
2026-07-21T10:11:42.000544+02:00 HOST-REDACTED-A kernel: logitech-djreceiver 0003:046D:C539.0009: hiddev100,hidraw8: USB HID v1.11 Device [Logitech USB Receiver] on usb-0000:11:00.0-5.1/input2
2026-07-21T10:11:42.016546+02:00 HOST-REDACTED-A kernel: Bluetooth: hci0: Opcode 0x0c03 failed: -16
2026-07-21T10:11:42.059321+02:00 HOST-REDACTED-A kernel: logitech-djreceiver 0003:046D:C539.0009: device of type eQUAD Lightspeed 1 (0x0c) connected on slot 1
2026-07-21T10:11:42.059537+02:00 HOST-REDACTED-A kernel: input: Logitech Wireless Mouse PID:4087 Keyboard as /devices/pci0000:00/0000:00:02.1/0000:05:00.0/0000:06:0c.0/0000:11:00.0/usb3/3-5/3-5.1/3-5.1:1.2/0003:046D:C539.0009/0003:046D:4087.000C/input/input24
2026-07-21T10:11:42.110537+02:00 HOST-REDACTED-A kernel: input: Logitech Wireless Mouse PID:4087 Mouse as /devices/pci0000:00/0000:00:02.1/0000:05:00.0/0000:06:0c.0/0000:11:00.0/usb3/3-5/3-5.1/3-5.1:1.2/0003:046D:C539.0009/0003:046D:4087.000C/input/input25
2026-07-21T10:11:42.110554+02:00 HOST-REDACTED-A kernel: hid-generic 0003:046D:4087.000C: input,hidraw11: USB HID v1.11 Keyboard [Logitech Wireless Mouse PID:4087] on usb-0000:11:00.0-5.1/input2:1
2026-07-21T10:11:42.253554+02:00 HOST-REDACTED-A kernel: input: Logitech G903 LS as /devices/pci0000:00/0000:00:02.1/0000:05:00.0/0000:06:0c.0/0000:11:00.0/usb3/3-5/3-5.1/3-5.1:1.2/0003:046D:C539.0009/0003:046D:4087.000C/input/input29
2026-07-21T10:11:42.288548+02:00 HOST-REDACTED-A kernel: logitech-hidpp-device 0003:046D:4087.000C: input,hidraw11: USB HID v1.11 Keyboard [Logitech G903 LS] on usb-0000:11:00.0-5.1/input2:1
2026-07-21T10:11:42.357538+02:00 HOST-REDACTED-A kernel: amdgpu 0000:03:00.0: [drm] REG_WAIT timeout 1us * 150000 tries - optc401_disable_crtc line:230
2026-07-21T10:11:42.360556+02:00 HOST-REDACTED-A kernel: snd_hda_intel 0000:03:00.1: bound 0000:03:00.0 (ops amdgpu_dm_audio_component_bind_ops [amdgpu])
2026-07-21T10:11:42.360642+02:00 HOST-REDACTED-A kernel: amdgpu 0000:03:00.0: amdgpu: [drm] PSR support 0, DC PSR ver -1, sink PSR ver 0 DPCD caps 0x0 su_y_granularity 0
2026-07-21T10:11:42.532548+02:00 HOST-REDACTED-A kernel: amdgpu 0000:03:00.0: amdgpu: [drm] PSR support 0, DC PSR ver -1, sink PSR ver 0 DPCD caps 0x0 su_y_granularity 0
2026-07-21T10:11:42.532703+02:00 HOST-REDACTED-A kernel: amdgpu 0000:03:00.0: amdgpu: [drm] PSR support 0, DC PSR ver -1, sink PSR ver 0 DPCD caps 0x0 su_y_granularity 0
2026-07-21T10:11:42.532754+02:00 HOST-REDACTED-A kernel: amdgpu 0000:03:00.0: amdgpu: [drm] PSR support 0, DC PSR ver -1, sink PSR ver 0 DPCD caps 0x0 su_y_granularity 0
2026-07-21T10:11:42.532801+02:00 HOST-REDACTED-A kernel: amdgpu 0000:03:00.0: amdgpu: program CP_MES_CNTL : 0x4000000
2026-07-21T10:11:42.532849+02:00 HOST-REDACTED-A kernel: amdgpu 0000:03:00.0: amdgpu: program CP_MES_CNTL : 0xc000000
2026-07-21T10:11:42.532893+02:00 HOST-REDACTED-A kernel: amdgpu 0000:03:00.0: amdgpu: MES FW version must be >= 0x82 to enable LR compute workaround.
2026-07-21T10:11:42.568805+02:00 HOST-REDACTED-A kernel: amdgpu: HMM registered 16304MB device memory
2026-07-21T10:11:42.569544+02:00 HOST-REDACTED-A kernel: kfd kfd: amdgpu: Allocated 3969056 bytes on gart
2026-07-21T10:11:42.569621+02:00 HOST-REDACTED-A kernel: kfd kfd: amdgpu: Total number of KFD nodes to be created: 1
2026-07-21T10:11:42.569647+02:00 HOST-REDACTED-A kernel: amdgpu: Virtual CRAT table created for GPU
2026-07-21T10:11:42.569651+02:00 HOST-REDACTED-A kernel: amdgpu: Topology: Add dGPU node [0x7550:0x1002]
2026-07-21T10:11:42.569655+02:00 HOST-REDACTED-A kernel: kfd kfd: amdgpu: added device 1002:7550
2026-07-21T10:11:42.569682+02:00 HOST-REDACTED-A kernel: amdgpu 0000:03:00.0: amdgpu: SE 4, SH per SE 2, CU per SH 8, active_cu_number 64
2026-07-21T10:11:42.569743+02:00 HOST-REDACTED-A kernel: amdgpu 0000:03:00.0: amdgpu: ring gfx_0.0.0 uses VM inv eng 0 on hub 0
2026-07-21T10:11:42.569790+02:00 HOST-REDACTED-A kernel: amdgpu 0000:03:00.0: amdgpu: ring comp_1.0.0 uses VM inv eng 1 on hub 0
2026-07-21T10:11:42.569834+02:00 HOST-REDACTED-A kernel: amdgpu 0000:03:00.0: amdgpu: ring comp_1.1.0 uses VM inv eng 4 on hub 0
2026-07-21T10:11:42.569878+02:00 HOST-REDACTED-A kernel: amdgpu 0000:03:00.0: amdgpu: ring comp_1.0.1 uses VM inv eng 6 on hub 0
2026-07-21T10:11:42.569923+02:00 HOST-REDACTED-A kernel: amdgpu 0000:03:00.0: amdgpu: ring comp_1.1.1 uses VM inv eng 7 on hub 0
2026-07-21T10:11:42.569967+02:00 HOST-REDACTED-A kernel: amdgpu 0000:03:00.0: amdgpu: ring sdma0 uses VM inv eng 8 on hub 0
2026-07-21T10:11:42.570012+02:00 HOST-REDACTED-A kernel: amdgpu 0000:03:00.0: amdgpu: ring sdma1 uses VM inv eng 9 on hub 0
2026-07-21T10:11:42.570057+02:00 HOST-REDACTED-A kernel: amdgpu 0000:03:00.0: amdgpu: ring vcn_unified_0 uses VM inv eng 0 on hub 8
2026-07-21T10:11:42.570102+02:00 HOST-REDACTED-A kernel: amdgpu 0000:03:00.0: amdgpu: ring jpeg_dec uses VM inv eng 1 on hub 8
2026-07-21T10:11:42.571542+02:00 HOST-REDACTED-A kernel: amdgpu 0000:03:00.0: amdgpu: Using BACO for runtime pm
2026-07-21T10:11:42.571607+02:00 HOST-REDACTED-A kernel: [drm] Initialized amdgpu 3.64.0 for 0000:03:00.0 on minor 0
2026-07-21T10:11:42.580536+02:00 HOST-REDACTED-A kernel: fbcon: amdgpudrmfb (fb0) is primary device
2026-07-21T10:11:42.580545+02:00 HOST-REDACTED-A kernel: Console: switching consoles 4-6 to frame buffer device
2026-07-21T10:11:42.580549+02:00 HOST-REDACTED-A kernel: amdgpu 0000:03:00.0: [drm] fb0: amdgpudrmfb frame buffer device
2026-07-21T10:11:42.601601+02:00 HOST-REDACTED-A kernel: amdgpu 0000:7b:00.0: enabling device (0006 -> 0007)
2026-07-21T10:11:42.601736+02:00 HOST-REDACTED-A kernel: [drm] initializing kernel modesetting (IP DISCOVERY 0x1002:0x13C0 0x1043:0x8877 0xCB).
2026-07-21T10:11:42.601745+02:00 HOST-REDACTED-A kernel: [drm] register mmio base: 0xDDD00000
2026-07-21T10:11:42.601755+02:00 HOST-REDACTED-A kernel: [drm] register mmio size: 524288
2026-07-21T10:11:42.601762+02:00 HOST-REDACTED-A kernel: amdgpu 0000:7b:00.0: amdgpu: detected ip block number 0 <nv_common>
2026-07-21T10:11:42.601853+02:00 HOST-REDACTED-A kernel: amdgpu 0000:7b:00.0: amdgpu: detected ip block number 1 <gmc_v10_0>
2026-07-21T10:11:42.601940+02:00 HOST-REDACTED-A kernel: amdgpu 0000:7b:00.0: amdgpu: detected ip block number 2 <navi10_ih>
2026-07-21T10:11:42.602026+02:00 HOST-REDACTED-A kernel: amdgpu 0000:7b:00.0: amdgpu: detected ip block number 3 <psp>
2026-07-21T10:11:42.602110+02:00 HOST-REDACTED-A kernel: amdgpu 0000:7b:00.0: amdgpu: detected ip block number 4 <smu>
2026-07-21T10:11:42.602192+02:00 HOST-REDACTED-A kernel: amdgpu 0000:7b:00.0: amdgpu: detected ip block number 5 <dm>
2026-07-21T10:11:42.602276+02:00 HOST-REDACTED-A kernel: amdgpu 0000:7b:00.0: amdgpu: detected ip block number 6 <gfx_v10_0>
2026-07-21T10:11:42.602362+02:00 HOST-REDACTED-A kernel: amdgpu 0000:7b:00.0: amdgpu: detected ip block number 7 <sdma_v5_2>
2026-07-21T10:11:42.602447+02:00 HOST-REDACTED-A kernel: amdgpu 0000:7b:00.0: amdgpu: detected ip block number 8 <vcn_v3_0>
2026-07-21T10:11:42.602531+02:00 HOST-REDACTED-A kernel: amdgpu 0000:7b:00.0: amdgpu: detected ip block number 9 <jpeg_v3_0>
2026-07-21T10:11:42.602620+02:00 HOST-REDACTED-A kernel: amdgpu 0000:7b:00.0: amdgpu: Fetched VBIOS from VFCT
2026-07-21T10:11:42.602673+02:00 HOST-REDACTED-A kernel: amdgpu: ATOM BIOS: 102-RAPHAEL-008
2026-07-21T10:11:42.610547+02:00 HOST-REDACTED-A kernel: amdgpu 0000:7b:00.0: amdgpu: Trusted Memory Zone (TMZ) feature disabled as experimental (default)
2026-07-21T10:11:42.610665+02:00 HOST-REDACTED-A kernel: [drm] vm size is 262144 GB, 4 levels, block size is 9-bit, fragment size is 9-bit
2026-07-21T10:11:42.610674+02:00 HOST-REDACTED-A kernel: amdgpu 0000:7b:00.0: amdgpu: VRAM: 2048M 0x000000F400000000 - 0x000000F47FFFFFFF (2048M used)
2026-07-21T10:11:42.610766+02:00 HOST-REDACTED-A kernel: amdgpu 0000:7b:00.0: amdgpu: GART: 1024M 0x0000000000000000 - 0x000000003FFFFFFF
2026-07-21T10:11:42.610854+02:00 HOST-REDACTED-A kernel: [drm] Detected VRAM RAM=2048M, BAR=2048M
2026-07-21T10:11:42.610861+02:00 HOST-REDACTED-A kernel: [drm] RAM width 128bits DDR5
2026-07-21T10:11:42.610868+02:00 HOST-REDACTED-A kernel: [drm] amdgpu: 2048M of VRAM memory ready
2026-07-21T10:11:42.610875+02:00 HOST-REDACTED-A kernel: [drm] amdgpu: 30948M of GTT memory ready.
2026-07-21T10:11:42.610882+02:00 HOST-REDACTED-A kernel: [drm] GART: num cpu pages 262144, num gpu pages 262144
2026-07-21T10:11:42.610890+02:00 HOST-REDACTED-A kernel: [drm] PCIE GART of 1024M enabled (table at 0x000000F47FC00000).
2026-07-21T10:11:42.610897+02:00 HOST-REDACTED-A kernel: amdgpu 0000:7b:00.0: amdgpu: [drm] Loading DMUB firmware via PSP: version=0x05002000
2026-07-21T10:11:42.611547+02:00 HOST-REDACTED-A kernel: [drm] use_doorbell being set to: [false]
2026-07-21T10:11:42.611563+02:00 HOST-REDACTED-A kernel: amdgpu 0000:7b:00.0: amdgpu: Found VCN firmware Version ENC: 1.33 DEC: 4 VEP: 0 Revision: 6
2026-07-21T10:11:42.633548+02:00 HOST-REDACTED-A kernel: amdgpu 0000:7b:00.0: amdgpu: reserve 0xa00000 from 0xf47e000000 for PSP TMR
2026-07-21T10:11:42.692548+02:00 HOST-REDACTED-A kernel: amdgpu 0000:7b:00.0: amdgpu: RAS: optional ras ta ucode is not available
2026-07-21T10:11:42.698534+02:00 HOST-REDACTED-A kernel: amdgpu 0000:7b:00.0: amdgpu: RAP: optional rap ta ucode is not available
2026-07-21T10:11:42.698624+02:00 HOST-REDACTED-A kernel: amdgpu 0000:7b:00.0: amdgpu: SECUREDISPLAY: optional securedisplay ta ucode is not available
2026-07-21T10:11:42.700545+02:00 HOST-REDACTED-A kernel: amdgpu 0000:7b:00.0: amdgpu: SMU is initialized successfully!
2026-07-21T10:11:42.700631+02:00 HOST-REDACTED-A kernel: amdgpu 0000:7b:00.0: amdgpu: [drm] Display Core v3.2.334 initialized on DCN 3.1.5
2026-07-21T10:11:42.700680+02:00 HOST-REDACTED-A kernel: amdgpu 0000:7b:00.0: amdgpu: [drm] DP-HDMI FRL PCON supported
2026-07-21T10:11:42.701545+02:00 HOST-REDACTED-A kernel: amdgpu 0000:7b:00.0: amdgpu: [drm] DMUB hardware initialized: version=0x05002000
2026-07-21T10:11:42.703539+02:00 HOST-REDACTED-A kernel: snd_hda_intel 0000:7b:00.1: bound 0000:7b:00.0 (ops amdgpu_dm_audio_component_bind_ops [amdgpu])
2026-07-21T10:11:42.703604+02:00 HOST-REDACTED-A kernel: amdgpu 0000:7b:00.0: amdgpu: [drm] PSR support 0, DC PSR ver -1, sink PSR ver 0 DPCD caps 0x0 su_y_granularity 0
2026-07-21T10:11:42.703651+02:00 HOST-REDACTED-A kernel: amdgpu 0000:7b:00.0: amdgpu: [drm] PSR support 0, DC PSR ver -1, sink PSR ver 0 DPCD caps 0x0 su_y_granularity 0
2026-07-21T10:11:42.703696+02:00 HOST-REDACTED-A kernel: amdgpu 0000:7b:00.0: amdgpu: [drm] PSR support 0, DC PSR ver -1, sink PSR ver 0 DPCD caps 0x0 su_y_granularity 0
2026-07-21T10:11:42.703738+02:00 HOST-REDACTED-A kernel: [drm] kiq ring mec 2 pipe 1 q 0
2026-07-21T10:11:42.706535+02:00 HOST-REDACTED-A kernel: kfd kfd: amdgpu: Allocated 3969056 bytes on gart
2026-07-21T10:11:42.706573+02:00 HOST-REDACTED-A kernel: kfd kfd: amdgpu: Total number of KFD nodes to be created: 1
2026-07-21T10:11:42.706596+02:00 HOST-REDACTED-A kernel: amdgpu: Virtual CRAT table created for GPU
2026-07-21T10:11:42.707545+02:00 HOST-REDACTED-A kernel: amdgpu: Topology: Add dGPU node [0x13c0:0x1002]
2026-07-21T10:11:42.707565+02:00 HOST-REDACTED-A kernel: kfd kfd: amdgpu: added device 1002:13c0
2026-07-21T10:11:42.707624+02:00 HOST-REDACTED-A kernel: amdgpu 0000:7b:00.0: amdgpu: SE 1, SH per SE 1, CU per SH 2, active_cu_number 2
2026-07-21T10:11:42.707680+02:00 HOST-REDACTED-A kernel: amdgpu 0000:7b:00.0: amdgpu: ring gfx_0.0.0 uses VM inv eng 0 on hub 0
2026-07-21T10:11:42.707726+02:00 HOST-REDACTED-A kernel: amdgpu 0000:7b:00.0: amdgpu: ring gfx_0.1.0 uses VM inv eng 1 on hub 0
2026-07-21T10:11:42.707769+02:00 HOST-REDACTED-A kernel: amdgpu 0000:7b:00.0: amdgpu: ring comp_1.0.0 uses VM inv eng 4 on hub 0
2026-07-21T10:11:42.707811+02:00 HOST-REDACTED-A kernel: amdgpu 0000:7b:00.0: amdgpu: ring comp_1.1.0 uses VM inv eng 5 on hub 0
2026-07-21T10:11:42.707854+02:00 HOST-REDACTED-A kernel: amdgpu 0000:7b:00.0: amdgpu: ring comp_1.2.0 uses VM inv eng 6 on hub 0
2026-07-21T10:11:42.707896+02:00 HOST-REDACTED-A kernel: amdgpu 0000:7b:00.0: amdgpu: ring comp_1.3.0 uses VM inv eng 7 on hub 0
2026-07-21T10:11:42.707939+02:00 HOST-REDACTED-A kernel: amdgpu 0000:7b:00.0: amdgpu: ring comp_1.0.1 uses VM inv eng 8 on hub 0
2026-07-21T10:11:42.707980+02:00 HOST-REDACTED-A kernel: amdgpu 0000:7b:00.0: amdgpu: ring comp_1.1.1 uses VM inv eng 9 on hub 0
2026-07-21T10:11:42.708021+02:00 HOST-REDACTED-A kernel: amdgpu 0000:7b:00.0: amdgpu: ring comp_1.2.1 uses VM inv eng 10 on hub 0
2026-07-21T10:11:42.708062+02:00 HOST-REDACTED-A kernel: amdgpu 0000:7b:00.0: amdgpu: ring comp_1.3.1 uses VM inv eng 11 on hub 0
2026-07-21T10:11:42.708102+02:00 HOST-REDACTED-A kernel: amdgpu 0000:7b:00.0: amdgpu: ring kiq_0.2.1.0 uses VM inv eng 12 on hub 0
2026-07-21T10:11:42.708143+02:00 HOST-REDACTED-A kernel: amdgpu 0000:7b:00.0: amdgpu: ring sdma0 uses VM inv eng 13 on hub 0
2026-07-21T10:11:42.708184+02:00 HOST-REDACTED-A kernel: amdgpu 0000:7b:00.0: amdgpu: ring vcn_dec_0 uses VM inv eng 0 on hub 8
2026-07-21T10:11:42.708224+02:00 HOST-REDACTED-A kernel: amdgpu 0000:7b:00.0: amdgpu: ring vcn_enc_0.0 uses VM inv eng 1 on hub 8
2026-07-21T10:11:42.708266+02:00 HOST-REDACTED-A kernel: amdgpu 0000:7b:00.0: amdgpu: ring vcn_enc_0.1 uses VM inv eng 4 on hub 8
2026-07-21T10:11:42.708308+02:00 HOST-REDACTED-A kernel: amdgpu 0000:7b:00.0: amdgpu: ring jpeg_dec uses VM inv eng 5 on hub 8
2026-07-21T10:11:42.708350+02:00 HOST-REDACTED-A kernel: amdgpu 0000:7b:00.0: amdgpu: Runtime PM not available
2026-07-21T10:11:42.708391+02:00 HOST-REDACTED-A kernel: [drm] Initialized amdgpu 3.64.0 for 0000:7b:00.0 on minor 1
2026-07-21T10:11:42.710877+02:00 HOST-REDACTED-A kernel: amdgpu 0000:7b:00.0: [drm] Cannot find any crtc or sizes
2026-07-21T10:11:42.710974+02:00 HOST-REDACTED-A kernel: [drm] pre_validate_dsc:1628 MST_DSC dsc precompute is not needed
2026-07-21T10:11:42.751294+02:00 HOST-REDACTED-A systemd-journald[634]: Received client request to flush runtime journal.
2026-07-21T10:11:43.089536+02:00 HOST-REDACTED-A kernel: amdgpu 0000:03:00.0: [drm] REG_WAIT timeout 1us * 150000 tries - optc401_disable_crtc line:230
2026-07-21T10:11:43.252538+02:00 HOST-REDACTED-A unknown: SteamOS System Info: SteamOS
2026-07-21T10:11:43.256654+02:00 HOST-REDACTED-A unknown: SteamOS System Info: Partition:
2026-07-21T10:11:43.256673+02:00 HOST-REDACTED-A unknown: A
2026-07-21T10:11:43.256682+02:00 HOST-REDACTED-A unknown: SteamOS System Info: Hardware identifiers:
2026-07-21T10:11:43.259546+02:00 HOST-REDACTED-A unknown: SteamOS System Info:        board_identifier: SERIAL-REDACTED-1
2026-07-21T10:11:43.260572+02:00 HOST-REDACTED-A unknown: SteamOS System Info:        product_identifier: SERIAL-REDACTED-2
2026-07-21T10:11:43.262535+02:00 HOST-REDACTED-A unknown: SteamOS System Info: Battery:
2026-07-21T10:11:43.262551+02:00 HOST-REDACTED-A unknown: SteamOS System Info:        No battery found!
2026-07-21T10:11:43.262561+02:00 HOST-REDACTED-A unknown: SteamOS System Info: Boot Config:
2026-07-21T10:11:43.263560+02:00 HOST-REDACTED-A kernel: Bluetooth: BNEP (Ethernet Emulation) ver 1.3
2026-07-21T10:11:43.263577+02:00 HOST-REDACTED-A kernel: Bluetooth: BNEP filters: protocol multicast
2026-07-21T10:11:43.263581+02:00 HOST-REDACTED-A kernel: Bluetooth: BNEP socket layer initialized
2026-07-21T10:11:43.267707+02:00 HOST-REDACTED-A unknown: SteamOS System Info:        A       boot-attempts        1
2026-07-21T10:11:43.268569+02:00 HOST-REDACTED-A unknown: SteamOS System Info:        A          boot-count        54
2026-07-21T10:11:43.270548+02:00 HOST-REDACTED-A unknown: SteamOS System Info:        A   boot-requested-at        20260713080309
2026-07-21T10:11:43.271539+02:00 HOST-REDACTED-A kernel: ramoops: using module parameters
2026-07-21T10:11:43.271557+02:00 HOST-REDACTED-A kernel: pstore: Using crash dump compression: deflate
2026-07-21T10:11:43.271571+02:00 HOST-REDACTED-A kernel: pstore: Registered ramoops as persistent store backend
2026-07-21T10:11:43.271577+02:00 HOST-REDACTED-A kernel: ramoops: using 0x500000@0xffde80000, ecc: 0
2026-07-21T10:11:43.272562+02:00 HOST-REDACTED-A unknown: SteamOS System Info:        A           boot-time        20260720065901
2026-07-21T10:11:43.273549+02:00 HOST-REDACTED-A unknown: SteamOS System Info:        A             comment        [2026-07-20 08:59:01 +0200] bootconf mode: boot-ok
2026-07-21T10:11:43.275562+02:00 HOST-REDACTED-A unknown: SteamOS System Info:        A       image-invalid        0
2026-07-21T10:11:43.276541+02:00 HOST-REDACTED-A unknown: SteamOS System Info:        B       boot-attempts        0
2026-07-21T10:11:43.278575+02:00 HOST-REDACTED-A unknown: SteamOS System Info:        B          boot-count        54
2026-07-21T10:11:43.279539+02:00 HOST-REDACTED-A unknown: SteamOS System Info:        B   boot-requested-at        20260721081111
2026-07-21T10:11:43.281551+02:00 HOST-REDACTED-A unknown: SteamOS System Info:        B           boot-time        20260721071323
2026-07-21T10:11:43.283551+02:00 HOST-REDACTED-A unknown: SteamOS System Info:        B             comment        [2026-07-21 10:11:11 +0200] bootconf mode: reboot (other)
2026-07-21T10:11:43.284535+02:00 HOST-REDACTED-A unknown: SteamOS System Info:        B       image-invalid        0
2026-07-21T10:11:43.662549+02:00 HOST-REDACTED-A kernel: Realtek Internal NBASE-T PHY r8169-0-c00:00: attached PHY driver (mii_bus:phy_addr=r8169-0-c00:00, irq=MAC)
2026-07-21T10:11:44.044651+02:00 HOST-REDACTED-A kernel: r8169 0000:0c:00.0 enp12s0: Link is Down
2026-07-21T10:11:44.107547+02:00 HOST-REDACTED-A kernel: cfg80211: Loading compiled-in X.509 certificates for regulatory database
2026-07-21T10:11:44.107566+02:00 HOST-REDACTED-A kernel: Loaded X.509 cert 'sforshee: 00b28ddf47aef9cea7'
2026-07-21T10:11:44.107573+02:00 HOST-REDACTED-A kernel: Loaded X.509 cert 'wens: 61c038651aabdcf94bd0ac7ff06c7248db18c600'
2026-07-21T10:11:44.318537+02:00 HOST-REDACTED-A kernel: input: steamos-manager as /devices/virtual/input/input30
2026-07-21T10:11:44.559538+02:00 HOST-REDACTED-A kernel: /proc/cgroups lists only v1 controllers, use cgroup.controllers of root cgroup for v2 info
2026-07-21T10:11:47.826545+02:00 HOST-REDACTED-A kernel: usbcore: registered new interface driver snd-usb-audio
2026-07-21T10:11:48.423859+02:00 HOST-REDACTED-A kernel: mlx4_core 0000:0e:00.0: DMFS high rate steer mode is: disabled performance optimized steering
2026-07-21T10:11:48.424009+02:00 HOST-REDACTED-A kernel: mlx4_core 0000:0e:00.0: 31.504 Gb/s available PCIe bandwidth (8.0 GT/s PCIe x4 link)
2026-07-21T10:11:48.497545+02:00 HOST-REDACTED-A kernel: pps_core: LinuxPPS API ver. 1 registered
2026-07-21T10:11:48.497564+02:00 HOST-REDACTED-A kernel: pps_core: Software ver. 5.3.6 - Copyright 2005-2007 Rodolfo Giometti <giometti@linux.it>
2026-07-21T10:11:48.499547+02:00 HOST-REDACTED-A kernel: PTP clock support registered
2026-07-21T10:11:48.504536+02:00 HOST-REDACTED-A kernel: mlx4_en: Mellanox ConnectX HCA Ethernet driver v4.0-0
2026-07-21T10:11:48.504544+02:00 HOST-REDACTED-A kernel: mlx4_en 0000:0e:00.0: Activating port:1
2026-07-21T10:11:48.507546+02:00 HOST-REDACTED-A kernel: mlx4_en: 0000:0e:00.0: Port 1: Using 16 TX rings
2026-07-21T10:11:48.507561+02:00 HOST-REDACTED-A kernel: mlx4_en: 0000:0e:00.0: Port 1: Using 16 RX rings
2026-07-21T10:11:48.507568+02:00 HOST-REDACTED-A kernel: mlx4_en: 0000:0e:00.0: Port 1: Initializing port
2026-07-21T10:11:48.508537+02:00 HOST-REDACTED-A kernel: mlx4_en 0000:0e:00.0: registered PHC clock
2026-07-21T10:11:48.512536+02:00 HOST-REDACTED-A kernel: <mlx4_ib> mlx4_ib_probe: mlx4_ib: Mellanox ConnectX InfiniBand driver v4.0-0
2026-07-21T10:11:48.513536+02:00 HOST-REDACTED-A kernel: <mlx4_ib> mlx4_ib_probe: counter index 1 for port 1 allocated 1
2026-07-21T10:11:48.520537+02:00 HOST-REDACTED-A kernel: mlx4_core 0000:0e:00.0 enp14s0: renamed from eth0
2026-07-21T10:11:48.534536+02:00 HOST-REDACTED-A kernel: mlx4_en: enp14s0: Steering Mode 1
2026-07-21T10:11:48.554536+02:00 HOST-REDACTED-A kernel: mlx4_en: enp14s0: Link Down
2026-07-21T10:11:50.970551+02:00 HOST-REDACTED-A kernel: mlx4_en: enp14s0: Link Up
2026-07-21T10:11:51.018554+02:00 HOST-REDACTED-A kernel: mlx4_en: enp14s0: Steering Mode 1
2026-07-21T10:11:51.025549+02:00 HOST-REDACTED-A kernel: mlx4_core 0000:0e:00.0 mlx4_0: Port: 1 Link ACTIVE
2026-07-21T10:11:51.038551+02:00 HOST-REDACTED-A kernel: mlx4_en: enp14s0: Link Down
2026-07-21T10:11:51.075548+02:00 HOST-REDACTED-A kernel: mlx4_core 0000:0e:00.0 mlx4_0: Port: 1 Link DOWN
2026-07-21T10:11:51.075696+02:00 HOST-REDACTED-A kernel: mlx4_en: enp14s0: Link Up
2026-07-21T10:11:57.022547+02:00 HOST-REDACTED-A kernel: nvme nvme0: using unchecked data buffer
2026-07-21T10:11:58.403541+02:00 HOST-REDACTED-A kernel: x86/split lock detection: #DB: CHTTPClientThre/4077 took a bus_lock trap at address: 0xf3c91cb4
2026-07-21T10:17:18.382544+02:00 HOST-REDACTED-A kernel: input: Microsoft X-Box 360 pad 0 as /devices/virtual/input/input31
2026-07-21T11:07:29.236542+02:00 HOST-REDACTED-A kernel: amdgpu 0000:03:00.0: [drm] *ERROR* dpcd_set_link_settings:1117: core_link_write_dpcd (DP_DOWNSPREAD_CTRL) failed
2026-07-21T11:07:29.278537+02:00 HOST-REDACTED-A kernel: amdgpu 0000:03:00.0: [drm] *ERROR* dpcd_set_link_settings:1122: core_link_write_dpcd (DP_LANE_COUNT_SET) failed
2026-07-21T11:07:29.320551+02:00 HOST-REDACTED-A kernel: amdgpu 0000:03:00.0: [drm] *ERROR* dpcd_set_link_settings:1150: core_link_write_dpcd (DP_LINK_BW_SET) failed
2026-07-21T11:07:30.241557+02:00 HOST-REDACTED-A kernel: amdgpu 0000:03:00.0: [drm] *ERROR* dpcd_set_link_settings:1117: core_link_write_dpcd (DP_DOWNSPREAD_CTRL) failed
2026-07-21T11:07:30.283548+02:00 HOST-REDACTED-A kernel: amdgpu 0000:03:00.0: [drm] *ERROR* dpcd_set_link_settings:1122: core_link_write_dpcd (DP_LANE_COUNT_SET) failed
2026-07-21T11:07:30.325560+02:00 HOST-REDACTED-A kernel: amdgpu 0000:03:00.0: [drm] *ERROR* dpcd_set_link_settings:1150: core_link_write_dpcd (DP_LINK_BW_SET) failed
2026-07-21T11:07:31.297549+02:00 HOST-REDACTED-A kernel: amdgpu 0000:03:00.0: [drm] *ERROR* dpcd_set_link_settings:1117: core_link_write_dpcd (DP_DOWNSPREAD_CTRL) failed
2026-07-21T11:07:31.339560+02:00 HOST-REDACTED-A kernel: amdgpu 0000:03:00.0: [drm] *ERROR* dpcd_set_link_settings:1122: core_link_write_dpcd (DP_LANE_COUNT_SET) failed
2026-07-21T11:07:31.381551+02:00 HOST-REDACTED-A kernel: amdgpu 0000:03:00.0: [drm] *ERROR* dpcd_set_link_settings:1150: core_link_write_dpcd (DP_LINK_BW_SET) failed
2026-07-21T11:07:32.401616+02:00 HOST-REDACTED-A kernel: amdgpu 0000:03:00.0: [drm] *ERROR* dpcd_set_link_settings:1117: core_link_write_dpcd (DP_DOWNSPREAD_CTRL) failed
2026-07-21T11:07:32.443562+02:00 HOST-REDACTED-A kernel: amdgpu 0000:03:00.0: [drm] *ERROR* dpcd_set_link_settings:1122: core_link_write_dpcd (DP_LANE_COUNT_SET) failed
2026-07-21T11:07:32.485550+02:00 HOST-REDACTED-A kernel: amdgpu 0000:03:00.0: [drm] *ERROR* dpcd_set_link_settings:1150: core_link_write_dpcd (DP_LINK_BW_SET) failed
2026-07-21T11:07:32.950551+02:00 HOST-REDACTED-A kernel: amdgpu 0000:03:00.0: [drm] enabling link 1 failed: 15
